<?xml version="1.0"?>
<COLLADA xmlns="http://www.collada.org/2005/11/COLLADASchema" version="1.4.1">
	<asset>
		<contributor>
			<author>Assimp</author>
			<authoring_tool>Assimp Exporter</authoring_tool>
		</contributor>
		<created>2023-11-01T11:57:45</created>
		<modified>2023-11-01T11:57:45</modified>
		<unit name="meter" meter="0.010000" />
		<up_axis>Y_UP</up_axis>
	</asset>
	<library_effects>
		<effect id="concrete_barrier-fx" name="concrete_barrier">
			<profile_COMMON>
				<technique sid="standard">
					<lambert>
						<emission>
							<color sid="emission">0.000000   0.000000   0.000000   1.000000</color>
						</emission>
						<ambient>
							<color sid="ambient">0.000000   0.000000   0.000000   1.000000</color>
						</ambient>
						<diffuse>
							<color sid="diffuse">0.000000   0.000000   0.000000   1.000000</color>
						</diffuse>
						<specular>
							<color sid="specular">0.000000   0.000000   0.000000   1.000000</color>
						</specular>
						<shininess>
							<float sid="shininess">0.000000</float>
						</shininess>
						<transparency>
							<float sid="transparency">0.000000</float>
						</transparency>
						<index_of_refraction>
							<float sid="index_of_refraction">0.000000</float>
						</index_of_refraction>
					</lambert>
				</technique>
			</profile_COMMON>
		</effect>
		<effect id="sign-fx" name="sign">
			<profile_COMMON>
				<technique sid="standard">
					<lambert>
						<emission>
							<color sid="emission">0.000000   0.000000   0.000000   1.000000</color>
						</emission>
						<ambient>
							<color sid="ambient">0.000000   0.000000   0.000000   1.000000</color>
						</ambient>
						<diffuse>
							<color sid="diffuse">0.000000   0.000000   0.000000   1.000000</color>
						</diffuse>
						<specular>
							<color sid="specular">0.000000   0.000000   0.000000   1.000000</color>
						</specular>
						<shininess>
							<float sid="shininess">0.000000</float>
						</shininess>
						<transparency>
							<float sid="transparency">0.000000</float>
						</transparency>
						<index_of_refraction>
							<float sid="index_of_refraction">0.000000</float>
						</index_of_refraction>
					</lambert>
				</technique>
			</profile_COMMON>
		</effect>
		<effect id="Metal_Sign-fx" name="Metal_Sign">
			<profile_COMMON>
				<technique sid="standard">
					<lambert>
						<emission>
							<color sid="emission">0.000000   0.000000   0.000000   1.000000</color>
						</emission>
						<ambient>
							<color sid="ambient">0.000000   0.000000   0.000000   1.000000</color>
						</ambient>
						<diffuse>
							<color sid="diffuse">0.000000   0.000000   0.000000   1.000000</color>
						</diffuse>
						<specular>
							<color sid="specular">0.000000   0.000000   0.000000   1.000000</color>
						</specular>
						<shininess>
							<float sid="shininess">0.000000</float>
						</shininess>
						<transparency>
							<float sid="transparency">0.000000</float>
						</transparency>
						<index_of_refraction>
							<float sid="index_of_refraction">0.000000</float>
						</index_of_refraction>
					</lambert>
				</technique>
			</profile_COMMON>
		</effect>
		<effect id="standardSurface9SG-fx" name="standardSurface9SG">
			<profile_COMMON>
				<technique sid="standard">
					<lambert>
						<emission>
							<color sid="emission">0.000000   0.000000   0.000000   1.000000</color>
						</emission>
						<ambient>
							<color sid="ambient">0.000000   0.000000   0.000000   1.000000</color>
						</ambient>
						<diffuse>
							<color sid="diffuse">0.000000   0.000000   0.000000   1.000000</color>
						</diffuse>
						<specular>
							<color sid="specular">0.000000   0.000000   0.000000   1.000000</color>
						</specular>
						<shininess>
							<float sid="shininess">0.000000</float>
						</shininess>
						<transparency>
							<float sid="transparency">0.000000</float>
						</transparency>
						<index_of_refraction>
							<float sid="index_of_refraction">0.000000</float>
						</index_of_refraction>
					</lambert>
				</technique>
			</profile_COMMON>
		</effect>
		<effect id="WoodenSign-fx" name="WoodenSign">
			<profile_COMMON>
				<technique sid="standard">
					<lambert>
						<emission>
							<color sid="emission">0.000000   0.000000   0.000000   1.000000</color>
						</emission>
						<ambient>
							<color sid="ambient">0.000000   0.000000   0.000000   1.000000</color>
						</ambient>
						<diffuse>
							<color sid="diffuse">0.000000   0.000000   0.000000   1.000000</color>
						</diffuse>
						<specular>
							<color sid="specular">0.000000   0.000000   0.000000   1.000000</color>
						</specular>
						<shininess>
							<float sid="shininess">0.000000</float>
						</shininess>
						<transparency>
							<float sid="transparency">0.000000</float>
						</transparency>
						<index_of_refraction>
							<float sid="index_of_refraction">0.000000</float>
						</index_of_refraction>
					</lambert>
				</technique>
			</profile_COMMON>
		</effect>
		<effect id="Large_Cone-fx" name="Large_Cone">
			<profile_COMMON>
				<technique sid="standard">
					<lambert>
						<emission>
							<color sid="emission">0.000000   0.000000   0.000000   1.000000</color>
						</emission>
						<ambient>
							<color sid="ambient">0.000000   0.000000   0.000000   1.000000</color>
						</ambient>
						<diffuse>
							<color sid="diffuse">0.000000   0.000000   0.000000   1.000000</color>
						</diffuse>
						<specular>
							<color sid="specular">0.000000   0.000000   0.000000   1.000000</color>
						</specular>
						<shininess>
							<float sid="shininess">0.000000</float>
						</shininess>
						<transparency>
							<float sid="transparency">0.000000</float>
						</transparency>
						<index_of_refraction>
							<float sid="index_of_refraction">0.000000</float>
						</index_of_refraction>
					</lambert>
				</technique>
			</profile_COMMON>
		</effect>
		<effect id="Small_Cone-fx" name="Small_Cone">
			<profile_COMMON>
				<technique sid="standard">
					<lambert>
						<emission>
							<color sid="emission">0.000000   0.000000   0.000000   1.000000</color>
						</emission>
						<ambient>
							<color sid="ambient">0.000000   0.000000   0.000000   1.000000</color>
						</ambient>
						<diffuse>
							<color sid="diffuse">0.000000   0.000000   0.000000   1.000000</color>
						</diffuse>
						<specular>
							<color sid="specular">0.000000   0.000000   0.000000   1.000000</color>
						</specular>
						<shininess>
							<float sid="shininess">0.000000</float>
						</shininess>
						<transparency>
							<float sid="transparency">0.000000</float>
						</transparency>
						<index_of_refraction>
							<float sid="index_of_refraction">0.000000</float>
						</index_of_refraction>
					</lambert>
				</technique>
			</profile_COMMON>
		</effect>
	</library_effects>
	<library_materials>
		<material id="concrete_barrier" name="concrete_barrier">
			<instance_effect url="#concrete_barrier-fx"/>
		</material>
		<material id="sign" name="sign">
			<instance_effect url="#sign-fx"/>
		</material>
		<material id="Metal_Sign" name="Metal_Sign">
			<instance_effect url="#Metal_Sign-fx"/>
		</material>
		<material id="standardSurface9SG" name="standardSurface9SG">
			<instance_effect url="#standardSurface9SG-fx"/>
		</material>
		<material id="WoodenSign" name="WoodenSign">
			<instance_effect url="#WoodenSign-fx"/>
		</material>
		<material id="Large_Cone" name="Large_Cone">
			<instance_effect url="#Large_Cone-fx"/>
		</material>
		<material id="Small_Cone" name="Small_Cone">
			<instance_effect url="#Small_Cone-fx"/>
		</material>
	</library_materials>
	<library_geometries>
		<geometry id="meshId0" name="meshId0_name" >
			<mesh>
				<source id="meshId0-positions" name="meshId0-positions">
					<float_array id="meshId0-positions-array" count="834"> 
						-24.659424 0.000000 15.196331 -24.659424 0.000000 13.937756 -22.944977 0.000000 13.937756 -22.746304 0.000000 15.196331 -22.746304 0.780052 15.196331 -22.648048 2.025713 14.746752 -24.536610 2.025713 14.746752 -24.659424 0.780052 15.196331 -5.651009 2.025713 14.746752 -5.528193 0.780052 15.196331 -5.528193 0.780052 13.937756 -5.651009 2.025713 13.802882 -22.648048 2.025713 12.049983 -22.746304 0.780052 11.600400 -24.659424 0.780052 11.600400 -24.536610 2.025713 12.049983 -24.659424 0.780052 15.196331 -24.536610 2.025713 14.746752 -24.536610 2.025713 13.802882 -24.659424 0.780052 13.937756 -5.528193 0.000000 15.196331 -5.528193 0.000000 13.937756 -5.528193 0.780052 13.937756 -5.528193 0.780052 15.196331 -22.115215 6.024502 14.494455 -22.115215 6.024502 13.727194 -23.870564 6.024502 13.727194 -23.870564 6.024502 14.494455 -24.659424 0.780052 15.196331 -24.659424 0.780052 13.937756 -24.659424 0.000000 13.937756 -24.659424 0.000000 15.196331 -22.746304 0.780052 11.600400 -22.746304 0.000000 11.600400 -24.659424 0.000000 11.600400 -24.659424 0.780052 11.600400 -24.659424 0.000000 15.196331 -22.746304 0.000000 15.196331 -22.746304 0.780052 15.196331 -24.659424 0.780052 15.196331 -5.651009 2.025713 14.746752 -5.651009 2.025713 13.802882 -5.809862 3.578102 13.794438 -5.809863 3.578102 14.718603 -22.520966 3.578102 12.078129 -22.648048 2.025713 12.049983 -24.536610 2.025713 12.049983 -24.377754 3.578102 12.078129 -24.377754 3.578102 14.718603 -24.377754 3.578102 13.794438 -24.536610 2.025713 13.802882 -24.536610 2.025713 14.746752 -24.536610 2.025713 14.746752 -22.648048 2.025713 14.746752 -22.520966 3.578102 14.718603 -24.377754 3.578102 14.718603 -6.048141 5.906685 14.676386 -6.048141 5.906685 13.781772 -6.317052 6.024502 13.727194 -6.317052 6.024502 14.494455 -22.115215 6.024502 12.302278 -22.330345 5.906685 12.120349 -24.139477 5.906685 12.120349 -23.870564 6.024502 12.302278 
						-23.870564 6.024502 13.727194 -24.139477 5.906685 13.781772 -24.139477 5.906685 14.676386 -23.870564 6.024502 14.494455 -24.139477 5.906685 14.676386 -22.330345 5.906685 14.676386 -22.115215 6.024502 14.494455 -23.870564 6.024502 14.494455 -5.528193 0.780052 12.858977 -5.528193 0.000000 12.858977 -5.528193 0.000000 11.600400 -5.528193 0.780052 11.600400 -5.651009 2.025713 12.993852 -5.528193 0.780052 12.858977 -5.528193 0.780052 11.600400 -5.651009 2.025713 12.049983 -5.809863 3.578102 12.078129 -5.809863 3.578102 13.002295 -5.651009 2.025713 12.993852 -5.651009 2.025713 12.049983 -6.317052 6.024502 13.069541 -6.048141 5.906685 13.014961 -6.048141 5.906685 12.120349 -6.317052 6.024502 12.302278 -23.870564 6.024502 13.069541 -22.115215 6.024502 13.069541 -22.115215 6.024502 12.302278 -23.870564 6.024502 12.302278 -24.139477 5.906685 12.120349 -24.139477 5.906685 13.014961 -23.870564 6.024502 13.069541 -23.870564 6.024502 12.302278 -24.536610 2.025713 12.049983 -24.536610 2.025713 12.993852 -24.377758 3.578102 13.002295 -24.377754 3.578102 12.078129 -24.659424 0.780052 12.858977 -24.536610 2.025713 12.993852 -24.536610 2.025713 12.049983 -24.659424 0.780052 11.600400 -24.659424 0.000000 12.858977 -24.659424 0.780052 12.858977 -24.659424 0.780052 11.600400 -24.659424 0.000000 11.600400 -22.746304 0.000000 11.600400 -22.944977 0.000000 12.858977 -24.659424 0.000000 12.858977 -24.659424 0.000000 11.600400 -6.317052 6.024502 13.398367 -6.048141 5.906685 13.398366 -23.870564 6.024502 13.398367 -22.115215 6.024502 13.398367 -24.139477 5.906685 13.398366 -23.870564 6.024502 13.398367 -6.048141 5.906685 13.014961 -6.048141 5.906685 12.120349 -6.048141 5.906685 13.398366 -5.809863 3.578102 13.398366 -6.048141 5.906685 13.781772 -6.048141 5.906685 14.676386 -22.330345 5.906685 14.676386 -24.139477 5.906685 14.676386 -24.139477 5.906685 13.781772 -24.139477 5.906685 14.676386 
						-24.377754 3.578102 13.398366 -24.139477 5.906685 13.398366 -24.139477 5.906685 13.014961 -24.139477 5.906685 12.120349 -22.330345 5.906685 12.120349 -24.139477 5.906685 12.120349 -7.441315 0.780052 15.196331 -7.441315 0.000000 15.196331 -5.528193 0.000000 15.196331 -5.528193 0.780052 15.196331 -5.528193 0.780052 15.196331 -5.651009 2.025713 14.746752 -7.539571 2.025713 14.746752 -7.441315 0.780052 15.196331 -7.666652 3.578102 14.718603 -7.539571 2.025713 14.746752 -5.651009 2.025713 14.746752 -5.809863 3.578102 14.718603 -7.857273 5.906685 14.676386 -6.048141 5.906685 14.676386 -8.072404 6.024502 14.494455 -7.857273 5.906685 14.676386 -6.048141 5.906685 14.676386 -6.317052 6.024502 14.494455 -6.317052 6.024502 14.494455 -6.317052 6.024502 13.727194 -8.072404 6.024502 13.727194 -8.072404 6.024502 14.494455 -8.072404 6.024502 13.069541 -8.072404 6.024502 13.398367 -6.317052 6.024502 13.398367 -6.317052 6.024502 13.069541 -8.072404 6.024502 12.302278 -6.317052 6.024502 12.302278 -6.048141 5.906685 12.120349 -7.857273 5.906685 12.120349 -8.072404 6.024502 12.302278 -6.317052 6.024502 12.302278 -5.809863 3.578102 12.078129 -7.666652 3.578102 12.078129 -7.857273 5.906685 12.120349 -6.048141 5.906685 12.120349 -5.651009 2.025713 12.049983 -7.539571 2.025713 12.049983 -5.651009 2.025713 12.049983 -5.528193 0.780052 11.600400 -7.441315 0.780052 11.600400 -7.539571 2.025713 12.049983 -5.528193 0.000000 11.600400 -7.441315 0.000000 11.600400 -7.441315 0.780052 11.600400 -5.528193 0.780052 11.600400 -5.528193 0.000000 12.858977 -7.242641 0.000000 12.858977 -7.441315 0.000000 11.600400 -5.528193 0.000000 11.600400 -7.441315 0.000000 15.196331 -7.242641 0.000000 13.937756 -5.528193 0.000000 13.937756 -5.528193 0.000000 15.196331 -7.242641 0.000000 13.398366 -22.944977 0.000000 13.398366 -5.528193 0.780052 12.858977 -5.651009 2.025713 12.993852 
						-7.242638 2.059056 12.936859 -7.242637 0.637895 12.782983 -5.528193 0.000000 12.858977 -5.528193 0.780052 12.858977 -7.242637 0.637895 12.782983 -7.242641 0.000000 12.858977 -24.659424 0.780052 12.858977 -24.659424 0.000000 12.858977 -22.944977 0.000000 12.858977 -22.944981 0.637895 12.782983 -24.536610 2.025713 12.993852 -24.659424 0.780052 12.858977 -22.944981 0.637895 12.782983 -22.944981 2.059056 12.936859 -24.377758 3.578102 13.002295 -24.536610 2.025713 12.993852 -22.944981 2.059056 12.936859 -22.944977 3.830160 12.946492 -5.528193 0.780052 13.937756 -5.528193 0.000000 13.937756 -7.242641 0.000000 13.937756 -7.242637 0.637895 14.013752 -5.651009 2.025713 13.802882 -5.528193 0.780052 13.937756 -7.242637 0.637895 14.013752 -7.242638 2.059056 13.859873 -5.809862 3.578102 13.794438 -5.651009 2.025713 13.802882 -7.242638 2.059056 13.859873 -7.242639 3.830160 13.850241 -24.659424 0.780052 13.937756 -24.536610 2.025713 13.802882 -22.944981 2.059056 13.859873 -22.944981 0.637895 14.013752 -24.659424 0.000000 13.937756 -24.659424 0.780052 13.937756 -22.944981 0.637895 14.013752 -22.944977 0.000000 13.937756 -5.651009 2.025713 12.993852 -5.809863 3.578102 13.002295 -7.242639 3.830159 12.946492 -7.242638 2.059056 12.936859 -24.536610 2.025713 13.802882 -24.377754 3.578102 13.794438 -22.944977 3.830159 13.850241 -22.944981 2.059056 13.859873 -5.809863 3.578102 13.398366 -7.242639 3.830160 13.398366 -7.242639 3.830159 12.946492 -5.809863 3.578102 13.002295 -22.944977 3.830160 12.946492 -22.944977 3.830160 13.398366 -24.377754 3.578102 13.398366 -24.377758 3.578102 13.002295 -7.242641 0.000000 12.858977 -7.242637 0.637895 12.782983 -7.242637 0.637895 13.398367 -7.242641 0.000000 13.398366 -7.242638 2.059056 12.936859 -7.242638 2.059056 13.398366 -7.242639 3.830159 12.946492 -7.242639 3.830160 13.398366 -22.944977 3.830160 12.946492 -22.944981 2.059056 12.936859 
						-22.944981 2.059056 13.398366 -22.944977 3.830160 13.398366 -22.944981 0.637895 12.782983 -22.944981 0.637895 13.398367 -22.944981 2.059056 13.398366 -22.944977 0.000000 12.858977 -22.944977 0.000000 13.398366 -22.944981 0.637895 13.398367 -22.944977 0.000000 13.937756 -22.944981 0.637895 14.013752 -22.944981 0.637895 14.013752 -22.944981 2.059056 13.859873 -22.944981 2.059056 13.859873 -22.944977 3.830159 13.850241 -22.944977 3.830159 13.850241 -24.377754 3.578102 13.794438 -7.242639 3.830160 13.850241 -5.809862 3.578102 13.794438 -7.242639 3.830160 13.850241 -7.242638 2.059056 13.859873 -7.242637 0.637895 14.013752 -7.242641 0.000000 13.937756 
					</float_array>
					<technique_common>
						<accessor count="278" offset="0" source="#meshId0-positions-array" stride="3">
							<param name="X" type="float" />
							<param name="Y" type="float" />
							<param name="Z" type="float" />
						</accessor>
					</technique_common>
				</source>
				<source id="meshId0-normals" name="meshId0-normals">
					<float_array id="meshId0-normals-array" count="834"> 
						0.000000 -1.000000 0.000000 0.000000 -1.000000 0.000000 0.000000 -1.000000 0.000000 0.000000 -1.000000 0.000000 0.000000 0.339483 0.940612 0.000000 0.339483 0.940612 0.000000 0.339483 0.940612 0.000000 0.339483 0.940612 0.995175 0.098119 0.000000 0.995175 0.098119 0.000000 0.995175 0.098119 0.000000 0.995175 0.098119 0.000000 0.000000 0.339484 -0.940612 0.000000 0.339484 -0.940612 0.000000 0.339484 -0.940612 0.000000 0.339484 -0.940612 -0.995175 0.098119 0.000000 -0.995175 0.098119 0.000000 -0.995175 0.098119 0.000000 -0.995175 0.098119 0.000000 1.000000 0.000000 0.000000 1.000000 0.000000 0.000000 1.000000 0.000000 0.000000 1.000000 0.000000 0.000000 0.000000 1.000000 0.000000 0.000000 1.000000 0.000000 0.000000 1.000000 0.000000 0.000000 1.000000 0.000000 -1.000000 0.000000 0.000000 -1.000000 0.000000 0.000000 -1.000000 0.000000 0.000000 -1.000000 0.000000 0.000000 0.000000 0.000000 -1.000000 0.000000 0.000000 -1.000000 0.000000 0.000000 -1.000000 0.000000 0.000000 -1.000000 0.000000 0.000000 1.000000 0.000000 0.000000 1.000000 0.000000 0.000000 1.000000 0.000000 0.000000 1.000000 0.994805 0.101797 0.000000 0.994805 0.101797 0.000000 0.994805 0.101796 0.000000 0.994805 0.101796 0.000000 0.000000 0.018128 -0.999836 0.000000 0.018128 -0.999836 0.000000 0.018128 -0.999836 0.000000 0.018128 -0.999836 -0.994805 0.101796 0.000000 -0.994805 0.101796 0.000000 -0.994805 0.101797 0.000000 -0.994805 0.101797 0.000000 0.000000 0.018129 0.999836 0.000000 0.018129 0.999836 0.000000 0.018128 0.999836 0.000000 0.018128 0.999836 0.401298 0.915948 0.000000 0.401298 0.915947 0.000000 0.401298 0.915947 0.000000 0.401298 0.915947 0.000000 0.000000 0.839365 -0.543568 0.000000 0.839365 -0.543568 0.000000 0.839365 -0.543568 0.000000 0.839365 -0.543568 
						-0.401296 0.915948 0.000000 -0.401296 0.915948 0.000000 -0.401296 0.915948 0.000000 -0.401296 0.915948 0.000000 0.000000 0.839366 0.543566 0.000000 0.839366 0.543567 0.000000 0.839366 0.543567 0.000000 0.839366 0.543566 1.000000 0.000000 0.000000 1.000000 0.000000 0.000000 1.000000 0.000000 0.000000 1.000000 0.000000 0.000000 0.995175 0.098119 0.000000 0.995175 0.098119 0.000000 0.995175 0.098119 0.000000 0.995175 0.098119 0.000000 0.994805 0.101796 0.000000 0.994805 0.101796 0.000000 0.994805 0.101797 0.000000 0.994805 0.101797 0.000000 0.401300 0.915947 0.000000 0.401300 0.915947 0.000000 0.401300 0.915947 0.000000 0.401300 0.915947 0.000000 0.000000 1.000000 0.000000 0.000000 1.000000 0.000000 0.000000 1.000000 0.000000 0.000000 1.000000 0.000000 -0.401299 0.915947 0.000000 -0.401298 0.915947 0.000000 -0.401298 0.915948 0.000000 -0.401299 0.915947 0.000000 -0.994805 0.101797 -0.000001 -0.994805 0.101797 -0.000001 -0.994805 0.101796 0.000000 -0.994805 0.101796 -0.000001 -0.995175 0.098119 0.000000 -0.995175 0.098119 0.000000 -0.995175 0.098119 0.000000 -0.995175 0.098119 0.000000 -1.000000 0.000000 0.000000 -1.000000 0.000000 0.000000 -1.000000 0.000000 0.000000 -1.000000 0.000000 0.000000 0.000000 -1.000000 0.000000 0.000000 -1.000000 0.000000 0.000000 -1.000000 0.000000 0.000000 -1.000000 0.000000 0.401299 0.915947 0.000000 0.401299 0.915947 0.000000 0.000000 1.000000 0.000000 0.000000 1.000000 0.000000 -0.401297 0.915948 0.000000 -0.401297 0.915948 0.000000 0.994805 0.101796 0.000000 0.994805 0.101796 0.000000 0.994805 0.101796 -0.000001 0.994805 0.101796 -0.000001 0.994805 0.101796 0.000000 0.994805 0.101796 0.000001 0.000000 0.018127 0.999836 0.000000 0.018127 0.999836 -0.994805 0.101795 0.000000 -0.994805 0.101795 0.000000 
						-0.994805 0.101796 0.000002 -0.994805 0.101796 0.000002 -0.994805 0.101796 0.000000 -0.994805 0.101796 -0.000001 0.000000 0.018128 -0.999836 0.000000 0.018128 -0.999836 0.000000 0.000000 1.000000 0.000000 0.000000 1.000000 0.000000 0.000000 1.000000 0.000000 0.000000 1.000000 0.000000 0.339483 0.940612 0.000000 0.339483 0.940612 0.000000 0.339483 0.940612 0.000000 0.339483 0.940612 0.000000 0.018128 0.999836 0.000000 0.018129 0.999836 0.000000 0.018129 0.999836 0.000000 0.018128 0.999836 0.000000 0.018127 0.999836 0.000000 0.018127 0.999836 0.000000 0.839366 0.543567 0.000000 0.839366 0.543567 0.000000 0.839366 0.543566 0.000000 0.839366 0.543566 0.000000 1.000000 0.000000 0.000000 1.000000 0.000000 0.000000 1.000000 0.000000 0.000000 1.000000 0.000000 0.000000 1.000000 0.000000 0.000000 1.000000 0.000000 0.000000 1.000000 0.000000 0.000000 1.000000 0.000000 0.000000 1.000000 0.000000 0.000000 1.000000 0.000000 0.000000 0.839365 -0.543568 0.000000 0.839365 -0.543568 0.000000 0.839365 -0.543568 0.000000 0.839365 -0.543568 0.000000 0.018128 -0.999836 0.000000 0.018128 -0.999836 0.000000 0.018128 -0.999836 0.000000 0.018128 -0.999836 0.000000 0.018128 -0.999836 0.000000 0.018128 -0.999836 0.000000 0.339484 -0.940612 0.000000 0.339484 -0.940612 0.000000 0.339484 -0.940612 0.000000 0.339484 -0.940612 0.000000 0.000000 -1.000000 0.000000 0.000000 -1.000000 0.000000 0.000000 -1.000000 0.000000 0.000000 -1.000000 0.000000 -1.000000 0.000000 0.000000 -1.000000 0.000000 0.000000 -1.000000 0.000000 0.000000 -1.000000 0.000000 0.000000 -1.000000 0.000000 0.000000 -1.000000 0.000000 0.000000 -1.000000 0.000000 0.000000 -1.000000 0.000000 0.000000 -1.000000 0.000000 0.000000 -1.000000 0.000000 -0.036362 -0.109230 0.993351 -0.036362 -0.109230 0.993351 
						-0.036362 -0.109230 0.993351 -0.036362 -0.109230 0.993351 -0.024342 0.053501 0.998271 -0.024342 0.053501 0.998271 -0.024342 0.053501 0.998271 -0.024342 0.053501 0.998271 0.024342 0.053501 0.998271 0.024342 0.053501 0.998271 0.024342 0.053501 0.998271 0.024342 0.053501 0.998271 0.036362 -0.109230 0.993351 0.036362 -0.109230 0.993351 0.036362 -0.109230 0.993351 0.036362 -0.109230 0.993351 0.037951 -0.007249 0.999253 0.037951 -0.007249 0.999253 0.037951 -0.007249 0.999253 0.037951 -0.007249 0.999253 -0.024343 0.053503 -0.998271 -0.024343 0.053503 -0.998271 -0.024343 0.053503 -0.998271 -0.024343 0.053503 -0.998271 -0.036363 -0.109230 -0.993351 -0.036363 -0.109230 -0.993351 -0.036363 -0.109230 -0.993351 -0.036363 -0.109230 -0.993351 -0.037951 -0.007249 -0.999253 -0.037951 -0.007249 -0.999253 -0.037951 -0.007249 -0.999253 -0.037951 -0.007249 -0.999253 0.036363 -0.109230 -0.993351 0.036363 -0.109230 -0.993351 0.036363 -0.109230 -0.993351 0.036363 -0.109230 -0.993351 0.024343 0.053503 -0.998271 0.024343 0.053503 -0.998271 0.024343 0.053503 -0.998271 0.024343 0.053503 -0.998271 -0.037951 -0.007249 0.999253 -0.037951 -0.007249 0.999253 -0.037951 -0.007249 0.999253 -0.037951 -0.007249 0.999253 0.037951 -0.007249 -0.999253 0.037951 -0.007249 -0.999253 0.037951 -0.007249 -0.999253 0.037951 -0.007249 -0.999253 -0.173262 -0.984876 0.000000 -0.173262 -0.984876 0.000000 -0.173262 -0.984876 0.000000 -0.173262 -0.984876 0.000000 0.173262 -0.984876 0.000000 0.173262 -0.984876 0.000000 0.173262 -0.984876 0.000000 0.173262 -0.984876 0.000000 1.000000 -0.000006 0.000000 1.000000 -0.000006 0.000000 1.000000 -0.000006 0.000000 1.000000 -0.000006 0.000000 1.000000 0.000001 0.000000 1.000000 0.000001 0.000000 1.000000 0.000001 0.000000 1.000000 0.000001 0.000000 -1.000000 0.000003 0.000000 -1.000000 0.000003 0.000000 
						-1.000000 0.000003 -0.000001 -1.000000 0.000003 -0.000001 -1.000000 0.000000 0.000000 -1.000000 0.000000 0.000000 -1.000000 0.000000 0.000000 -1.000000 -0.000007 -0.000000 -1.000000 -0.000007 -0.000000 -1.000000 -0.000007 -0.000000 -1.000000 -0.000007 -0.000000 -1.000000 -0.000007 -0.000000 -1.000000 0.000000 0.000000 -1.000000 0.000000 0.000000 -1.000000 0.000003 -0.000001 -1.000000 0.000003 -0.000001 0.173262 -0.984876 -0.000001 0.173262 -0.984876 -0.000001 -0.173262 -0.984876 0.000000 -0.173262 -0.984876 0.000000 1.000000 0.000001 0.000000 1.000000 0.000001 0.000000 1.000000 0.000001 0.000000 1.000000 -0.000006 0.000000 
					</float_array>
					<technique_common>
						<accessor count="278" offset="0" source="#meshId0-normals-array" stride="3">
							<param name="X" type="float" />
							<param name="Y" type="float" />
							<param name="Z" type="float" />
						</accessor>
					</technique_common>
				</source>
				<source id="meshId0-tangents" name="meshId0-tangents">
					<float_array id="meshId0-tangents-array" count="834"> 
						-1.000000 0.000000 0.000178 -1.000000 0.000000 0.000176 -1.000000 0.000000 0.000172 -1.000000 0.000000 0.000173 -0.000042 0.940612 -0.339483 -0.000037 0.940612 -0.339483 -0.000016 0.940612 -0.339483 -0.000026 0.940612 -0.339483 0.000005 -0.000048 -1.000000 0.000005 -0.000051 -1.000000 0.000005 -0.000054 -1.000000 0.000005 -0.000051 -1.000000 -0.000027 -0.940612 -0.339484 -0.000029 -0.940612 -0.339484 -0.000035 -0.940612 -0.339484 -0.000032 -0.940612 -0.339484 -0.098119 -0.995175 0.000113 -0.098119 -0.995175 0.000106 -0.098119 -0.995175 0.000100 -0.098119 -0.995175 0.000108 0.000000 -0.000036 -1.000000 0.000000 -0.000048 -1.000000 0.000000 -0.000054 -1.000000 0.000000 -0.000042 -1.000000 -0.000058 0.000000 -1.000000 -0.000027 0.000000 -1.000000 -0.000014 0.000000 -1.000000 -0.000036 0.000000 -1.000000 0.000000 -1.000000 0.000087 0.000000 -1.000000 0.000106 0.000000 -1.000000 0.000117 0.000000 -1.000000 0.000098 -0.000028 -1.000000 0.000000 -0.000028 -1.000000 0.000000 -0.000030 -1.000000 0.000000 -0.000029 -1.000000 0.000000 -0.000059 1.000000 0.000000 -0.000033 1.000000 0.000000 -0.000030 1.000000 0.000000 -0.000052 1.000000 0.000000 0.000005 -0.000048 -1.000000 0.000005 -0.000048 -1.000000 0.000005 -0.000052 -1.000000 0.000005 -0.000049 -1.000000 -0.000036 -0.999836 -0.018128 -0.000036 -0.999836 -0.018128 -0.000022 -0.999836 -0.018128 -0.000032 -0.999836 -0.018128 -0.101796 -0.994805 0.000108 -0.101796 -0.994805 0.000109 -0.101797 -0.994805 0.000109 -0.101797 -0.994805 0.000108 -0.000037 0.999836 -0.018129 -0.000033 0.999836 -0.018129 -0.000032 0.999836 -0.018128 -0.000034 0.999836 -0.018128 0.000046 -0.000020 -1.000000 0.000041 -0.000018 -1.000000 0.000024 -0.000010 -1.000000 0.000048 -0.000021 -1.000000 -0.000008 -0.543568 -0.839365 -0.000010 -0.543568 -0.839365 -0.000029 -0.543568 -0.839365 -0.000027 -0.543568 -0.839365 
						-0.915948 -0.401296 0.000155 -0.915948 -0.401296 0.000153 -0.915948 -0.401296 0.000133 -0.915948 -0.401296 0.000138 -0.000083 0.543566 -0.839366 -0.000004 0.543567 -0.839366 0.000007 0.543567 -0.839366 -0.000078 0.543566 -0.839366 0.000000 -0.000054 -1.000000 0.000000 -0.000054 -1.000000 0.000000 -0.000054 -1.000000 0.000000 -0.000054 -1.000000 0.000005 -0.000048 -1.000000 0.000005 -0.000052 -1.000000 0.000005 -0.000054 -1.000000 0.000005 -0.000051 -1.000000 0.000005 -0.000049 -1.000000 0.000003 -0.000033 -1.000000 0.000005 -0.000048 -1.000000 0.000005 -0.000048 -1.000000 0.000039 -0.000017 -1.000000 0.000029 -0.000013 -1.000000 0.000046 -0.000020 -1.000000 0.000048 -0.000021 -1.000000 -0.000050 0.000000 -1.000000 -0.000050 0.000000 -1.000000 -0.000030 0.000000 -1.000000 -0.000030 0.000000 -1.000000 -0.915947 -0.401299 0.000042 -0.915947 -0.401298 0.000131 -0.915948 -0.401298 0.000145 -0.915947 -0.401299 0.000060 -0.101797 -0.994805 0.000113 -0.101797 -0.994805 0.000112 -0.101796 -0.994805 0.000109 -0.101796 -0.994805 0.000112 -0.098119 -0.995175 0.000119 -0.098119 -0.995175 0.000108 -0.098119 -0.995175 0.000096 -0.098119 -0.995175 0.000110 0.000000 -1.000000 0.000117 0.000000 -1.000000 0.000117 0.000000 -1.000000 0.000117 0.000000 -1.000000 0.000117 -1.000000 0.000000 0.000170 -1.000000 0.000000 0.000171 -1.000000 0.000000 0.000172 -1.000000 0.000000 0.000170 0.000048 -0.000021 -1.000000 0.000045 -0.000020 -1.000000 -0.000035 0.000000 -1.000000 -0.000035 0.000000 -1.000000 -0.915948 -0.401297 0.000152 -0.915948 -0.401297 0.000152 0.000003 -0.000025 -1.000000 0.000005 -0.000050 -1.000000 0.000002 -0.000030 -1.000000 0.000002 -0.000029 -1.000000 0.000006 -0.000055 -1.000000 0.000006 -0.000050 -1.000000 -0.000029 0.999836 -0.018127 -0.000031 0.999836 -0.018127 -0.101795 -0.994805 0.000108 -0.101795 -0.994805 0.000109 
						-0.101796 -0.994805 0.000108 -0.101796 -0.994805 0.000106 -0.101796 -0.994805 0.000104 -0.101796 -0.994805 0.000106 -0.000030 -0.999836 -0.018128 -0.000031 -0.999836 -0.018128 -0.000029 1.000000 0.000000 -0.000029 1.000000 0.000000 -0.000029 1.000000 0.000000 -0.000029 1.000000 0.000000 -0.000036 0.940612 -0.339483 -0.000039 0.940612 -0.339483 -0.000043 0.940612 -0.339483 -0.000042 0.940612 -0.339483 -0.000031 0.999836 -0.018128 -0.000026 0.999836 -0.018129 -0.000035 0.999836 -0.018129 -0.000033 0.999836 -0.018128 -0.000039 0.999836 -0.018127 -0.000037 0.999836 -0.018127 -0.000021 0.543567 -0.839366 -0.000023 0.543567 -0.839366 -0.000018 0.543566 -0.839366 -0.000019 0.543566 -0.839366 -0.000030 0.000000 -1.000000 -0.000015 0.000000 -1.000000 -0.000015 0.000000 -1.000000 -0.000030 0.000000 -1.000000 -0.000049 0.000000 -1.000000 -0.000035 0.000000 -1.000000 -0.000035 0.000000 -1.000000 -0.000050 0.000000 -1.000000 -0.000030 0.000000 -1.000000 -0.000030 0.000000 -1.000000 0.000018 -0.543568 -0.839365 0.000023 -0.543568 -0.839365 0.000022 -0.543568 -0.839365 0.000018 -0.543568 -0.839365 -0.000036 -0.999836 -0.018128 -0.000036 -0.999836 -0.018128 -0.000039 -0.999836 -0.018128 -0.000037 -0.999836 -0.018128 -0.000038 -0.999836 -0.018128 -0.000035 -0.999836 -0.018128 -0.000034 -0.940612 -0.339484 -0.000030 -0.940612 -0.339484 -0.000025 -0.940612 -0.339484 -0.000027 -0.940612 -0.339484 -0.000029 -1.000000 0.000000 -0.000029 -1.000000 0.000000 -0.000029 -1.000000 0.000000 -0.000029 -1.000000 0.000000 -1.000000 0.000000 0.000173 -1.000000 0.000000 0.000174 -1.000000 0.000000 0.000175 -1.000000 0.000000 0.000175 -1.000000 0.000000 0.000169 -1.000000 0.000000 0.000171 -1.000000 0.000000 0.000172 -1.000000 0.000000 0.000170 -1.000000 0.000000 0.000172 -1.000000 0.000000 0.000172 0.999322 0.001765 0.036775 0.999322 0.001762 0.036774 
						0.999322 0.001757 0.036774 0.999322 0.001760 0.036774 0.999703 0.000113 0.024371 0.999703 0.000183 0.024367 0.999703 0.000416 0.024355 0.999703 0.000334 0.024359 0.999702 0.000394 -0.024398 0.999702 0.000453 -0.024401 0.999702 0.000653 -0.024412 0.999702 0.000584 -0.024408 0.999326 -0.001019 -0.036693 0.999326 -0.001017 -0.036693 0.999326 -0.001015 -0.036692 0.999326 -0.001017 -0.036693 0.999279 -0.000965 -0.037959 0.999279 -0.000969 -0.037959 0.999279 -0.000972 -0.037959 0.999279 -0.000969 -0.037959 -0.001071 -0.998568 -0.053493 -0.001009 -0.998568 -0.053494 -0.000796 -0.998568 -0.053499 -0.000869 -0.998568 -0.053498 0.004584 -0.994016 0.109135 0.004579 -0.994016 0.109136 0.004574 -0.994016 0.109136 0.004578 -0.994016 0.109136 0.000791 -0.999974 0.007224 0.000796 -0.999974 0.007224 0.000800 -0.999974 0.007224 0.000796 -0.999974 0.007224 -0.999314 0.003068 -0.036919 -0.999314 0.003071 -0.036919 -0.999314 0.003076 -0.036919 -0.999313 0.003072 -0.036919 -0.999704 0.001422 -0.024302 -0.999704 0.001492 -0.024298 -0.999704 0.001722 -0.024286 -0.999704 0.001641 -0.024290 0.999278 0.001714 0.037964 0.999278 0.001713 0.037964 0.999278 0.001713 0.037964 0.999278 0.001713 0.037964 -0.999274 0.003041 -0.037974 -0.999274 0.003043 -0.037974 -0.999274 0.003044 -0.037974 -0.999274 0.003042 -0.037974 0.962399 -0.169308 0.212424 0.962399 -0.169308 0.212424 0.962400 -0.169308 0.212417 0.962400 -0.169308 0.212418 -0.962121 -0.169259 -0.213715 -0.962121 -0.169259 -0.213718 -0.962121 -0.169259 -0.213716 -0.962121 -0.169259 -0.213716 0.000000 0.000084 -1.000000 0.000000 0.000078 -1.000000 0.000000 0.000086 -1.000000 0.000000 0.000082 -1.000000 -0.000000 0.000053 -1.000000 -0.000000 0.000074 -1.000000 -0.000000 0.000046 -1.000000 -0.000000 0.000073 -1.000000 -0.000003 -0.999997 0.002274 -0.000003 -0.999997 0.002272 
						-0.000003 -0.999997 0.002271 -0.000003 -0.999997 0.002273 0.000000 -0.999997 0.002257 0.000000 -0.999997 0.002258 0.000000 -0.999997 0.002259 0.000007 -0.999997 0.002268 0.000007 -0.999997 0.002278 0.000007 -0.999997 0.002273 0.000007 -0.999997 0.002271 0.000007 -0.999997 0.002276 0.000000 -0.999997 0.002262 0.000000 -0.999997 0.002257 -0.000003 -0.999997 0.002269 -0.000003 -0.999997 0.002271 -0.962120 -0.169258 -0.213721 -0.962121 -0.169259 -0.213717 0.962397 -0.169307 0.212431 0.962397 -0.169307 0.212431 -0.000000 0.000102 -1.000000 -0.000000 0.000097 -1.000000 -0.000000 0.000108 -1.000000 0.000000 0.000097 -1.000000 
					</float_array>
					<technique_common>
						<accessor count="278" offset="0" source="#meshId0-tangents-array" stride="3">
							<param name="X" type="float" />
							<param name="Y" type="float" />
							<param name="Z" type="float" />
						</accessor>
					</technique_common>
				</source>
				<source id="meshId0-bitangents" name="meshId0-bitangents">
					<float_array id="meshId0-bitangents-array" count="834"> 
						-0.000178 -0.000000 -1.000000 -0.000176 -0.000000 -1.000000 -0.000172 -0.000000 -1.000000 -0.000173 -0.000000 -1.000000 -1.000000 -0.000039 0.000014 -1.000000 -0.000035 0.000013 -1.000000 -0.000015 0.000005 -1.000000 -0.000025 0.000009 -0.098119 0.995175 -0.000048 -0.098119 0.995175 -0.000052 -0.098119 0.995175 -0.000054 -0.098119 0.995175 -0.000051 -1.000000 0.000025 0.000009 -1.000000 0.000027 0.000010 -1.000000 0.000033 0.000012 -1.000000 0.000030 0.000011 0.000011 0.000112 1.000000 0.000010 0.000106 1.000000 0.000010 0.000100 1.000000 0.000011 0.000107 1.000000 0.000000 1.000000 -0.000036 0.000000 1.000000 -0.000048 0.000000 1.000000 -0.000054 0.000000 1.000000 -0.000042 -1.000000 0.000000 0.000058 -1.000000 0.000000 0.000027 -1.000000 0.000000 0.000014 -1.000000 0.000000 0.000036 0.000000 0.000087 1.000000 0.000000 0.000106 1.000000 0.000000 0.000117 1.000000 0.000000 0.000098 1.000000 -1.000000 0.000028 0.000000 -1.000000 0.000028 0.000000 -1.000000 0.000030 0.000000 -1.000000 0.000029 0.000000 -1.000000 -0.000059 0.000000 -1.000000 -0.000033 0.000000 -1.000000 -0.000030 0.000000 -1.000000 -0.000052 0.000000 -0.101797 0.994805 -0.000048 -0.101797 0.994805 -0.000048 -0.101796 0.994805 -0.000052 -0.101796 0.994805 -0.000049 -1.000000 0.000036 0.000001 -1.000000 0.000036 0.000001 -1.000000 0.000022 0.000000 -1.000000 0.000032 0.000001 0.000011 0.000108 1.000000 0.000011 0.000108 1.000000 0.000011 0.000108 1.000000 0.000011 0.000107 1.000000 -1.000000 -0.000037 0.000001 -1.000000 -0.000033 0.000001 -1.000000 -0.000032 0.000001 -1.000000 -0.000034 0.000001 -0.915948 0.401298 -0.000051 -0.915947 0.401298 -0.000044 -0.915947 0.401298 -0.000026 -0.915947 0.401298 -0.000052 -1.000000 0.000004 0.000007 -1.000000 0.000005 0.000008 -1.000000 0.000016 0.000024 -1.000000 0.000015 0.000023 
						0.000142 0.000062 1.000000 0.000141 0.000062 1.000000 0.000122 0.000054 1.000000 0.000126 0.000055 1.000000 -1.000000 -0.000045 0.000070 -1.000000 -0.000002 0.000003 -1.000000 0.000004 -0.000006 -1.000000 -0.000043 0.000066 0.000000 1.000000 -0.000054 0.000000 1.000000 -0.000054 0.000000 1.000000 -0.000054 0.000000 1.000000 -0.000054 -0.098119 0.995175 -0.000048 -0.098119 0.995175 -0.000052 -0.098119 0.995175 -0.000054 -0.098119 0.995175 -0.000051 -0.101796 0.994805 -0.000049 -0.101796 0.994805 -0.000033 -0.101797 0.994805 -0.000048 -0.101797 0.994805 -0.000049 -0.915947 0.401300 -0.000042 -0.915947 0.401300 -0.000032 -0.915947 0.401300 -0.000051 -0.915947 0.401300 -0.000052 -1.000000 0.000000 0.000050 -1.000000 0.000000 0.000050 -1.000000 0.000000 0.000030 -1.000000 0.000000 0.000030 0.000039 0.000017 1.000000 0.000120 0.000053 1.000000 0.000133 0.000058 1.000000 0.000055 0.000024 1.000000 0.000011 0.000113 1.000000 0.000010 0.000112 1.000000 0.000011 0.000109 1.000000 0.000010 0.000112 1.000000 0.000012 0.000118 1.000000 0.000011 0.000107 1.000000 0.000009 0.000096 1.000000 0.000011 0.000109 1.000000 0.000000 0.000117 1.000000 0.000000 0.000117 1.000000 0.000000 0.000117 1.000000 0.000000 0.000117 1.000000 -0.000170 -0.000000 -1.000000 -0.000171 -0.000000 -1.000000 -0.000172 -0.000000 -1.000000 -0.000170 -0.000000 -1.000000 -0.915947 0.401299 -0.000053 -0.915947 0.401299 -0.000049 -1.000000 0.000000 0.000035 -1.000000 0.000000 0.000035 0.000139 0.000061 1.000000 0.000139 0.000061 1.000000 -0.101796 0.994805 -0.000025 -0.101796 0.994805 -0.000050 -0.101796 0.994805 -0.000030 -0.101796 0.994805 -0.000029 -0.101796 0.994805 -0.000055 -0.101796 0.994805 -0.000051 -1.000000 -0.000029 0.000001 -1.000000 -0.000031 0.000001 0.000011 0.000108 1.000000 0.000011 0.000109 1.000000 
						0.000013 0.000107 1.000000 0.000013 0.000105 1.000000 0.000011 0.000104 1.000000 0.000010 0.000106 1.000000 -1.000000 0.000030 0.000001 -1.000000 0.000031 0.000001 -1.000000 -0.000029 0.000000 -1.000000 -0.000029 0.000000 -1.000000 -0.000029 0.000000 -1.000000 -0.000029 0.000000 -1.000000 -0.000033 0.000012 -1.000000 -0.000036 0.000013 -1.000000 -0.000041 0.000015 -1.000000 -0.000039 0.000014 -1.000000 -0.000031 0.000001 -1.000000 -0.000026 0.000000 -1.000000 -0.000035 0.000001 -1.000000 -0.000033 0.000001 -1.000000 -0.000039 0.000001 -1.000000 -0.000037 0.000001 -1.000000 -0.000011 0.000018 -1.000000 -0.000012 0.000019 -1.000000 -0.000010 0.000015 -1.000000 -0.000010 0.000016 -1.000000 0.000000 0.000030 -1.000000 0.000000 0.000015 -1.000000 0.000000 0.000015 -1.000000 0.000000 0.000030 -1.000000 0.000000 0.000049 -1.000000 0.000000 0.000035 -1.000000 0.000000 0.000035 -1.000000 0.000000 0.000050 -1.000000 0.000000 0.000030 -1.000000 0.000000 0.000030 -1.000000 -0.000010 -0.000015 -1.000000 -0.000012 -0.000019 -1.000000 -0.000012 -0.000019 -1.000000 -0.000010 -0.000015 -1.000000 0.000035 0.000001 -1.000000 0.000036 0.000001 -1.000000 0.000039 0.000001 -1.000000 0.000037 0.000001 -1.000000 0.000038 0.000001 -1.000000 0.000035 0.000001 -1.000000 0.000032 0.000011 -1.000000 0.000028 0.000010 -1.000000 0.000024 0.000009 -1.000000 0.000025 0.000009 -1.000000 0.000029 0.000000 -1.000000 0.000029 0.000000 -1.000000 0.000029 0.000000 -1.000000 0.000029 0.000000 -0.000173 -0.000000 -1.000000 -0.000174 -0.000000 -1.000000 -0.000175 -0.000000 -1.000000 -0.000175 -0.000000 -1.000000 -0.000169 -0.000000 -1.000000 -0.000171 -0.000000 -1.000000 -0.000172 -0.000000 -1.000000 -0.000170 -0.000000 -1.000000 -0.000172 -0.000000 -1.000000 -0.000172 -0.000000 -1.000000 -0.005770 0.994015 0.109092 -0.005767 0.994015 0.109092 
						-0.005762 0.994015 0.109092 -0.005766 0.994015 0.109092 0.001191 0.998568 -0.053488 0.001121 0.998568 -0.053490 0.000888 0.998568 -0.053495 0.000970 0.998568 -0.053493 -0.001698 0.998568 -0.053475 -0.001757 0.998568 -0.053474 -0.001958 0.998568 -0.053469 -0.001889 0.998568 -0.053471 0.005020 0.994016 0.109119 0.005018 0.994016 0.109119 0.005016 0.994016 0.109120 0.005018 0.994016 0.109119 0.001240 0.999973 0.007207 0.001244 0.999973 0.007207 0.001246 0.999973 0.007207 0.001243 0.999973 0.007207 -0.999703 -0.000233 0.024365 -0.999703 -0.000295 0.024362 -0.999703 -0.000508 0.024351 -0.999703 -0.000435 0.024355 -0.999328 -0.000585 0.036646 -0.999328 -0.000580 0.036646 -0.999328 -0.000575 0.036645 -0.999328 -0.000579 0.036645 -0.999279 -0.000516 0.037956 -0.999279 -0.000522 0.037956 -0.999279 -0.000526 0.037956 -0.999279 -0.000521 0.037956 0.007080 0.994012 -0.109043 0.007083 0.994012 -0.109043 0.007088 0.994012 -0.109043 0.007085 0.994012 -0.109043 0.000119 0.998567 0.053522 0.000189 0.998567 0.053523 0.000420 0.998566 0.053529 0.000339 0.998566 0.053527 -0.001988 0.999972 0.007179 -0.001987 0.999972 0.007179 -0.001986 0.999972 0.007179 -0.001987 0.999972 0.007179 0.003314 0.999969 -0.007128 0.003316 0.999969 -0.007128 0.003317 0.999969 -0.007128 0.003315 0.999969 -0.007128 -0.209212 0.036805 0.977178 -0.209211 0.036805 0.977178 -0.209204 0.036804 0.977179 -0.209205 0.036804 0.977179 0.210483 0.037029 -0.976896 0.210485 0.037029 -0.976896 0.210484 0.037029 -0.976896 0.210483 0.037029 -0.976896 0.000006 1.000000 0.000084 0.000006 1.000000 0.000078 0.000006 1.000000 0.000086 0.000006 1.000000 0.000082 -0.000001 1.000000 0.000053 -0.000001 1.000000 0.000074 -0.000001 1.000000 0.000046 -0.000001 1.000000 0.000073 0.000000 0.002274 0.999997 0.000000 0.002272 0.999997 
						-0.000001 0.002271 0.999997 -0.000001 0.002273 0.999997 0.000000 0.002257 0.999997 0.000000 0.002258 0.999997 0.000000 0.002259 0.999997 -0.000000 0.002268 0.999997 -0.000000 0.002278 0.999997 -0.000000 0.002273 0.999997 -0.000000 0.002271 0.999997 -0.000000 0.002276 0.999997 0.000000 0.002262 0.999997 0.000000 0.002257 0.999997 -0.000001 0.002269 0.999997 -0.000001 0.002271 0.999997 0.210488 0.037031 -0.976895 0.210485 0.037030 -0.976896 -0.209219 0.036806 0.977176 -0.209218 0.036806 0.977176 -0.000001 1.000000 0.000102 -0.000001 1.000000 0.000097 -0.000001 1.000000 0.000108 0.000006 1.000000 0.000097 
					</float_array>
					<technique_common>
						<accessor count="278" offset="0" source="#meshId0-bitangents-array" stride="3">
							<param name="X" type="float" />
							<param name="Y" type="float" />
							<param name="Z" type="float" />
						</accessor>
					</technique_common>
				</source>
				<source id="meshId0-tex0" name="meshId0-tex0">
					<float_array id="meshId0-tex0-array" count="556"> 
						0.841666 0.841805 0.841657 0.897173 0.766233 0.897160 0.757502 0.841790 0.034341 0.757495 0.092602 0.753170 0.092604 0.836254 0.034344 0.841658 0.663254 0.227335 0.643478 0.172268 0.698846 0.172271 0.704777 0.227337 0.549639 0.753155 0.607899 0.757476 0.607902 0.841640 0.549642 0.836239 0.883101 0.158199 0.828032 0.138427 0.828028 0.096903 0.883094 0.102831 0.643480 0.137952 0.698848 0.137954 0.698846 0.172271 0.643478 0.172268 0.272899 0.729724 0.306653 0.729722 0.306656 0.806945 0.272902 0.806946 0.883101 0.158199 0.883094 0.102831 0.917411 0.102827 0.917417 0.158196 0.607899 0.757476 0.642216 0.757475 0.642219 0.841639 0.607902 0.841640 0.000027 0.841660 0.000025 0.757496 0.034341 0.757495 0.034344 0.841658 0.663254 0.227335 0.704777 0.227337 0.705146 0.295988 0.664489 0.295986 0.481334 0.747567 0.549639 0.753155 0.549642 0.836239 0.481336 0.829252 0.759382 0.137196 0.759377 0.096539 0.828028 0.096903 0.828032 0.138427 0.092604 0.836254 0.092602 0.753170 0.160907 0.747577 0.160909 0.829263 0.666342 0.398962 0.705698 0.398964 0.708099 0.411880 0.674345 0.411878 0.369340 0.729720 0.378875 0.739184 0.378878 0.818773 0.369342 0.806943 
						0.643485 0.093594 0.656401 0.095993 0.656405 0.135350 0.643489 0.127348 0.263367 0.818777 0.263364 0.739188 0.272899 0.729724 0.272902 0.806946 0.746305 0.172273 0.746307 0.137956 0.801675 0.137959 0.801674 0.172276 0.740369 0.227339 0.746305 0.172273 0.801674 0.172276 0.781893 0.227341 0.780651 0.295991 0.739995 0.295989 0.740369 0.227339 0.781893 0.227341 0.737031 0.411881 0.739433 0.398965 0.778789 0.398967 0.770785 0.411883 0.335588 0.806944 0.335586 0.729721 0.369340 0.729720 0.369342 0.806943 0.656393 0.022903 0.656397 0.062259 0.643482 0.064662 0.643478 0.030907 0.828019 0.019788 0.828024 0.061312 0.759373 0.061691 0.759369 0.021034 0.883089 0.055372 0.828024 0.061312 0.828019 0.019788 0.883083 0.000004 0.917406 0.055368 0.883089 0.055372 0.883083 0.000004 0.917400 0.000000 0.757475 0.999986 0.766225 0.944619 0.841648 0.944632 0.841639 1.000000 0.722565 0.411880 0.722565 0.398965 0.321122 0.806945 0.321120 0.729722 0.656399 0.079126 0.643483 0.079128 0.739433 0.398965 0.778789 0.398967 0.722565 0.398965 0.722570 0.295989 0.705698 0.398964 0.666342 0.398962 0.263364 0.739188 0.263367 0.818777 0.656401 0.095993 0.656405 0.135350 
						0.759375 0.079115 0.656399 0.079126 0.656397 0.062259 0.656393 0.022903 0.378875 0.739184 0.378878 0.818773 0.034319 0.084184 0.000003 0.084185 0.000000 0.000021 0.034317 0.000020 0.034317 0.000020 0.092577 0.005421 0.092580 0.088504 0.034319 0.084184 0.160885 0.094093 0.092580 0.088504 0.092577 0.005421 0.160883 0.012407 0.263344 0.102475 0.263341 0.022886 0.272879 0.111939 0.263344 0.102475 0.263341 0.022886 0.272877 0.034716 0.272877 0.034716 0.306631 0.034715 0.306633 0.111938 0.272879 0.111939 0.335565 0.111937 0.321099 0.111938 0.321097 0.034715 0.335563 0.034714 0.369320 0.111936 0.369317 0.034713 0.378852 0.022883 0.378855 0.102472 0.369320 0.111936 0.369317 0.034713 0.481310 0.012397 0.481312 0.094082 0.378855 0.102472 0.378852 0.022883 0.549615 0.005406 0.549617 0.088489 0.549615 0.005406 0.607875 0.000001 0.607877 0.084165 0.549617 0.088489 0.642192 0.000000 0.642194 0.084164 0.607877 0.084165 0.607875 0.000001 0.000010 0.944487 0.075433 0.944500 0.084164 0.999870 0.000000 0.999855 0.084191 0.841674 0.075441 0.897041 0.000018 0.897028 0.000027 0.841660 0.075437 0.920770 0.766229 0.920889 0.877379 0.191802 0.872294 0.246953 
						0.802232 0.248541 0.801873 0.185656 0.877330 0.157485 0.877379 0.191802 0.801873 0.185656 0.801906 0.157395 0.920669 0.242235 0.920692 0.207919 0.996115 0.207771 0.996170 0.236032 0.925795 0.297382 0.920669 0.242235 0.996170 0.236032 0.995858 0.298918 0.932698 0.365686 0.925795 0.297382 0.995858 0.298918 0.995768 0.376835 0.911690 0.368808 0.946007 0.368816 0.946188 0.444240 0.917926 0.444307 0.856546 0.373958 0.911690 0.368808 0.917926 0.444307 0.855041 0.444023 0.788245 0.380892 0.856546 0.373958 0.855041 0.444023 0.777124 0.443966 0.996186 0.034317 0.991175 0.089474 0.921114 0.091155 0.920672 0.028270 0.996092 0.000000 0.996186 0.034317 0.920672 0.028270 0.920669 0.000009 0.872294 0.246953 0.865442 0.315262 0.802382 0.326458 0.802232 0.248541 0.991175 0.089474 0.984412 0.157792 0.921367 0.169072 0.921114 0.091155 0.869144 0.332289 0.806605 0.345884 0.802382 0.326458 0.865442 0.315262 0.929864 0.207912 0.925615 0.188492 0.988136 0.174814 0.991860 0.191836 0.694278 0.411879 0.697623 0.439942 0.670551 0.439944 0.670548 0.411881 0.690859 0.502464 0.670556 0.502465 0.690442 0.580380 0.670563 0.580381 0.826622 0.449914 0.904537 0.449313 
						0.904583 0.469616 0.826667 0.469793 0.967042 0.442402 0.967104 0.469475 0.904583 0.469616 0.995113 0.445682 0.995166 0.469411 0.967104 0.469475 0.995220 0.493140 0.967165 0.496547 0.967165 0.496547 0.904629 0.489919 0.904629 0.489919 0.826712 0.489672 0.921367 0.169072 0.984412 0.157792 0.810827 0.365309 0.872845 0.349315 0.650683 0.580383 0.650253 0.502467 0.643478 0.439947 0.646819 0.411883 
					</float_array>
					<technique_common>
						<accessor count="278" offset="0" source="#meshId0-tex0-array" stride="2">
							<param name="S" type="float" />
							<param name="T" type="float" />
						</accessor>
					</technique_common>
				</source>
				<vertices id="meshId0-vertices">
					<input semantic="POSITION" source="#meshId0-positions" />
				</vertices>
				<polylist count="212" material="defaultMaterial">
					<input offset="0" semantic="VERTEX" source="#meshId0-vertices" />
					<input offset="0" semantic="NORMAL" source="#meshId0-normals" />
					<input offset="0" semantic="TANGENT" source="#meshId0-tangents" />
					<input offset="0" semantic="BINORMAL" source="#meshId0-bitangents" />
					<input offset="0" semantic="TEXCOORD" source="#meshId0-tex0" set="0" />
					<vcount>
						3 3 3 3 3 3 3 3 3 3 3 3 3 3 3 3 3 3 3 3 3 3 3 3 3 3 3 3 3 3 3 3 3 3 3 3 3 3 3 3 3 3 3 3 3 3 3 3 3 3 3 3 3 3 3 3 3 3 3 3 3 3 3 3 
						3 3 3 3 3 3 3 3 3 3 3 3 3 3 3 3 3 3 3 3 3 3 3 3 3 3 3 3 3 3 3 3 3 3 3 3 3 3 3 3 3 3 3 3 3 3 3 3 3 3 3 3 3 3 3 3 3 3 3 3 3 3 3 3 
						3 3 3 3 3 3 3 3 3 3 3 3 3 3 3 3 3 3 3 3 3 3 3 3 3 3 3 3 3 3 3 3 3 3 3 3 3 3 3 3 3 3 3 3 3 3 3 3 3 3 3 3 3 3 3 3 3 3 3 3 3 3 3 3 
						3 3 3 3 3 3 3 3 3 3 3 3 3 3 3 3 3 3 3 3 
					</vcount>
					<p>
						3 0 1 1 2 3 7 4 5 5 6 7 11 8 9 9 10 11 15 12 13 13 14 15 19 16 17 17 18 19 23 20 21 21 22 23 27 24 25 25 26 27 31 28 29 29 30 31 35 32 33 33 34 35 39 36 37 37 38 39 43 40 41 41 42 43 47 44 45 45 46 47 51 48 49 49 50 51 55 52 53 53 54 55 59 56 57 57 58 59 63 60 61 61 62 63 67 64 65 65 66 67 71 68 69 69 70 71 75 72 73 73 74 75 79 76 77 77 78 79 83 80 81 81 82 83 87 84 85 85 86 87 91 88 89 89 90 91 95 92 93 93 94 95 99 96 97 97 98 99 103 100 101 101 102 103 107 104 105 105 106 107 111 108 109 109 110 111 84 112 113 113 85 84 89 88 114 114 115 89 94 93 116 116 117 94 119 118 81 81 80 119 
						81 118 120 120 121 81 123 43 42 42 122 123 125 55 54 54 124 125 127 126 49 49 48 127 98 128 129 129 130 98 131 99 98 98 130 131 133 132 44 44 47 133 137 134 135 135 136 137 141 138 139 139 140 141 145 142 143 143 144 145 147 146 142 142 145 147 151 148 149 149 150 151 155 152 153 153 154 155 159 156 157 157 158 159 161 160 156 156 159 161 165 162 163 163 164 165 169 166 167 167 168 169 166 170 171 171 167 166 175 172 173 173 174 175 179 176 177 177 178 179 183 180 181 181 182 183 187 184 185 185 186 187 135 134 38 38 37 135 140 5 4 4 141 140 142 54 53 53 143 142 146 124 54 54 142 146 148 70 69 69 149 148 154 25 24 24 155 154 157 156 89 89 115 157 156 160 90 90 89 156 164 163 61 61 60 164 168 167 44 44 132 168 
						167 171 45 45 44 167 174 13 12 12 175 174 178 177 33 33 32 178 181 109 108 108 182 181 181 188 189 189 109 181 188 185 2 2 189 188 185 184 3 3 2 185 193 190 191 191 192 193 197 194 195 195 196 197 201 198 199 199 200 201 205 202 203 203 204 205 209 206 207 207 208 209 213 210 211 211 212 213 217 214 215 215 216 217 221 218 219 219 220 221 225 222 223 223 224 225 229 226 227 227 228 229 233 230 231 231 232 233 237 234 235 235 236 237 241 238 239 239 240 241 245 242 243 243 244 245 249 246 247 247 248 249 248 247 250 250 251 248 251 250 252 252 253 251 257 254 255 255 256 257 260 255 258 258 259 260 263 258 261 261 262 263 265 263 262 262 264 265 267 260 259 259 266 267 269 257 256 256 268 269 271 244 243 243 270 271 128 49 126 126 129 128 
						64 117 116 116 65 64 25 115 114 114 26 25 157 115 25 25 154 157 153 158 157 157 154 153 112 58 57 57 113 112 42 121 120 120 122 42 273 272 239 239 238 273 275 251 253 253 274 275 276 248 251 251 275 276 277 249 248 248 276 277 
					</p>
				</polylist>
			</mesh>
		</geometry>
		<geometry id="meshId1" name="meshId1_name" >
			<mesh>
				<source id="meshId1-positions" name="meshId1-positions">
					<float_array id="meshId1-positions-array" count="2136"> 
						-2.619935 1.482837 6.813088 -2.619935 1.482837 6.643136 -2.619935 1.645188 6.643136 -2.619935 1.645188 6.813088 -3.609260 1.645188 6.813088 -3.609260 1.645188 6.643136 -3.609260 1.482837 6.643136 -3.609260 1.482837 6.813088 -2.768332 1.482837 6.813088 -2.768332 1.482837 6.643136 -2.619935 1.482837 6.643136 -2.619935 1.482837 6.813088 -2.619935 1.482837 5.680076 -2.768332 1.482837 5.680076 -2.768332 1.645188 5.680076 -2.619935 1.645188 5.680076 -2.619935 1.645188 6.813088 -2.768332 1.645188 6.813088 -2.768332 1.482837 6.813088 -2.619935 1.482837 6.813088 -2.892176 2.012733 6.501306 -2.707356 2.012733 6.712968 -2.707356 2.012733 6.246582 -2.892176 2.012733 6.246582 -2.892176 2.012733 5.991857 -2.707356 2.012733 5.780196 -3.114596 2.012733 5.780196 -3.114596 2.012733 5.991857 -3.521835 2.012733 6.712968 -3.337018 2.012733 6.501306 -3.337018 2.012733 6.246582 -3.521835 2.012733 6.246582 -3.114596 2.012733 6.712968 -3.114596 2.012733 6.501306 -2.619935 1.645188 5.850028 -2.619935 1.645188 6.246582 -2.619935 1.482837 6.246582 -2.619935 1.482837 5.850028 -3.337018 2.012733 5.991857 -3.521835 2.012733 5.780196 -3.609260 1.482837 6.246582 -3.609260 1.645188 6.246582 -3.609260 1.645188 5.850028 -3.609260 1.482837 5.850028 -2.619935 1.482837 6.246582 -2.768332 1.482837 6.246582 -2.768332 1.482837 5.850028 -2.619935 1.482837 5.850028 -3.609260 1.482837 6.813088 -3.460861 1.482837 6.813088 -3.460861 1.645188 6.813088 -3.609260 1.645188 6.813088 -3.609260 1.482837 6.813088 -3.609260 1.482837 6.643136 -3.460861 1.482837 6.643136 -3.460861 1.482837 6.813088 -3.609260 1.482837 5.850028 -3.460861 1.482837 5.850028 -3.460861 1.482837 6.246582 -3.609260 1.482837 6.246582 -3.609260 1.645188 5.680076 -3.460861 1.645188 5.680076 -3.460861 1.482837 5.680076 -3.609260 1.482837 5.680076 
						-3.337018 2.012733 6.501306 -3.521835 2.012733 6.712968 -2.619935 1.645188 5.680076 -2.619935 1.482837 5.680076 -3.609260 1.645188 5.680076 -3.609260 1.482837 5.680076 -3.460861 1.482837 5.680076 -3.609260 1.482837 5.680076 -2.768332 1.482837 5.680076 -2.619935 1.482837 5.680076 -3.114596 1.645188 6.813088 -3.114596 1.482837 6.813088 -3.114596 1.482837 6.813088 -3.114596 1.482837 6.643136 -3.114596 1.482837 6.246582 -3.114596 1.482837 5.850028 -3.114596 1.482837 5.680076 -3.114596 1.645188 5.680076 -3.114596 1.482837 5.680076 -2.768332 1.969890 6.813088 -2.619935 1.969890 6.813088 -2.707356 2.012733 6.712968 -3.114596 2.012733 6.712968 -3.114596 1.969890 6.813088 -3.521835 2.012733 6.712968 -3.609260 1.969890 6.813088 -3.460861 1.969890 6.813088 -3.609260 1.969890 6.643136 -3.609260 1.969890 6.813088 -3.521835 2.012733 6.712968 -3.521835 2.012733 6.246582 -3.609260 1.969890 6.246582 -3.609260 1.969890 5.850028 -3.521835 2.012733 5.780196 -3.609260 1.969890 5.680076 -3.460861 1.969890 5.680076 -3.609260 1.969890 5.680076 -3.521835 2.012733 5.780196 -3.114596 2.012733 5.780196 -3.114596 1.969890 5.680076 -2.707356 2.012733 5.780196 -2.619935 1.969890 5.680076 -2.768332 1.969890 5.680076 -2.707356 2.012733 5.780196 -2.707356 2.012733 6.246582 -2.619935 1.969890 6.246582 -2.619935 1.969890 5.850028 -2.619935 1.969890 5.680076 -2.707356 2.012733 6.712968 -2.619935 1.969890 6.813088 -2.619935 1.969890 6.643136 -2.619935 1.969890 6.246582 -6.398512 0.229946 10.007442 -6.297181 0.229946 10.123492 -6.326861 0.345994 10.089499 -6.398512 0.394063 10.007442 -3.460861 1.807538 6.813088 -3.114596 1.807538 6.813088 -2.768332 1.807538 6.813088 0.184277 0.392263 9.990310 0.109028 0.361856 10.076487 0.069095 0.254178 10.122221 0.169315 0.229946 10.007444 0.269537 0.205715 9.892668 
						0.250762 0.327589 9.914168 -2.619935 1.807538 6.643136 -2.619935 1.807538 6.246582 -2.619935 1.969890 5.850028 -2.619935 1.807538 5.850028 0.154356 0.392265 2.468586 0.229605 0.361857 2.554764 0.269538 0.254178 2.600498 0.169317 0.229946 2.485720 0.069095 0.205715 2.370943 0.087871 0.327589 2.392445 -2.768332 1.807538 5.680076 -3.114596 1.807538 5.680076 -3.460861 1.969890 5.680076 -3.460861 1.807538 5.680076 -6.413470 0.392263 2.502853 -6.338221 0.361856 2.416675 -6.298287 0.254176 2.370941 -6.398509 0.229944 2.485719 -6.498729 0.205714 2.600496 -6.479955 0.327587 2.578995 -3.609260 1.807538 5.850028 -3.609260 1.807538 6.246582 -3.609260 1.969890 6.246582 -3.609260 1.969890 5.850028 -3.609260 1.807538 6.643136 -3.609260 1.969890 6.643136 -6.470163 0.345994 9.925384 -6.499845 0.229946 9.891394 0.087869 0.132304 10.100721 0.154355 0.067628 10.024578 -6.398512 0.065828 10.007442 -6.326861 0.113897 10.089499 -6.470163 0.113897 9.925384 -6.383547 0.067627 2.468585 -6.458795 0.098034 2.554763 -6.317061 0.132302 2.392444 0.184279 0.067629 2.502853 0.109030 0.098036 2.416677 0.250764 0.132304 2.578996 0.229602 0.098034 9.938401 -3.460861 1.807538 6.813088 -3.460861 1.969890 6.813088 -3.747357 1.788064 7.142871 -3.716321 1.666706 7.178416 -3.609260 1.969890 6.813088 -3.822289 1.838333 7.057057 -3.609260 1.969890 6.643136 -3.897220 1.788064 6.971243 -3.609260 1.807538 6.643136 -3.928257 1.666706 6.935699 -3.609260 1.645188 6.813088 -3.460861 1.645188 6.813088 -3.747357 1.545348 7.142871 -3.822289 1.495081 7.057057 -3.609260 1.645188 6.643136 -3.897220 1.545348 6.971243 -2.619935 1.969890 6.813088 -2.768332 1.969890 6.813088 -2.469951 1.804653 7.129260 -2.391259 1.836451 7.039139 -2.768332 1.807538 6.813088 -2.511711 1.692047 7.177086 -2.619935 1.807538 6.643136 
						-2.619935 1.969890 6.643136 -2.321733 1.768816 6.959514 -2.302098 1.641366 6.937030 -2.768332 1.645188 6.813088 -2.492078 1.564596 7.154600 -2.619935 1.645188 6.813088 -2.422551 1.496962 7.074976 -2.619935 1.645188 6.643136 -2.343859 1.528761 6.984855 -2.619935 1.969890 5.680076 -2.619935 1.969890 5.850028 -2.343859 1.804653 5.508309 -2.422551 1.836451 5.418187 -2.619935 1.807538 5.850028 -2.302098 1.692047 5.556135 -2.768332 1.807538 5.680076 -2.768332 1.969890 5.680076 -2.492078 1.768816 5.338563 -2.511711 1.641366 5.316078 -2.619935 1.645188 5.680076 -2.768332 1.645188 5.680076 -2.469951 1.528761 5.363904 -2.391258 1.496962 5.454025 -2.619935 1.645188 5.850028 -2.321733 1.564596 5.533650 -3.609260 1.969890 5.680076 -3.460861 1.969890 5.680076 -3.759243 1.804653 5.363904 -3.837935 1.836451 5.454025 -3.460861 1.807538 5.680076 -3.717483 1.692047 5.316078 -3.609260 1.807538 5.850028 -3.609260 1.969890 5.850028 -3.907462 1.768816 5.533649 -3.927094 1.641366 5.556134 -3.609260 1.645188 5.680076 -3.609260 1.645188 5.850028 -3.885335 1.528761 5.508309 -3.806643 1.496962 5.418187 -3.460861 1.645188 5.680076 -3.737116 1.564596 5.338563 -2.892176 2.137674 6.501306 -2.892176 2.012733 6.501306 -2.892176 2.012733 6.246582 -2.892176 2.137674 6.246582 -2.892176 2.012733 5.991857 -2.892176 2.137674 5.991857 -3.337018 2.137674 6.501306 -3.337018 2.012733 6.501306 -3.114596 2.012733 6.501306 -3.114596 2.137674 6.501306 -2.892176 2.137674 5.991857 -2.892176 2.012733 5.991857 -3.114596 2.012733 5.991857 -3.114596 2.137674 5.991857 -3.337018 2.137674 5.991857 -3.337018 2.012733 5.991857 -3.337018 2.012733 6.246582 -3.337018 2.137674 6.246582 -3.337018 2.012733 6.501306 -3.337018 2.137674 6.501306 -2.892176 2.012733 6.501306 -2.892176 2.137674 6.501306 -3.337018 2.012733 5.991857 
						-3.337018 2.137674 5.991857 -2.954502 2.137674 6.429929 -2.892176 2.137674 6.501306 -2.892176 2.137674 6.246582 -2.954502 2.137674 6.246582 -2.892176 2.137674 5.991857 -2.954502 2.137674 6.063235 -3.274692 2.137674 6.429929 -3.337018 2.137674 6.501306 -3.114596 2.137674 6.501306 -3.114596 2.137674 6.429929 -3.114596 2.137674 5.991857 -3.114596 2.137674 6.063235 -3.274692 2.137674 6.063235 -3.337018 2.137674 5.991857 -3.337018 2.137674 6.246582 -3.274692 2.137674 6.246582 -2.954502 7.003490 6.429929 -2.954502 2.137674 6.429929 -2.954502 2.137674 6.246582 -2.954502 7.003490 6.246582 -2.954502 2.137674 6.063235 -2.954502 7.003490 6.063235 -3.274692 7.003490 6.429929 -3.274692 2.137674 6.429929 -3.114596 2.137674 6.429929 -3.114596 7.003490 6.429929 -2.954502 7.003490 6.063235 -2.954502 2.137674 6.063235 -3.114596 2.137674 6.063235 -3.114596 7.003490 6.063235 -3.274692 7.003490 6.063235 -3.274692 2.137674 6.063235 -3.274692 2.137674 6.246582 -3.274692 7.003490 6.246582 -3.274692 2.137674 6.429929 -3.274692 7.003490 6.429929 -2.954502 2.137674 6.429929 -2.954502 7.003490 6.429929 -3.274692 2.137674 6.063235 -3.274692 7.003490 6.063235 -2.954502 7.265082 6.429929 -2.954502 7.265082 6.246582 -2.954502 7.265082 6.063235 -3.274692 7.265082 6.429929 -3.114596 7.265082 6.429929 -2.954502 7.265082 6.063235 -3.114596 7.265082 6.063235 -3.274692 7.265082 6.063235 -3.274692 7.265082 6.246582 -3.274692 7.265082 6.429929 -2.954502 7.265082 6.429929 -3.274692 7.265082 6.063235 -2.995661 7.628870 5.606574 -2.954502 7.627418 5.816410 -2.954502 7.444183 5.812330 -2.995661 7.492661 5.606573 -2.995661 7.492661 5.606573 -2.954502 7.444183 5.812330 -3.114596 7.444183 5.812330 -3.114596 7.492661 5.606573 -3.274692 7.444183 5.812330 -3.233533 7.492661 5.606573 -3.233533 7.492661 5.606573 
						-3.274692 7.444183 5.812330 -3.274692 7.627418 5.816410 -3.233533 7.628870 5.606574 -3.233533 7.628870 5.606574 -3.274692 7.627418 5.816410 -3.274692 7.810652 5.820488 -3.233533 7.765081 5.606574 -3.233533 7.765081 5.606574 -3.274692 7.810652 5.820488 -3.114596 7.810652 5.820488 -3.114596 7.765081 5.606574 -2.954502 7.810652 5.820488 -2.995661 7.765081 5.606574 -2.995661 7.765081 5.606574 -2.954502 7.810652 5.820488 -2.954502 7.627418 5.816410 -2.995661 7.628870 5.606574 -2.954502 7.400786 6.237693 -2.954502 7.378296 6.057348 -2.954502 7.378296 6.057348 -2.954502 7.265082 6.063235 -3.114596 7.265082 6.063235 -3.114596 7.378296 6.057348 -3.274692 7.265082 6.063235 -3.274692 7.378296 6.057348 -3.274692 7.378296 6.057348 -3.274692 7.400786 6.237693 -3.274692 7.423276 6.418038 -3.274692 7.423276 6.418038 -3.274692 7.265082 6.429929 -3.114596 7.265082 6.429929 -3.114596 7.423276 6.418038 -2.954502 7.265082 6.429929 -2.954502 7.423276 6.418038 -2.954502 7.423276 6.418038 -2.954502 7.509084 6.189127 -2.954502 7.409706 6.041563 -2.954502 7.409706 6.041563 -3.114596 7.409706 6.041563 -3.274692 7.409706 6.041563 -3.274692 7.409706 6.041563 -3.274692 7.509084 6.189127 -3.274692 7.608463 6.336691 -3.274692 7.608463 6.336691 -3.114596 7.608463 6.336691 -2.954502 7.608463 6.336691 -2.954502 7.608463 6.336691 -2.954502 7.579590 6.092541 -2.954502 7.417103 6.014375 -2.954502 7.417103 6.014375 -3.114596 7.417103 6.014375 -3.274692 7.417103 6.014375 -3.274692 7.417103 6.014375 -3.274692 7.579590 6.092541 -3.274692 7.742080 6.170707 -3.274692 7.742080 6.170707 -3.114596 7.742080 6.170707 -2.954502 7.742080 6.170707 -2.954502 7.742080 6.170707 -2.954502 7.615388 5.961247 -2.954502 7.434612 5.935053 -2.954502 7.434612 5.935053 -3.114596 7.434612 5.935053 -3.274692 7.434612 5.935053 
						-3.274692 7.434612 5.935053 -3.274692 7.615388 5.961247 -3.274692 7.796165 5.987439 -3.274692 7.796165 5.987439 -3.114596 7.796165 5.987439 -2.954502 7.796165 5.987439 -2.954502 7.796165 5.987439 -3.765956 1.757944 7.121573 -3.742621 1.666706 7.148295 -3.822289 1.795736 7.057057 -3.878623 1.757944 6.992543 -3.901958 1.666706 6.965820 -3.765956 1.575468 7.121573 -3.822289 1.537677 7.057057 -3.878623 1.575468 6.992543 -2.454302 1.770415 7.111340 -2.395142 1.794321 7.043586 -2.485699 1.685757 7.147295 -2.342871 1.743472 6.983724 -2.328111 1.647656 6.966820 -2.470938 1.589939 7.130391 -2.418666 1.539092 7.070529 -2.359506 1.562998 7.002775 -2.359506 1.770415 5.490389 -2.418666 1.794321 5.422635 -2.328110 1.685757 5.526345 -2.470938 1.743472 5.362773 -2.485698 1.647656 5.345869 -2.454302 1.562998 5.381824 -2.395142 1.539092 5.449578 -2.342871 1.589939 5.509440 -3.774890 1.770415 5.381824 -3.834052 1.794321 5.449578 -3.743495 1.685757 5.345869 -3.886323 1.743472 5.509440 -3.901083 1.647656 5.526344 -3.869687 1.562998 5.490389 -3.810527 1.539092 5.422635 -3.758256 1.589939 5.362773 -3.742621 1.666706 7.148295 -3.765956 1.757944 7.121573 -5.802955 0.321184 9.454417 -5.779622 0.229946 9.481140 -3.822289 1.795736 7.057057 -5.859286 0.358976 9.389903 -3.822289 1.795736 7.057057 -3.878623 1.757944 6.992543 -5.915620 0.321184 9.325387 -5.859286 0.358976 9.389903 -3.901958 1.666706 6.965820 -5.938955 0.229946 9.298663 -3.822289 1.537677 7.057057 -3.765956 1.575468 7.121573 -5.802955 0.138708 9.454417 -5.859286 0.100916 9.389903 -3.878623 1.575468 6.992543 -5.915620 0.138708 9.325387 -2.395142 1.794321 7.043586 -2.454302 1.770415 7.111340 -0.417307 0.333654 9.444187 -0.358145 0.357561 9.376433 -2.485699 1.685757 7.147295 -0.448703 0.248998 9.480142 -2.328111 1.647656 6.966820 
						-2.342871 1.743472 6.983724 -0.305875 0.306712 9.316571 -0.291114 0.210894 9.299666 -2.395142 1.794321 7.043586 -0.358145 0.357561 9.376433 -2.470938 1.589939 7.130391 -0.433941 0.153179 9.463238 -2.418666 1.539092 7.070529 -0.381671 0.102332 9.403375 -2.359506 1.562998 7.002775 -0.322510 0.126238 9.335623 -2.418666 1.794321 5.422635 -2.359506 1.770415 5.490389 -0.322508 0.333656 3.157542 -0.381671 0.357562 3.089788 -2.359506 1.770415 5.490389 -2.328110 1.685757 5.526345 -0.291114 0.248998 3.193499 -0.322508 0.333656 3.157542 -2.485698 1.647656 5.345869 -2.470938 1.743472 5.362773 -0.433941 0.306713 3.029926 -0.448703 0.210895 3.013021 -2.395142 1.539092 5.449578 -2.454302 1.562998 5.381824 -0.417306 0.126238 3.048979 -0.358145 0.102332 3.116731 -2.342871 1.589939 5.509440 -0.305875 0.153179 3.176593 -3.834052 1.794321 5.449578 -3.774890 1.770415 5.381824 -5.811885 0.333654 3.048976 -5.871047 0.357561 3.116731 -3.743495 1.685757 5.345869 -5.780490 0.248996 3.013021 -3.901083 1.647656 5.526344 -3.886323 1.743472 5.509440 -5.923317 0.306711 3.176593 -5.938078 0.210894 3.193498 -3.834052 1.794321 5.449578 -5.871047 0.357561 3.116731 -3.810527 1.539092 5.422635 -3.869687 1.562998 5.490389 -5.906683 0.126235 3.157542 -5.847520 0.102330 3.089788 -3.758256 1.589939 5.362773 -5.795249 0.153179 3.029925 -5.715738 0.229946 9.554301 -5.757781 0.394343 9.506149 -6.230031 0.394343 10.046987 -6.187986 0.229946 10.095136 -5.859286 0.462440 9.389903 -6.331537 0.462440 9.930739 -5.859286 0.462440 9.389903 -5.960793 0.394344 9.273654 -6.433042 0.394344 9.814493 -6.331537 0.462440 9.930739 -6.002837 0.229946 9.225502 -6.475085 0.229946 9.766342 -5.859286 -0.002548 9.389903 -5.757781 0.065546 9.506149 -6.230031 0.065546 10.046987 -6.331537 -0.002548 9.930739 -5.960793 0.065546 9.273655 
						-6.433042 0.065546 9.814493 -0.348714 0.459891 9.365631 -0.455313 0.416815 9.487714 0.016934 0.416815 10.028551 0.123536 0.459891 9.906468 -0.511885 0.264273 9.552500 -0.039636 0.264273 10.093337 -0.227932 0.195619 9.227308 -0.254529 0.368270 9.257767 0.217720 0.368270 9.798605 0.244316 0.195619 9.768146 -0.348714 0.459891 9.365631 0.123536 0.459891 9.906468 -0.485288 0.091621 9.522043 -0.013039 0.091621 10.062880 -0.391104 0.000000 9.414178 0.081145 0.000000 9.955015 -0.284504 0.043076 9.292094 0.187747 0.043076 9.832932 -0.391104 0.459893 3.078986 -0.284502 0.416816 3.201070 0.187747 0.416816 2.660232 0.081148 0.459893 2.538148 -0.284502 0.416816 3.201070 -0.227929 0.264275 3.265858 0.244316 0.264275 2.725019 0.187747 0.416816 2.660232 -0.511885 0.195619 2.940663 -0.485288 0.368270 2.971123 -0.013038 0.368270 2.430285 -0.039635 0.195619 2.399827 -0.348713 0.000001 3.127532 -0.455312 0.043077 3.005451 0.016936 0.043077 2.464614 0.123538 0.000001 2.586695 -0.254527 0.091622 3.235397 0.217722 0.091622 2.694560 -5.880480 0.459891 3.127532 -5.773879 0.416815 3.005449 -6.246128 0.416815 2.464612 -6.352728 0.459891 2.586695 -5.717308 0.264273 2.940663 -6.189557 0.264273 2.399826 -6.001261 0.195617 3.265855 -5.974665 0.368268 3.235396 -6.446914 0.368268 2.694558 -6.473508 0.195617 2.725017 -5.880480 0.459891 3.127532 -6.352728 0.459891 2.586695 -5.838090 0.000000 3.078986 -5.944689 0.043076 3.201070 -6.416939 0.043076 2.660231 -6.310338 0.000000 2.538148 -5.743905 0.091621 2.971122 -6.216154 0.091621 2.430284 -6.326861 0.345994 10.089499 -6.297181 0.229946 10.123492 -6.398512 0.394063 10.007442 -6.470163 0.345994 9.925384 -6.398512 0.394063 10.007442 -6.499845 0.229946 9.891394 -6.326861 0.113897 10.089499 -6.398512 0.065828 10.007442 -6.470163 0.113897 9.925384 
						0.109028 0.361856 10.076487 0.184277 0.392263 9.990310 0.069095 0.254178 10.122221 0.250762 0.327589 9.914168 0.269537 0.205715 9.892668 0.184277 0.392263 9.990310 0.087869 0.132304 10.100721 0.154355 0.067628 10.024578 0.229602 0.098034 9.938401 0.229605 0.361857 2.554764 0.154356 0.392265 2.468586 0.269538 0.254178 2.600498 0.229605 0.361857 2.554764 0.087871 0.327589 2.392445 0.069095 0.205715 2.370943 0.109030 0.098036 2.416677 0.184279 0.067629 2.502853 0.250764 0.132304 2.578996 -6.338221 0.361856 2.416675 -6.413470 0.392263 2.502853 -6.298287 0.254176 2.370941 -6.479955 0.327587 2.578995 -6.498729 0.205714 2.600496 -6.413470 0.392263 2.502853 -6.458795 0.098034 2.554763 -6.383547 0.067627 2.468585 -6.317061 0.132302 2.392444 -1.613888 9.347534 5.550532 -2.995661 7.765081 5.606574 -2.995661 7.628870 5.606574 0.083025 7.628870 5.561158 0.083025 7.628870 5.561158 -2.995661 7.628870 5.606574 -2.995661 7.492661 5.606573 -1.613888 5.910206 5.550528 -4.644678 9.360656 5.550532 -3.233533 7.765081 5.606574 -3.114596 7.765081 5.606574 -3.114596 10.796452 5.561158 -1.613888 5.910206 5.550528 -2.995661 7.492661 5.606573 -3.114596 7.492661 5.606573 -3.114596 4.461291 5.561154 -4.615305 5.910206 5.550528 -3.233533 7.492661 5.606573 -3.233533 7.628870 5.606574 -6.312219 7.628870 5.561158 -6.312219 7.628870 5.561158 -3.233533 7.628870 5.606574 -3.233533 7.765081 5.606574 -4.644678 9.360656 5.550532 -3.114596 10.796452 5.561158 -3.114596 7.765081 5.606574 -2.995661 7.765081 5.606574 -1.613888 9.347534 5.550532 -3.114596 4.461291 5.561154 -3.114596 7.492661 5.606573 -3.233533 7.492661 5.606573 -4.615305 5.910206 5.550528 -1.613888 9.347534 5.429756 -1.613888 9.347534 5.550532 0.083025 7.628870 5.561158 0.083025 7.628871 5.419129 0.083025 7.628871 5.419129 
						0.083025 7.628870 5.561158 -1.613888 5.910206 5.550528 -1.613888 5.910206 5.429752 -4.644678 9.360656 5.429756 -4.644678 9.360656 5.550532 -3.114596 10.796452 5.561158 -3.114596 10.796452 5.419130 -1.613888 5.910206 5.429752 -1.613888 5.910206 5.550528 -3.114596 4.461291 5.561154 -3.114596 4.461291 5.419125 -4.615305 5.910206 5.429752 -4.615305 5.910206 5.550528 -6.312219 7.628870 5.561158 -6.312219 7.628870 5.419129 -6.312219 7.628870 5.419129 -6.312219 7.628870 5.561158 -4.644678 9.360656 5.550532 -4.644678 9.360656 5.429756 -1.613888 9.347534 5.429756 -3.114596 10.796452 5.419130 -3.114596 10.796452 5.561158 -1.613888 9.347534 5.550532 -4.615305 5.910206 5.429752 -3.114596 4.461291 5.419125 -3.114596 4.461291 5.561154 -4.615305 5.910206 5.550528 -1.787248 9.135765 5.230442 -1.668014 9.293948 5.330346 -0.023948 7.628871 5.319988 -0.299403 7.628871 5.221125 -3.115612 10.418480 5.221133 -3.114596 10.690187 5.319711 -3.114596 10.690187 5.319711 -3.115612 10.418480 5.221133 -4.469499 9.148049 5.230447 -4.588822 9.306595 5.329753 -0.299403 7.628871 5.221125 -0.023948 7.628871 5.319988 -1.668014 5.963793 5.330342 -1.787248 6.121976 5.230439 -3.114596 4.567120 5.320114 -3.114596 4.840464 5.221121 -3.114596 4.840464 5.221121 -3.114596 4.567120 5.320114 -4.561175 5.963792 5.330341 -4.441943 6.121976 5.230439 -5.931237 7.630064 5.221132 -6.204715 7.628870 5.319498 -6.204715 7.628870 5.319498 -5.931237 7.630064 5.221132 -3.115612 10.418480 5.221133 -1.787248 9.135765 5.230442 -0.299403 7.628871 5.221125 -3.114596 7.628870 5.221125 -1.787248 6.121976 5.230439 -3.114596 4.840464 5.221121 -4.441943 6.121976 5.230439 -5.931237 7.630064 5.221132 -4.469499 9.148049 5.230447 -3.114596 10.796452 5.419130 -1.613888 9.347534 5.429756 0.083025 7.628871 5.419129 0.083025 7.628871 5.419129 
						-1.613888 5.910206 5.429752 -3.114596 4.461291 5.419125 -4.615305 5.910206 5.429752 -6.312219 7.628870 5.419129 -3.114596 4.461291 5.419125 -6.312219 7.628870 5.419129 -4.644678 9.360656 5.429756 -3.114596 10.796452 5.419130 
					</float_array>
					<technique_common>
						<accessor count="712" offset="0" source="#meshId1-positions-array" stride="3">
							<param name="X" type="float" />
							<param name="Y" type="float" />
							<param name="Z" type="float" />
						</accessor>
					</technique_common>
				</source>
				<source id="meshId1-normals" name="meshId1-normals">
					<float_array id="meshId1-normals-array" count="2136"> 
						1.000000 0.000000 0.000000 1.000000 0.000000 0.000000 0.941111 -0.187396 -0.281412 -0.083841 -0.995435 0.045596 0.016183 -0.999769 -0.014130 -0.944327 -0.165819 -0.284168 -1.000000 0.000000 0.000000 -1.000000 0.000000 0.000000 0.000000 -1.000000 0.000000 0.000000 -1.000000 0.000000 0.000000 -1.000000 0.000000 0.000000 -1.000000 0.000000 0.000000 0.000000 -1.000000 0.000000 0.000000 -1.000000 -0.357151 -0.207671 -0.910668 0.052246 -0.995944 0.073246 -0.083841 -0.995435 0.045596 -0.360324 -0.158851 0.919202 0.000000 0.000000 1.000000 0.000000 0.000000 1.000000 0.000000 1.000000 0.000000 0.000000 1.000000 0.000000 0.000000 1.000000 0.000000 0.000000 1.000000 0.000000 0.000000 1.000000 0.000000 0.000000 1.000000 0.000000 0.000000 1.000000 0.000000 0.000000 1.000000 0.000000 0.000000 1.000000 0.000000 0.000000 1.000000 0.000000 0.000000 1.000000 0.000000 0.000000 1.000000 0.000000 0.000000 1.000000 0.000000 0.000000 1.000000 0.000000 0.948263 -0.143092 0.283413 1.000000 0.000000 0.000000 1.000000 0.000000 0.000000 1.000000 0.000000 0.000000 0.000000 1.000000 0.000000 0.000000 1.000000 0.000000 -1.000000 0.000000 0.000000 -1.000000 0.000000 0.000000 -0.941111 -0.187396 0.281412 -1.000000 0.000000 0.000000 0.000000 -1.000000 0.000000 0.000000 -1.000000 0.000000 0.000000 -1.000000 0.000000 0.000000 -1.000000 0.000000 0.000000 0.000000 1.000000 0.000000 0.000000 1.000000 0.360861 -0.183867 0.914315 0.016183 -0.999769 -0.014130 0.000000 -1.000000 0.000000 0.000000 -1.000000 0.000000 0.000000 -1.000000 0.000000 0.000000 -1.000000 0.000000 0.000000 -1.000000 0.000000 0.000000 -1.000000 0.000000 0.000000 -1.000000 0.000000 0.000000 -1.000000 0.000000 0.083841 -0.995435 -0.045596 0.360324 -0.158851 -0.919202 0.000000 0.000000 -1.000000 0.000000 0.000000 -1.000000 
						0.000000 1.000000 0.000000 0.000000 1.000000 0.000000 0.052246 -0.995944 0.073246 1.000000 0.000000 0.000000 0.083841 -0.995435 -0.045596 -1.000000 0.000000 0.000000 0.000000 -1.000000 0.000000 0.000000 -1.000000 0.000000 0.000000 -1.000000 0.000000 0.000000 -1.000000 0.000000 0.000000 0.000000 1.000000 0.000000 0.000000 1.000000 0.000000 -1.000000 0.000000 0.000000 -1.000000 0.000000 0.000000 -1.000000 0.000000 0.000000 -1.000000 0.000000 0.000000 -1.000000 0.000000 0.000000 0.000000 -1.000000 0.000000 0.000000 -1.000000 -0.145219 0.671974 0.726197 0.311227 0.928583 0.202168 0.000000 0.919360 0.393417 0.000000 0.919360 0.393417 0.000000 0.513050 0.858359 0.000000 0.919360 0.393417 -0.272580 0.932229 0.238011 0.157614 0.664595 0.730391 -0.776539 0.616980 -0.127765 -0.272580 0.932229 0.238011 -0.440068 0.897964 0.000000 -0.440068 0.897964 0.000000 -0.886522 0.462687 0.000000 -0.780855 0.609507 0.136994 -0.440068 0.897964 0.000000 -0.311226 0.928583 -0.202168 0.145218 0.671975 -0.726196 -0.311226 0.928583 -0.202168 0.000000 0.919361 -0.393415 0.000000 0.919361 -0.393415 0.000000 0.513052 -0.858357 0.000000 0.919361 -0.393415 0.232729 0.933391 -0.273164 -0.169082 0.656865 -0.734806 0.440069 0.897964 0.000000 0.440069 0.897964 0.000000 0.886522 0.462686 0.000000 0.772417 0.624102 0.117768 0.232729 0.933391 -0.273164 0.440069 0.897964 0.000000 0.311227 0.928583 0.202168 0.780855 0.609506 -0.136994 0.886522 0.462686 0.000000 -0.753255 0.000000 0.657728 -0.261255 0.000000 0.965270 -0.324640 0.364431 0.872811 -0.598361 0.607437 0.522479 0.449592 0.029328 0.892753 0.000000 0.000000 1.000000 -0.436348 0.058475 0.897876 0.672420 0.587887 0.449711 0.355365 0.435083 0.827296 0.263233 0.066427 0.962443 0.753255 0.000001 0.657729 0.977242 -0.058892 0.203786 
						0.935090 0.263778 0.236702 0.929524 -0.000623 -0.368760 1.000000 0.000000 0.000000 0.772417 0.624102 0.117768 0.936369 0.053248 0.346955 0.526851 0.601389 -0.600632 0.871002 0.399975 -0.285264 0.977243 0.058890 -0.203785 0.753254 0.000001 -0.657729 0.263230 -0.066424 -0.962444 0.301251 0.293131 -0.907371 -0.461580 -0.000682 -0.887098 0.000000 0.000000 -1.000000 0.145218 0.671975 -0.726196 0.436347 0.058475 -0.897876 -0.672425 0.587885 -0.449707 -0.355367 0.435081 -0.827296 -0.263233 0.066421 -0.962443 -0.753256 -0.000002 -0.657727 -0.977242 -0.058894 -0.203787 -0.935091 0.263772 -0.236706 -0.929524 -0.000623 0.368761 -1.000000 0.000000 0.000000 -0.886522 0.462687 0.000000 -0.780855 0.609507 0.136994 -0.933213 0.026769 -0.358325 -0.776539 0.616980 -0.127765 -0.907836 0.330985 0.257453 -0.979364 0.000000 0.202104 0.301254 -0.293126 0.907372 0.526853 -0.601389 0.600630 -0.598362 -0.607436 0.522479 -0.324641 -0.364430 0.872811 -0.907837 -0.330983 0.257453 -0.526854 -0.601390 -0.600629 -0.871001 -0.399979 -0.285261 -0.301250 -0.293133 -0.907371 0.672419 -0.587888 -0.449711 0.355361 -0.435084 -0.827297 0.935091 -0.263775 -0.236703 0.871002 -0.399977 0.285261 0.449592 0.029328 0.892753 0.157614 0.664595 0.730391 0.539006 0.434003 0.721883 0.755994 -0.049957 0.652670 -0.272580 0.932229 0.238011 -0.317389 0.906895 0.277138 -0.776539 0.616980 -0.127765 -0.790648 0.415062 -0.450110 -0.933213 0.026769 -0.358325 -0.748604 -0.050033 -0.661127 0.016183 -0.999769 -0.014130 0.360861 -0.183867 0.914315 0.627283 -0.715795 0.306844 0.185444 -0.969222 -0.161926 -0.944327 -0.165819 -0.284168 -0.363252 -0.739916 -0.566191 0.311227 0.928583 0.202168 -0.145219 0.671974 0.726197 -0.468771 0.518187 0.715357 0.399079 0.894776 0.200278 -0.436348 0.058475 0.897876 -0.745329 0.016551 0.666491 0.929524 -0.000623 -0.368760 
						0.780855 0.609506 -0.136994 0.794887 0.336217 -0.505087 0.734404 -0.115757 -0.668769 -0.360324 -0.158851 0.919202 -0.665435 -0.646606 0.372956 -0.083841 -0.995435 0.045596 -0.249487 -0.962726 -0.104475 0.941111 -0.187396 -0.281412 0.285865 -0.798512 -0.529773 0.232729 0.933391 -0.273164 0.772417 0.624102 0.117768 0.778570 0.492456 0.388994 0.232328 0.906331 -0.352969 0.936369 0.053248 0.346955 0.760845 0.016498 0.648723 -0.461580 -0.000682 -0.887098 -0.169082 0.656865 -0.734806 -0.600017 0.348755 -0.719965 -0.761636 -0.115114 -0.637698 0.052246 -0.995944 0.073246 -0.357151 -0.207671 -0.910668 -0.587073 -0.772663 -0.241530 -0.120335 -0.968254 0.219099 0.948263 -0.143092 0.283413 0.440977 -0.667582 0.599894 -0.311226 0.928583 -0.202168 0.145218 0.671975 -0.726196 0.468769 0.518188 -0.715358 -0.399079 0.894776 -0.200278 0.436347 0.058475 -0.897876 0.745329 0.016553 -0.666492 -0.929524 -0.000623 0.368761 -0.780855 0.609507 0.136994 -0.794887 0.336217 0.505087 -0.734404 -0.115757 0.668768 0.083841 -0.995435 -0.045596 -0.941111 -0.187396 0.281412 -0.285864 -0.798513 0.529773 0.249487 -0.962726 0.104475 0.360324 -0.158851 -0.919202 0.665435 -0.646606 -0.372956 1.000000 0.000000 0.000000 1.000000 0.000000 0.000000 1.000000 0.000000 0.000000 1.000000 0.000000 0.000000 1.000000 0.000000 0.000000 1.000000 0.000000 0.000000 0.000000 0.000000 1.000000 0.000000 0.000000 1.000000 0.000000 0.000000 1.000000 0.000000 0.000000 1.000000 0.000000 0.000000 -1.000000 0.000000 0.000000 -1.000000 0.000000 0.000000 -1.000000 0.000000 0.000000 -1.000000 -1.000000 0.000000 0.000000 -1.000000 0.000000 0.000000 -1.000000 0.000000 0.000000 -1.000000 0.000000 0.000000 -1.000000 0.000000 0.000000 -1.000000 0.000000 0.000000 0.000000 0.000000 1.000000 0.000000 0.000000 1.000000 0.000000 0.000000 -1.000000 
						0.000000 0.000000 -1.000000 0.000000 1.000000 0.000000 0.000000 1.000000 0.000000 0.000000 1.000000 0.000000 0.000000 1.000000 0.000000 0.000000 1.000000 0.000000 0.000000 1.000000 0.000000 0.000000 1.000000 0.000000 0.000000 1.000000 0.000000 0.000000 1.000000 0.000000 0.000000 1.000000 0.000000 0.000000 1.000000 0.000000 0.000000 1.000000 0.000000 0.000000 1.000000 0.000000 0.000000 1.000000 0.000000 0.000000 1.000000 0.000000 0.000000 1.000000 0.000000 1.000000 0.000000 0.000000 1.000000 0.000000 0.000000 1.000000 0.000000 0.000000 1.000000 0.000000 0.000000 1.000000 0.000000 0.000000 1.000000 0.000000 0.000000 0.000000 0.000000 1.000000 0.000000 0.000000 1.000000 0.000000 0.000000 1.000000 0.000000 0.000000 1.000000 0.000000 0.000000 -1.000000 0.000000 0.000000 -1.000000 0.000000 0.000000 -1.000000 0.000000 0.000000 -1.000000 -1.000000 0.000000 0.000000 -1.000000 0.000000 0.000000 -1.000000 0.000000 0.000000 -1.000000 0.000000 0.000000 -1.000000 0.000000 0.000000 -1.000000 0.000000 0.000000 0.000000 0.000000 1.000000 0.000000 0.000000 1.000000 0.000000 0.000000 -1.000000 0.000000 0.000000 -1.000000 1.000000 0.000000 0.000000 1.000000 0.000000 0.000000 1.000000 0.000000 0.000000 0.000000 0.000000 1.000000 0.000000 0.000000 1.000000 0.000000 0.000000 -1.000000 0.000000 0.000000 -1.000000 -1.000000 0.000000 0.000000 -1.000000 0.000000 0.000000 -1.000000 0.000000 0.000000 0.000000 0.000000 1.000000 0.000000 0.000000 -1.000000 0.980996 0.002478 -0.194011 0.993110 0.001497 -0.117178 0.995327 0.001233 -0.096555 0.980996 0.002478 -0.194011 0.000000 -0.973350 -0.229325 0.000000 -0.986489 -0.163830 0.000000 -0.985600 -0.169091 0.000000 -0.973350 -0.229325 0.000000 -0.986489 -0.163830 0.000000 -0.973350 -0.229325 -0.980996 0.002478 -0.194010 
						-0.995327 0.001233 -0.096555 -0.993110 0.001497 -0.117178 -0.980996 0.002478 -0.194010 -0.981599 0.002437 -0.190939 -0.994884 0.001290 -0.101020 -0.995309 0.001235 -0.096736 -0.981599 0.002437 -0.190939 0.000000 0.978052 -0.208363 0.000000 0.998145 -0.060874 0.000000 0.997462 -0.071207 0.000000 0.978052 -0.208363 0.000000 0.998145 -0.060874 0.000000 0.978052 -0.208363 0.981599 0.002437 -0.190940 0.995309 0.001235 -0.096736 0.994884 0.001290 -0.101020 0.981599 0.002437 -0.190940 1.000000 0.000000 0.000000 1.000000 0.000000 0.000000 0.000000 -0.148201 -0.988957 0.000000 -0.051931 -0.998651 0.000000 -0.051931 -0.998651 0.000000 -0.148201 -0.988957 0.000000 -0.051931 -0.998651 0.000000 -0.148201 -0.988957 -1.000000 0.000000 0.000000 -1.000000 0.000000 0.000000 -1.000000 0.000000 0.000000 0.000000 0.262041 0.965057 0.000000 0.074954 0.997187 0.000000 0.074954 0.997187 0.000000 0.262041 0.965057 0.000000 0.074954 0.997187 0.000000 0.262041 0.965057 1.000000 0.000000 0.000000 1.000000 0.000000 0.000000 1.000000 0.000000 0.000000 0.000000 -0.742164 -0.670218 0.000000 -0.742164 -0.670218 0.000000 -0.742164 -0.670218 -1.000000 0.000000 0.000000 -1.000000 0.000000 0.000000 -1.000000 0.000000 0.000000 0.000000 0.612972 0.790105 0.000000 0.612972 0.790105 0.000000 0.612972 0.790105 1.000000 0.000000 0.000000 1.000000 0.000000 0.000000 1.000000 0.000000 0.000000 0.000000 -0.973731 -0.227700 0.000000 -0.973731 -0.227700 0.000000 -0.973731 -0.227700 -1.000000 0.000000 0.000000 -1.000000 0.000000 0.000000 -1.000000 0.000000 0.000000 0.000000 0.880847 0.473401 0.000000 0.880847 0.473401 0.000000 0.880847 0.473401 1.000000 0.000000 0.000000 1.000000 0.000000 0.000000 1.000000 0.000000 0.000000 0.000000 -0.991137 -0.132844 0.000000 -0.991137 -0.132844 0.000000 -0.991137 -0.132844 
						-1.000000 0.000000 0.000000 -1.000000 0.000000 0.000000 -1.000000 0.000000 0.000000 0.000000 0.981365 0.192151 0.000000 0.981365 0.192151 0.000000 0.981365 0.192151 1.000000 0.000000 0.000000 0.175353 0.747958 0.640165 0.683173 0.153778 0.713882 -0.335563 0.895291 0.293004 -0.692634 0.706636 -0.144653 -0.798655 0.150227 -0.582736 0.757901 -0.556372 0.340641 0.309004 -0.911985 -0.269813 -0.411276 -0.586574 -0.697698 -0.065702 0.809257 0.583769 0.412359 0.884452 0.218412 -0.611281 0.290959 0.735988 0.740701 0.629203 -0.235513 0.767837 0.012622 -0.640520 -0.785540 -0.436366 0.438762 -0.426250 -0.891252 -0.154860 0.281674 -0.701116 -0.655054 0.635953 0.769796 0.054572 0.253388 0.895964 -0.364752 0.811061 0.279975 0.513608 -0.286392 0.668100 -0.686747 -0.738077 0.012699 -0.674597 -0.710504 -0.664021 -0.232941 -0.180603 -0.907594 0.379019 0.525765 -0.456593 0.717700 0.065703 0.809256 -0.583770 -0.412360 0.884452 -0.218412 0.611280 0.290961 -0.735988 -0.740701 0.629202 0.235514 -0.767837 0.012624 0.640520 -0.281675 -0.701114 0.655055 0.426252 -0.891251 0.154859 0.785540 -0.436366 -0.438762 0.683173 0.153778 0.713882 0.175353 0.747958 0.640165 0.438160 0.589157 0.678904 0.816816 -0.149097 0.557298 -0.335563 0.895291 0.293004 -0.288438 0.923781 0.251858 -0.335563 0.895291 0.293004 -0.692634 0.706636 -0.144653 -0.741995 0.562259 -0.365114 -0.288438 0.923781 0.251858 -0.798655 0.150227 -0.582736 -0.658895 -0.153928 -0.736318 0.309004 -0.911985 -0.269813 0.757901 -0.556372 0.340641 0.708677 -0.695459 0.118801 0.365051 -0.874720 -0.318751 -0.411276 -0.586574 -0.697698 -0.144610 -0.739231 -0.657743 0.412359 0.884452 0.218412 -0.065702 0.809257 0.583769 -0.308720 0.705860 0.637538 0.407546 0.903054 0.135643 -0.611281 0.290959 0.735988 -0.787810 -0.012553 0.615790 0.767837 0.012622 -0.640520 
						0.740701 0.629203 -0.235513 0.768787 0.440375 -0.463720 0.585150 -0.290568 -0.757080 0.412359 0.884452 0.218412 0.407546 0.903054 0.135643 -0.785540 -0.436366 0.438762 -0.755873 -0.620234 0.209682 -0.426250 -0.891252 -0.154860 -0.439236 -0.864287 -0.245112 0.281674 -0.701116 -0.655054 0.034419 -0.797768 -0.601981 0.253388 0.895964 -0.364752 0.635953 0.769796 0.054572 0.694892 0.671791 0.256557 0.158030 0.918678 -0.362019 0.635953 0.769796 0.054572 0.811061 0.279975 0.513608 0.715787 -0.012744 0.698203 0.694892 0.671791 0.256557 -0.738077 0.012699 -0.674597 -0.286392 0.668100 -0.686747 -0.551705 0.457486 -0.697372 -0.827725 -0.277393 -0.487775 -0.180603 -0.907594 0.379019 -0.710504 -0.664021 -0.232941 -0.653589 -0.756313 -0.028495 -0.284595 -0.876246 0.388842 0.525765 -0.456593 0.717700 0.256278 -0.661937 0.704387 -0.412360 0.884452 -0.218412 0.065703 0.809256 -0.583770 0.308722 0.705857 -0.637539 -0.407547 0.903054 -0.135643 0.611280 0.290961 -0.735988 0.787809 -0.012549 -0.615792 -0.767837 0.012624 0.640520 -0.740701 0.629202 0.235514 -0.768787 0.440376 0.463720 -0.585152 -0.290565 0.757079 -0.412360 0.884452 -0.218412 -0.407547 0.903054 -0.135643 0.426252 -0.891251 0.154859 -0.281675 -0.701114 0.655055 -0.034422 -0.797767 0.601983 0.439236 -0.864287 0.245112 0.785540 -0.436366 -0.438762 0.755874 -0.620231 -0.209686 0.807831 0.000000 0.589414 0.607821 0.673140 0.421231 0.502944 0.690019 0.520500 0.710288 0.000000 0.703912 0.051121 0.997694 -0.044637 -0.040559 0.998549 0.035415 0.051121 0.997694 -0.044637 -0.490440 0.684347 -0.539572 -0.588976 0.681780 -0.433916 -0.040559 0.998549 0.035415 -0.691386 -0.000001 -0.722486 -0.792578 -0.000001 -0.609771 0.051123 -0.997694 -0.044637 0.607820 -0.673141 0.421231 0.502943 -0.690020 0.520500 -0.040559 -0.998549 0.035415 -0.490440 -0.684347 -0.539572 
						-0.588976 -0.681780 -0.433916 0.067277 0.986468 -0.149516 -0.524814 0.774703 0.352713 -0.420236 0.790010 0.446414 0.158193 0.985153 -0.066690 -0.800808 0.135399 0.583416 -0.702792 0.140695 0.697344 0.684174 -0.138646 -0.716019 0.558539 0.570455 -0.602175 0.658292 0.568518 -0.493396 0.785316 -0.138350 -0.603439 0.067277 0.986468 -0.149516 0.158193 0.985153 -0.066690 -0.676609 -0.559681 0.478495 -0.572868 -0.576381 0.582758 -0.170728 -0.983576 0.058570 -0.076550 -0.987407 0.138446 0.409438 -0.785242 -0.464495 0.506181 -0.782171 -0.363304 -0.170731 0.983575 -0.058575 0.409435 0.785245 0.464493 0.506179 0.782173 0.363301 -0.076552 0.987407 -0.138448 0.409435 0.785245 0.464493 0.684174 0.138646 0.716019 0.785316 0.138351 0.603439 0.506179 0.782173 0.363301 -0.800807 -0.135400 -0.583417 -0.676609 0.559680 -0.478497 -0.572870 0.576378 -0.582759 -0.702792 -0.140696 -0.697344 0.067275 -0.986468 0.149514 -0.524814 -0.774702 -0.352714 -0.420237 -0.790009 -0.446415 0.158192 -0.985154 0.066689 0.558538 -0.570457 0.602175 0.658291 -0.568519 0.493395 -0.067281 0.986467 0.149519 0.524815 0.774701 -0.352714 0.420237 0.790009 -0.446415 -0.158197 0.985153 0.066694 0.800808 0.135398 -0.583416 0.702793 0.140694 -0.697343 -0.684174 -0.138648 0.716019 -0.558541 0.570452 0.602176 -0.658294 0.568514 0.493397 -0.785316 -0.138352 0.603438 -0.067281 0.986467 0.149519 -0.158197 0.985153 0.066694 0.170727 -0.983576 -0.058571 -0.409436 -0.785243 0.464494 -0.506179 -0.782173 0.363302 0.076550 -0.987407 -0.138447 0.676609 -0.559680 -0.478496 0.572870 -0.576379 -0.582758 -0.324640 0.364431 0.872811 -0.261255 0.000000 0.965270 -0.598361 0.607437 0.522479 -0.907836 0.330985 0.257453 -0.598361 0.607437 0.522479 -0.979364 0.000000 0.202104 -0.324641 -0.364430 0.872811 -0.598362 -0.607436 0.522479 -0.907837 -0.330983 0.257453 
						0.355365 0.435083 0.827296 0.672420 0.587887 0.449711 0.263233 0.066427 0.962443 0.935090 0.263778 0.236702 0.977242 -0.058892 0.203786 0.672420 0.587887 0.449711 0.301254 -0.293126 0.907372 0.526853 -0.601389 0.600630 0.871002 -0.399977 0.285261 0.871002 0.399975 -0.285264 0.526851 0.601389 -0.600632 0.977243 0.058890 -0.203785 0.871002 0.399975 -0.285264 0.301251 0.293131 -0.907371 0.263230 -0.066424 -0.962444 0.355361 -0.435084 -0.827297 0.672419 -0.587888 -0.449711 0.935091 -0.263775 -0.236703 -0.355367 0.435081 -0.827296 -0.672425 0.587885 -0.449707 -0.263233 0.066421 -0.962443 -0.935091 0.263772 -0.236706 -0.977242 -0.058894 -0.203787 -0.672425 0.587885 -0.449707 -0.871001 -0.399979 -0.285261 -0.526854 -0.601390 -0.600629 -0.301250 -0.293133 -0.907371 0.015633 0.020029 0.999677 0.015633 0.020029 0.999677 0.015633 0.020029 0.999677 0.015633 0.020029 0.999677 0.015633 -0.020031 0.999677 0.015633 -0.020031 0.999677 0.015633 -0.020031 0.999677 0.015633 -0.020031 0.999677 -0.020171 0.015768 0.999672 -0.020171 0.015768 0.999672 -0.020171 0.015768 0.999672 -0.020171 0.015768 0.999672 0.020683 -0.015790 0.999661 0.020683 -0.015790 0.999661 0.020683 -0.015790 0.999661 0.020683 -0.015790 0.999661 -0.015633 -0.020031 0.999677 -0.015633 -0.020031 0.999677 -0.015633 -0.020031 0.999677 -0.015633 -0.020031 0.999677 -0.015615 0.019626 0.999685 -0.015615 0.019626 0.999685 -0.015615 0.019626 0.999685 -0.015615 0.019626 0.999685 0.020683 0.015788 0.999661 0.020683 0.015788 0.999661 0.020683 0.015788 0.999661 0.020683 0.015788 0.999661 -0.020683 -0.015790 0.999661 -0.020683 -0.015790 0.999661 -0.020683 -0.015790 0.999661 -0.020683 -0.015790 0.999661 0.711595 0.702590 0.000004 0.711595 0.702590 0.000004 1.000000 -0.000009 0.000001 1.000000 0.000007 0.000001 1.000000 0.000007 0.000001 
						1.000000 -0.000009 0.000001 0.711595 -0.702590 -0.000003 0.711595 -0.702590 -0.000003 -0.684282 0.729217 0.000000 -0.684282 0.729217 0.000000 0.004329 0.999991 0.000000 0.004329 0.999991 0.000000 0.694583 -0.719412 0.000000 0.694583 -0.719412 0.000000 -0.000000 -1.000000 -0.000000 -0.000000 -1.000000 -0.000000 -0.711595 -0.702590 -0.000000 -0.711595 -0.702590 -0.000000 -0.999964 -0.008513 -0.000000 -0.999964 -0.008514 -0.000000 -0.999964 -0.008514 -0.000000 -0.999964 -0.008513 -0.000000 -0.720342 0.693619 0.000000 -0.720342 0.693619 0.000000 0.694584 0.719411 0.000000 0.004329 0.999991 0.000000 0.004329 0.999991 0.000000 0.694584 0.719411 0.000000 -0.694583 -0.719412 -0.000000 -0.000000 -1.000000 -0.000000 -0.000000 -1.000000 -0.000000 -0.694583 -0.719412 -0.000000 0.037378 0.037679 -0.998591 0.422477 0.426122 -0.799958 0.463358 0.462193 -0.756094 0.070468 0.000002 -0.997514 0.000757 0.104596 -0.994514 0.492248 0.504620 -0.709260 -0.481763 0.508139 -0.713932 0.000757 0.104596 -0.994514 -0.037294 0.037319 -0.998607 -0.420732 0.425089 -0.801426 0.070468 0.000002 -0.997514 0.463358 -0.462191 -0.756095 0.422438 -0.426122 -0.799979 0.037408 -0.037709 -0.998588 0.492335 -0.504744 -0.709112 -0.000001 -0.105582 -0.994411 -0.000001 -0.105582 -0.994411 -0.492332 -0.504740 -0.709117 -0.422502 -0.426209 -0.799898 -0.037341 -0.037648 -0.998593 -0.069651 -0.000649 -0.997571 -0.466765 0.454156 -0.758863 -0.463064 -0.461953 -0.756420 -0.069651 -0.000649 -0.997571 0.000757 0.104596 -0.994514 0.037378 0.037679 -0.998591 0.070468 0.000002 -0.997514 -0.000001 0.000001 -1.000000 0.037408 -0.037709 -0.998588 -0.000001 -0.105582 -0.994411 -0.037341 -0.037648 -0.998593 -0.069651 -0.000649 -0.997571 -0.037294 0.037319 -0.998607 0.553618 0.568947 -0.608117 0.557814 0.564900 -0.608056 0.563096 0.559751 -0.607949 0.563096 -0.559749 -0.607950 
						0.557819 -0.564895 -0.608056 0.553619 -0.568948 -0.608116 -0.557822 -0.564886 -0.608061 -0.563094 -0.559747 -0.607954 -0.553615 -0.568944 -0.608123 -0.567187 0.549968 -0.613052 -0.553596 0.563378 -0.613300 -0.542722 0.573822 -0.613337 
					</float_array>
					<technique_common>
						<accessor count="712" offset="0" source="#meshId1-normals-array" stride="3">
							<param name="X" type="float" />
							<param name="Y" type="float" />
							<param name="Z" type="float" />
						</accessor>
					</technique_common>
				</source>
				<source id="meshId1-tangents" name="meshId1-tangents">
					<float_array id="meshId1-tangents-array" count="2136"> 
						0.000000 1.000000 -0.000065 0.000000 1.000000 -0.000064 0.179522 0.982284 -0.053752 -0.874766 0.095446 0.475052 -0.751645 -0.021505 0.659217 0.158768 -0.986156 0.047841 0.000000 -1.000000 0.000063 0.000000 -1.000000 0.000063 0.000000 0.000000 -1.000000 0.000004 0.000000 -1.000000 0.000000 0.000000 -1.000000 0.000000 0.000000 -1.000000 -0.000065 1.000000 0.000000 -0.000064 1.000000 0.000000 -0.075879 0.978199 -0.193312 0.577872 0.089959 0.811154 -0.874786 0.095447 0.475015 -0.058086 0.987303 0.147850 -0.000128 1.000000 0.000000 -0.000128 1.000000 0.000000 0.400097 0.000000 -0.916473 0.534217 0.000000 -0.845347 -0.061359 0.000000 -0.998116 -0.082231 0.000000 -0.996613 -0.726742 0.000000 -0.686910 -0.741176 0.000000 -0.671310 -0.987772 0.000000 -0.155906 -0.983821 0.000000 -0.179156 -0.469736 0.000000 0.882807 -0.465834 0.000000 0.884872 -0.508911 0.000000 0.860819 -0.498802 0.000000 0.866716 0.824669 0.000000 -0.565616 0.806492 0.000000 -0.591245 0.137122 0.989709 0.040902 0.000000 1.000000 -0.000092 0.000000 1.000000 -0.000120 0.000000 1.000000 -0.000072 -0.863645 0.000000 0.504100 -0.855950 0.000000 0.517058 0.000000 -1.000000 0.000064 0.000000 -1.000000 0.000064 0.179559 -0.982284 -0.053627 0.000000 -1.000000 0.000064 0.000010 0.000000 -1.000000 0.000017 0.000000 -1.000000 0.000000 0.000000 -1.000000 0.000000 0.000000 -1.000000 -0.000128 1.000000 0.000000 -0.000128 1.000000 0.000000 0.067388 0.982951 0.171073 0.750504 0.021504 -0.660516 0.000000 0.000000 -1.000000 0.000000 0.000000 -1.000000 0.000000 0.000000 -1.000000 0.000000 0.000000 -1.000000 0.000000 0.000000 -1.000000 0.000008 0.000000 -1.000000 0.000013 0.000000 -1.000000 0.000010 0.000000 -1.000000 0.874325 0.095447 -0.475862 0.057918 0.987303 -0.147916 -0.000064 1.000000 0.000000 -0.000064 1.000000 0.000000 
						0.826076 0.000000 -0.563558 0.827402 0.000000 -0.561609 0.578686 0.089958 0.810574 0.000000 1.000000 -0.000064 -0.874200 -0.095446 0.476094 0.000000 -1.000000 0.000064 0.000000 0.000000 -1.000000 0.000000 0.000000 -1.000000 0.000000 0.000000 -1.000000 0.000000 0.000000 -1.000000 -0.000128 1.000000 0.000000 -0.000128 1.000000 0.000000 0.000000 0.000000 -1.000000 0.000000 0.000000 -1.000000 0.000017 0.000000 -1.000000 0.000010 0.000000 -1.000000 0.000000 0.000000 -1.000000 -0.000064 1.000000 0.000000 -0.000063 1.000000 0.000000 -0.002754 0.733700 -0.679468 -0.056938 0.230571 -0.971388 -0.000189 0.393417 -0.919360 -0.000191 0.393417 -0.919360 -0.000192 0.858359 -0.513050 -0.000180 0.393417 -0.919360 0.040600 0.258303 -0.965210 0.004738 0.739119 -0.673559 0.100034 -0.079480 -0.991805 -0.956245 -0.289819 0.040016 -0.897964 -0.440068 0.000081 -0.897964 -0.440068 0.000108 -0.462687 -0.886522 0.000134 0.107991 -0.084294 0.990572 -0.897964 -0.440068 0.000133 -0.946103 -0.322804 -0.026209 -0.989400 0.098628 -0.106587 0.056682 0.230492 0.971422 -0.000097 0.393415 0.919361 -0.000097 0.393415 0.919361 -0.000097 0.858357 0.513052 -0.000092 0.393415 0.919361 -0.027279 0.287031 0.957533 -0.007704 0.744637 0.667426 -0.897964 0.440069 -0.000025 -0.897964 0.440069 -0.000102 1.000000 0.000000 0.000000 -0.091603 -0.074014 0.993041 0.066087 0.265049 0.961967 -0.897964 0.440069 -0.000062 -0.946085 0.322840 -0.026397 -0.616521 0.787254 -0.011516 -0.462686 0.886522 -0.000100 -0.612973 -0.362576 -0.702000 -0.874335 -0.423720 -0.236643 -0.943066 -0.195309 -0.269222 -0.763511 -0.234568 -0.601689 -0.013294 0.999570 -0.026142 -0.000128 1.000000 0.000000 0.025456 0.998289 -0.052644 0.721640 -0.385605 -0.574930 0.922365 -0.306692 -0.234911 0.821618 -0.538297 -0.187564 0.570973 -0.496394 -0.653898 0.142920 -0.527115 -0.837690 
						0.349839 -0.580058 -0.735626 0.000546 1.000000 -0.000313 0.000000 1.000000 -0.000072 -0.616960 0.781343 -0.094148 -0.049899 0.998581 -0.018585 -0.475728 -0.376958 -0.794723 -0.151092 -0.334422 -0.930233 -0.143923 -0.521661 -0.840926 -0.572871 -0.491312 -0.656072 -0.824934 -0.532747 -0.188852 -0.683923 -0.596658 -0.419819 -0.000366 1.000000 -0.000578 -0.000064 1.000000 0.000000 -0.131850 0.740574 0.658913 -0.025611 0.998289 0.052568 -0.495754 0.093436 0.863422 -0.770083 0.365377 0.522945 -0.911569 0.309478 0.270677 -0.640199 0.229323 0.733182 -0.212089 0.289368 0.933426 -0.212970 0.115643 0.970191 0.000601 -1.000000 -0.000174 0.000000 -1.000000 0.000064 -0.462687 -0.886522 0.000064 -0.600324 -0.792781 0.105403 -0.025004 -0.999642 -0.009560 -0.608795 -0.786979 -0.100166 -0.393905 -0.462624 -0.794241 -0.184522 -0.407952 -0.894163 0.680411 -0.600590 -0.419921 0.472293 -0.380381 -0.795141 -0.493320 -0.234531 -0.837634 -0.734099 -0.484798 -0.475468 -0.187620 -0.228462 -0.955303 -0.790464 0.086956 0.606305 -0.431024 0.343524 0.834392 -0.953510 0.084361 0.289314 -0.720829 -0.382134 -0.578255 -0.923377 -0.300919 -0.238376 -0.349524 -0.575869 -0.739058 0.147955 -0.340129 -0.928667 0.869079 0.216497 -0.444781 0.968801 0.039192 -0.244723 0.574135 -0.816399 0.062139 0.134948 -0.963766 -0.230096 0.374330 -0.125133 0.918814 0.348050 -0.160448 0.923644 -0.350387 -0.254336 0.901411 -0.345311 0.304788 0.887617 -0.352320 -0.264101 0.897843 -0.389972 -0.773198 0.500086 0.909879 0.008866 0.414779 0.913710 0.266118 -0.307107 0.724682 0.680782 0.106634 0.867381 0.084011 0.490502 -0.231956 -0.276993 0.932454 0.441215 -0.671854 0.594929 0.903566 -0.223222 -0.365705 0.881743 -0.245058 0.403084 0.841902 0.507180 0.184306 0.827859 -0.257714 -0.498230 0.864790 -0.248312 0.436440 0.286755 -0.894539 0.342888 -0.360266 0.211877 -0.908469 
						-0.197522 0.032841 -0.979748 -0.067095 -0.778625 -0.623892 -0.678104 -0.166949 -0.715753 0.913523 -0.259521 0.313249 0.539770 -0.761933 -0.357920 0.393883 -0.075136 -0.916085 0.495389 -0.034183 -0.867998 -0.228951 0.259222 -0.938289 0.105681 0.575741 -0.810773 0.600526 -0.358854 -0.714557 0.592658 -0.641621 -0.486908 0.515909 -0.855180 0.050046 0.774768 -0.391839 -0.496183 -0.020903 -0.978214 0.206543 -0.205233 -0.942248 0.264668 0.322269 -0.931807 -0.166968 0.508316 -0.580620 -0.635999 0.184667 -0.815282 -0.548829 -0.000519 -0.983986 0.178245 -0.696148 0.016264 0.717714 -0.505012 -0.777246 0.375303 0.345648 -0.509041 0.788292 0.536760 0.122203 0.834839 -0.316860 -0.370483 0.873122 0.095344 0.699450 0.708293 -0.467898 0.035438 0.883072 -0.986732 0.044498 -0.156142 -0.641937 0.756153 0.127082 -0.474622 -0.014701 0.880067 -0.896599 -0.055560 -0.439345 -0.075086 -0.991245 -0.108606 0.334937 0.416945 0.844970 0.461576 0.415129 0.783974 0.275103 -0.542251 0.793903 0.411699 0.707389 0.574547 -0.801089 -0.094545 0.591031 0.189835 0.395871 0.898470 -0.478553 0.597928 0.643015 -0.742751 -0.121016 0.658541 -0.932754 -0.073730 -0.352895 -0.616303 -0.757812 0.214224 0.000000 -1.000000 -0.000083 0.000000 -1.000000 -0.000083 0.000000 -1.000000 -0.000095 0.000000 -1.000000 -0.000083 0.000000 -1.000000 -0.000166 0.000000 -1.000000 -0.000142 0.000083 -1.000000 0.000000 0.000111 -1.000000 0.000000 0.000154 -1.000000 0.000000 0.000154 -1.000000 0.000000 -0.000166 -1.000000 0.000000 -0.000139 -1.000000 0.000000 -0.000082 -1.000000 0.000000 -0.000096 -1.000000 0.000000 0.000000 -1.000000 0.000082 0.000000 -1.000000 0.000083 0.000000 -1.000000 0.000096 0.000000 -1.000000 0.000084 0.000000 -1.000000 0.000166 0.000000 -1.000000 0.000143 0.000083 -1.000000 0.000000 0.000111 -1.000000 0.000000 -0.000082 -1.000000 0.000000 
						-0.000082 -1.000000 0.000000 0.000087 0.000000 -1.000000 0.000069 0.000000 -1.000000 0.000072 0.000000 -1.000000 0.000072 0.000000 -1.000000 0.000087 0.000000 -1.000000 0.000110 0.000000 -1.000000 0.000015 0.000000 -1.000000 0.000045 0.000000 -1.000000 0.000132 0.000000 -1.000000 0.000125 0.000000 -1.000000 0.000006 0.000000 -1.000000 0.000014 0.000000 -1.000000 0.000047 0.000000 -1.000000 0.000048 0.000000 -1.000000 0.000074 0.000000 -1.000000 0.000078 0.000000 -1.000000 0.000000 0.999092 -0.042612 0.000000 0.999945 -0.010496 0.000000 0.999945 -0.010536 0.000000 0.999372 -0.035442 0.000000 0.999944 -0.010578 0.000000 0.999689 -0.024949 0.054528 0.998512 0.000000 0.010646 0.999943 0.000000 0.010592 0.999944 0.000000 0.051368 0.998680 0.000000 0.002964 0.999996 0.000000 -0.010644 0.999943 0.000000 -0.010734 0.999942 0.000000 0.028437 0.999596 0.000000 0.000000 0.998628 -0.052368 0.000000 0.999938 0.011164 0.000000 0.999936 0.011280 0.000000 0.999046 -0.043677 0.000000 0.999935 0.011393 0.000000 0.999698 -0.024582 0.010536 0.999945 0.000000 0.046633 0.998912 0.000000 -0.010825 0.999941 0.000000 0.054060 0.998538 0.000000 0.000000 0.990353 -0.138569 0.000000 0.988631 -0.150362 0.000000 0.992293 -0.123917 0.100383 0.994949 0.000000 0.097037 0.995281 0.000000 -0.034657 0.999399 0.000000 0.016108 0.999870 0.000000 0.000000 0.977453 -0.211153 0.000000 0.971634 -0.236489 0.000000 0.975584 -0.219627 0.090550 0.995892 0.000000 0.067095 0.997747 0.000000 -0.185078 0.312127 -0.931839 -0.108848 0.382239 -0.917630 -0.090912 0.349012 -0.932698 -0.183408 0.338095 -0.923067 -0.038769 0.229153 -0.972618 0.082733 0.163268 -0.983107 -0.015710 0.169070 -0.985479 -0.049957 0.229039 -0.972135 -0.102672 0.162964 -0.981275 -0.063548 0.228861 -0.971383 0.171116 0.482401 -0.859074 
						0.088728 0.406220 -0.909457 0.105378 0.448863 -0.887366 0.170648 0.486861 -0.856648 0.167672 0.489487 -0.855738 0.089170 0.481246 -0.872038 0.085249 0.483926 -0.870947 0.167635 0.489839 -0.855545 -0.489828 -0.181655 -0.852684 -0.469428 -0.053750 -0.881333 -0.475999 -0.062623 -0.877214 -0.495277 -0.181012 -0.849668 -0.468857 -0.053768 -0.881636 -0.521382 -0.177801 -0.834594 -0.186986 0.215089 -0.958527 -0.091085 0.348932 -0.932711 -0.094580 0.363397 -0.926821 -0.184873 0.262494 -0.947058 0.000000 0.935557 -0.353177 0.000000 0.937694 -0.347463 -0.062102 0.987048 -0.147915 -0.062348 0.996708 -0.051830 0.055810 0.997094 -0.051850 0.008014 0.988925 -0.148196 0.203595 0.977734 -0.050843 0.105009 0.983490 -0.147382 0.000000 0.913097 -0.407743 0.000000 0.897497 -0.441021 0.000000 0.900841 -0.434148 0.051825 0.963760 -0.261689 0.098850 0.992303 -0.074587 0.107833 0.991372 -0.074517 0.059651 0.963338 -0.261574 0.124260 0.989459 -0.074373 0.073051 0.962478 -0.261341 0.000000 0.947737 -0.319052 0.000000 0.811807 -0.583926 0.000000 0.731836 -0.681480 0.168738 0.660608 -0.731522 0.010565 0.670181 -0.742123 -0.126071 0.664871 -0.736243 0.000000 0.725822 -0.687883 0.000000 0.772541 -0.634965 0.000000 0.778679 -0.627423 -0.078947 0.787639 -0.611059 -0.069000 0.788222 -0.611511 -0.057398 0.788802 -0.611961 0.000000 0.822261 -0.569110 0.000000 0.628407 -0.777885 0.000000 0.530940 -0.847409 0.253928 0.220237 -0.941815 0.005285 0.227697 -0.973718 -0.223347 0.221948 -0.949134 0.000000 0.513471 -0.858107 0.000000 0.613950 -0.789345 0.000000 0.621715 -0.783244 -0.235080 0.460134 -0.856162 -0.218502 0.461962 -0.859563 -0.202294 0.463613 -0.862635 0.000000 0.626561 -0.779372 0.000000 0.457363 -0.889280 0.000000 0.370069 -0.929004 0.169900 0.130913 -0.976727 -0.007807 0.132840 -0.991107 -0.169310 0.130926 -0.976828 
						0.000000 0.405834 -0.913947 0.000000 0.490246 -0.871584 0.000000 0.511484 -0.859293 -0.365719 0.178840 -0.913382 -0.339529 0.180736 -0.923068 -0.297902 0.183427 -0.936808 0.000000 0.465766 -0.884908 0.540279 -0.616687 0.572534 -0.013292 -0.974797 0.222699 0.525219 -0.080396 0.847161 0.278784 0.447233 0.849860 -0.391951 -0.864639 0.314282 0.176280 0.677396 0.714185 0.544352 -0.063036 0.836485 0.431350 -0.799545 0.417930 0.773660 0.410791 -0.482391 0.727159 -0.175112 -0.663759 -0.123597 -0.953653 0.274354 0.417065 -0.705463 -0.573043 -0.420729 -0.744041 -0.519028 0.227002 -0.862814 -0.451688 0.681581 -0.203862 -0.702771 0.620037 0.654012 -0.433385 0.723428 -0.619282 0.305189 0.761081 -0.417382 -0.496536 0.163283 -0.951479 0.260818 0.014133 -0.713748 -0.700260 -0.033103 -0.999300 0.017407 0.622077 -0.747425 0.233186 0.887750 -0.316316 -0.334431 0.104786 -0.802540 -0.587324 -0.650713 0.478272 0.589771 -0.494252 -0.015797 0.869175 -0.269734 0.950881 0.151887 -0.303493 -0.626116 0.718242 0.320742 0.873052 0.367295 -0.548439 0.677827 0.489658 -0.532164 -0.108622 0.839645 -0.157616 -0.826747 0.540043 0.606479 0.425048 -0.671950 0.597096 0.436201 -0.673205 0.049693 0.738233 -0.672713 0.506467 0.647880 -0.568984 0.585857 0.441910 -0.679328 -0.051951 0.247551 -0.967481 0.593860 0.442497 -0.671957 0.587752 0.436686 -0.681068 0.569264 0.816070 0.099836 0.952323 0.249466 0.175633 0.583781 0.428518 -0.689617 0.297761 0.845519 -0.443210 0.599902 0.407043 -0.688792 0.607873 0.412746 -0.678330 0.558871 0.450571 -0.696167 0.609178 0.483339 -0.628718 0.587478 0.414667 -0.694926 0.619203 0.450882 -0.642879 0.693365 -0.149177 -0.704976 0.797305 0.394351 -0.456938 0.619249 0.657923 -0.428566 0.595342 -0.150115 -0.789325 0.501756 0.861655 0.076098 0.102990 0.983031 0.151800 -0.254487 -0.911529 -0.323034 
						0.332723 -0.648093 -0.685033 0.200867 -0.854709 -0.478670 -0.339415 -0.935646 0.096767 0.698429 -0.152980 -0.699138 0.695316 -0.210580 -0.687162 -0.118014 0.801669 0.586004 -0.438771 0.717582 0.540884 -0.675142 0.199492 0.710202 -0.697924 0.156491 0.698865 -0.751219 -0.585862 0.304033 -0.670059 -0.465325 0.578354 -0.765180 -0.045058 -0.642238 -0.504448 0.468172 -0.725498 -0.363133 0.635749 -0.681145 -0.725631 -0.140606 -0.673565 -0.507213 0.470225 -0.722235 0.023297 0.861864 -0.506604 0.138405 0.982588 -0.123956 -0.464804 0.691818 -0.552581 -0.285971 -0.911465 0.295724 -0.738552 -0.610543 -0.285969 -0.453384 -0.866312 -0.209632 0.115096 -0.934713 0.336251 0.778754 0.103428 0.618744 0.358588 -0.626468 0.692064 0.575438 -0.521032 0.630394 0.727730 0.066563 0.682626 0.608667 0.791336 0.057549 0.586496 0.685739 0.431027 -0.582540 -0.440314 -0.683206 -0.592675 -0.439008 -0.675284 0.060561 -0.683508 -0.727427 0.045714 -0.128177 -0.990697 -0.603206 -0.430729 -0.671279 -0.475525 -0.647814 -0.595157 -0.584658 -0.422564 -0.692543 -0.585825 -0.433277 -0.684895 -0.514254 -0.856753 -0.038944 -0.297046 -0.791909 -0.533521 -0.590048 -0.441952 -0.675664 -0.908983 -0.386940 0.155007 -0.604741 -0.408063 -0.683940 -0.592652 -0.409777 -0.693431 -0.572436 -0.478007 -0.666203 -0.532863 -0.470308 -0.703468 -0.608807 -0.418000 -0.674263 -0.529120 -0.390070 -0.753576 0.497839 0.535343 -0.682322 0.177393 0.401956 -0.898311 0.714055 0.007602 -0.700048 0.703902 -0.005181 -0.710278 -0.080274 -0.040446 -0.995952 0.763732 0.053836 -0.643285 0.997979 -0.049344 0.040040 0.828879 0.557508 -0.046309 0.631201 0.052787 -0.773821 0.513631 0.051239 -0.856480 0.436134 0.797243 -0.417362 0.608612 0.061629 -0.791071 0.405514 0.061586 -0.912012 0.760484 0.340802 -0.552737 0.677459 -0.059261 -0.733169 0.623579 -0.052991 -0.779962 0.096464 0.572713 -0.814061 
						0.600054 -0.009278 -0.799906 0.780940 -0.145332 -0.607463 0.618802 0.631759 -0.466867 0.566442 0.612724 -0.551101 0.688829 -0.158496 -0.707385 0.154777 0.987807 -0.016801 0.119090 0.989683 -0.079656 -0.150204 -0.987504 0.047691 0.309044 -0.816815 -0.487140 0.417428 -0.821134 -0.389220 -0.142849 -0.988902 0.040821 0.555784 -0.161505 -0.815488 0.788237 -0.166674 -0.592369 -0.345292 0.815110 0.465154 -0.415976 0.817066 0.399208 -0.682755 0.160952 0.712699 -0.742324 0.149140 0.653232 -0.582623 -0.616835 0.529212 -0.614860 -0.622690 0.483947 -0.755539 -0.168843 -0.632972 -0.586096 0.616557 -0.525690 -0.529120 0.614308 -0.585370 -0.737457 -0.149523 -0.658635 -0.354059 0.605979 -0.712342 -0.026835 0.985885 -0.165260 -0.126427 0.990008 -0.062447 -0.621722 0.622893 -0.474833 0.034445 -0.982910 0.180834 -0.447443 -0.828598 -0.336482 -0.466905 -0.813833 -0.345940 0.050453 -0.987637 0.148419 0.699624 0.153480 0.697832 0.502739 -0.616473 0.605982 0.550816 -0.613044 0.566373 0.725694 0.161797 0.668722 0.438352 0.819309 0.369567 0.424070 0.821621 0.380924 0.163303 0.158726 -0.973724 -0.116159 -0.345309 -0.931273 -0.702309 -0.028356 -0.711307 -0.764818 -0.079534 -0.639318 -0.432852 -0.542409 -0.720022 -0.699782 -0.039665 -0.713254 -0.375965 -0.774213 -0.509161 -0.768764 -0.628639 -0.117537 -0.617152 -0.032310 -0.786180 -0.608005 -0.011314 -0.793853 -0.994197 -0.053678 -0.093224 -0.518088 -0.025315 -0.854953 -0.682858 -0.075257 -0.726664 -0.081527 -0.475599 -0.875876 -0.628978 0.046593 -0.776025 -0.666953 0.052506 -0.743248 -0.729255 -0.419388 -0.540648 -0.706496 0.013229 -0.707593 0.843074 0.529807 0.092365 0.965091 0.019271 0.261207 0.628237 0.760415 -0.164583 -0.131496 0.358288 -0.924304 -0.046318 0.624784 -0.779422 -0.200844 -0.111483 -0.973259 0.819188 -0.569615 0.066861 0.429026 -0.793643 -0.431355 -0.009998 -0.596712 -0.802393 
						0.529277 0.635848 -0.561750 0.493207 0.097160 -0.864469 0.109298 0.989150 -0.098164 0.337485 -0.866655 -0.367441 -0.064535 -0.997691 0.021148 0.739931 -0.549333 -0.388246 -0.396678 0.826805 0.398799 -0.698866 0.095681 0.708824 -0.491014 -0.727831 0.478715 -0.446081 0.400606 -0.800329 -0.691362 -0.107844 -0.714415 -0.062602 0.997969 -0.011812 -0.459323 0.869000 -0.184015 -0.456135 -0.791342 -0.407086 0.025858 -0.996783 0.075866 0.525727 -0.638776 0.561762 0.669609 0.224264 0.708046 0.339536 0.858199 0.384979 -0.840654 -0.535725 0.079363 -0.610505 -0.784041 -0.112089 -0.964582 -0.000484 0.263784 0.143714 -0.328303 -0.933576 0.198692 0.082312 -0.976599 0.051824 -0.568691 -0.820917 0.017267 0.555364 -0.831428 -0.380842 0.798783 -0.465731 -0.792215 0.606545 0.067069 0.711247 0.702491 -0.025197 0.711250 0.702488 -0.025197 0.711251 0.702486 -0.025197 0.711247 0.702490 -0.025197 0.711589 0.702590 0.002950 0.711645 0.702533 0.002948 0.711718 0.702459 0.002946 0.711593 0.702586 0.002950 0.711335 0.702845 0.003267 0.711282 0.702899 0.003265 0.711256 0.702926 0.003264 0.711332 0.702849 0.003267 0.711325 0.702854 -0.003615 0.711270 0.702909 -0.003613 0.711244 0.702936 -0.003613 0.711321 0.702858 -0.003615 0.711243 0.702495 0.025199 0.711251 0.702487 0.025199 0.711255 0.702482 0.025199 0.711243 0.702494 0.025199 0.711582 0.702598 -0.002679 0.711668 0.702511 -0.002676 0.711780 0.702398 -0.002672 0.711587 0.702593 -0.002678 0.711241 0.702474 -0.025810 0.711241 0.702475 -0.025810 0.711241 0.702475 -0.025810 0.711241 0.702474 -0.025810 0.711240 0.702475 0.025811 0.711242 0.702473 0.025811 0.711243 0.702472 0.025811 0.711241 0.702475 0.025811 0.702590 -0.711595 0.000022 0.702590 -0.711595 0.000022 -0.000009 -1.000000 0.000034 0.000007 -1.000000 0.000034 0.000007 -1.000000 0.000033 
						-0.000009 -1.000000 0.000033 -0.702590 -0.711595 0.000021 -0.702590 -0.711595 0.000021 0.729217 0.684282 0.000026 0.729217 0.684282 0.000026 0.999991 -0.004330 0.000039 0.999991 -0.004330 0.000039 -0.719412 -0.694583 0.000026 -0.719412 -0.694583 0.000026 -1.000000 0.000000 0.000033 -1.000000 0.000000 0.000033 -0.702590 0.711595 0.000024 -0.702590 0.711595 0.000024 -0.008513 0.999964 0.000036 -0.008514 0.999964 0.000036 -0.008514 0.999964 0.000041 -0.008513 0.999964 0.000041 0.693619 0.720342 0.000027 0.693619 0.720342 0.000027 0.719411 -0.694584 0.000024 0.999991 -0.004328 0.000030 0.999991 -0.004328 0.000029 0.719411 -0.694584 0.000024 -0.719412 0.694583 0.000029 -1.000000 0.000000 0.000037 -1.000000 0.000000 0.000037 -0.719412 0.694583 0.000029 -0.702717 -0.709487 -0.053073 -0.562982 -0.568317 -0.600056 -0.532010 -0.537263 -0.654456 -0.719109 -0.693038 -0.050802 -0.679003 -0.730055 -0.077299 -0.499445 -0.503609 -0.704935 -0.717731 -0.696230 -0.011213 -0.716192 -0.694018 -0.073537 -0.710420 -0.703778 0.000230 -0.710668 -0.703528 -0.000076 -0.706922 -0.705526 -0.049941 -0.708353 -0.705853 -0.002622 -0.710310 -0.703889 -0.000149 -0.710350 -0.703849 -0.000031 -0.713102 -0.701050 0.003901 -0.713233 -0.697009 0.074006 -0.678653 -0.730354 0.077546 -0.499429 -0.503424 0.705078 -0.563039 -0.568177 0.600135 -0.702784 -0.709425 0.053026 -0.704489 -0.707977 0.049648 -0.704656 -0.709495 0.008812 -0.532359 -0.537377 0.654080 -0.718850 -0.693318 0.050642 0.704887 -0.705485 -0.073661 0.702947 -0.711242 -0.000525 0.700305 -0.712128 0.049471 0.702910 -0.711278 -0.000001 0.701889 -0.710303 0.053116 0.704734 -0.705507 0.074907 0.702777 -0.711410 0.000542 0.700432 -0.712073 -0.048441 0.701919 -0.710301 -0.052759 -0.428687 -0.431347 -0.793831 -0.427955 -0.431957 -0.793894 -0.427250 -0.432526 -0.793964 -0.707334 -0.706867 -0.004324 
						-0.711053 -0.703138 0.000922 -0.713883 -0.700245 0.005236 -0.428091 -0.431830 0.793890 -0.427386 -0.432397 0.793961 -0.428781 -0.431262 0.793826 -0.702735 -0.711350 0.012010 -0.712161 -0.702013 -0.002036 -0.719124 -0.694748 -0.013658 
					</float_array>
					<technique_common>
						<accessor count="712" offset="0" source="#meshId1-tangents-array" stride="3">
							<param name="X" type="float" />
							<param name="Y" type="float" />
							<param name="Z" type="float" />
						</accessor>
					</technique_common>
				</source>
				<source id="meshId1-bitangents" name="meshId1-bitangents">
					<float_array id="meshId1-bitangents-array" count="2136"> 
						0.000000 0.000065 1.000000 0.000000 0.000064 1.000000 0.286500 0.000067 0.958080 -0.477236 -0.000057 -0.878775 -0.659369 -0.000047 -0.751820 -0.288167 0.000061 0.957580 0.000000 0.000063 1.000000 0.000000 0.000063 1.000000 1.000000 0.000000 0.000000 1.000000 0.000000 0.000004 1.000000 0.000000 0.000000 1.000000 0.000000 0.000000 1.000000 0.000065 0.000000 1.000000 0.000064 0.000000 0.930960 0.000059 -0.365122 -0.814454 -0.000053 0.580228 -0.477198 -0.000061 -0.878796 -0.931017 -0.000119 -0.364976 -1.000000 -0.000128 0.000000 -1.000000 -0.000128 0.000000 -0.916473 0.000000 -0.400097 -0.845347 0.000000 -0.534217 -0.998116 0.000000 0.061359 -0.996613 0.000000 0.082231 -0.686910 0.000000 0.726742 -0.671310 0.000000 0.741176 -0.155906 0.000000 0.987772 -0.179156 0.000000 0.983821 0.882807 0.000000 0.469736 0.884872 0.000000 0.465834 0.860819 0.000000 0.508911 0.866716 0.000000 0.498802 -0.565616 0.000000 -0.824669 -0.591245 0.000000 -0.806492 -0.286349 0.000076 0.958125 0.000000 0.000092 1.000000 0.000000 0.000120 1.000000 0.000000 0.000072 1.000000 0.504100 0.000000 0.863645 0.517058 0.000000 0.855950 0.000000 0.000064 1.000000 0.000000 0.000064 1.000000 0.286476 0.000061 0.958087 0.000000 0.000064 1.000000 1.000000 0.000000 0.000010 1.000000 0.000000 0.000017 1.000000 0.000000 0.000000 1.000000 0.000000 0.000000 -1.000000 -0.000128 0.000000 -1.000000 -0.000128 0.000000 -0.930182 -0.000120 0.367099 0.660667 0.000085 0.750679 1.000000 0.000000 0.000000 1.000000 0.000000 0.000000 1.000000 0.000000 0.000000 1.000000 0.000000 0.000000 1.000000 0.000000 0.000000 1.000000 0.000000 0.000008 1.000000 0.000000 0.000013 1.000000 0.000000 0.000010 0.478042 0.000031 0.878337 0.931027 0.000060 0.364949 1.000000 0.000064 0.000000 1.000000 0.000064 0.000000 
						-0.563558 0.000000 -0.826076 -0.561609 0.000000 -0.827402 -0.813876 0.000037 0.581039 0.000000 0.000064 1.000000 -0.478272 -0.000056 -0.878212 0.000000 0.000064 1.000000 1.000000 0.000000 0.000000 1.000000 0.000000 0.000000 1.000000 0.000000 0.000000 1.000000 0.000000 0.000000 -1.000000 -0.000128 0.000000 -1.000000 -0.000128 0.000000 1.000000 0.000000 0.000000 1.000000 0.000000 0.000000 1.000000 0.000000 0.000017 1.000000 0.000000 0.000010 1.000000 0.000000 0.000000 1.000000 0.000064 0.000000 1.000000 0.000063 0.000000 -0.989396 -0.100671 -0.104697 -0.948628 0.290811 0.124632 -1.000000 -0.000074 0.000173 -1.000000 -0.000075 0.000176 -1.000000 -0.000164 0.000098 -1.000000 -0.000071 0.000166 -0.961276 -0.253434 -0.108257 -0.987489 0.109623 0.113346 0.622078 0.782955 0.000000 0.106284 -0.216689 0.970438 0.000072 0.000035 1.000000 0.000097 0.000048 1.000000 0.000062 0.000119 1.000000 -0.615308 -0.788287 0.000000 0.000119 0.000058 1.000000 -0.089598 0.183115 0.979000 -0.000000 -0.733977 -0.679175 0.948644 0.290873 -0.124369 1.000000 0.000038 0.000089 1.000000 0.000038 0.000089 1.000000 0.000083 0.000050 1.000000 0.000036 0.000085 0.972159 -0.215394 0.092263 0.985572 0.118511 -0.120844 -0.000022 0.000011 1.000000 -0.000092 0.000045 1.000000 0.000000 0.000000 1.000000 -0.628475 0.777830 -0.000000 -0.970294 0.241930 0.000000 -0.000056 0.000027 1.000000 -0.089780 -0.183053 0.978995 0.100830 0.093452 0.990505 -0.000046 0.000089 1.000000 0.238476 -0.931954 0.273112 0.409004 -0.905793 0.110699 0.072355 -0.910519 0.407088 -0.242931 -0.758945 0.604141 -0.893135 -0.000115 0.449788 -1.000000 -0.000128 0.000000 -0.899418 -0.000115 -0.437090 -0.164583 0.711124 -0.683531 0.151519 0.846548 -0.510293 0.505620 0.840133 -0.196275 0.326492 0.868098 -0.373912 0.156752 0.847751 -0.506702 
						-0.056741 0.770684 -0.634687 0.368760 0.000089 0.929525 0.000000 0.000072 1.000000 -0.150775 0.000063 0.988568 -0.347452 0.000090 0.937698 -0.704351 0.704439 0.087497 -0.467468 0.853336 -0.230849 -0.155829 0.851118 -0.501314 -0.323151 0.870983 -0.370083 -0.500195 0.843664 -0.195030 -0.664452 0.747043 0.020735 0.887099 0.000058 -0.461580 1.000000 0.000064 0.000000 0.980575 0.000063 0.196144 0.899414 0.000057 0.437098 0.549611 0.803530 0.228618 0.529799 0.822924 0.205205 0.315834 0.948584 -0.020918 0.150831 0.973350 -0.172741 0.003996 0.955405 -0.295273 0.283283 0.957628 -0.051961 0.368761 0.000060 0.929524 0.000000 0.000064 1.000000 0.000030 0.000057 1.000000 0.172850 0.000064 0.984948 -0.358453 0.000038 0.933548 -0.162349 -0.000000 0.986733 -0.143778 -0.822453 0.550363 0.082449 -0.913003 0.399534 0.668048 0.743888 0.018516 0.706658 0.702596 0.083627 0.631346 -0.758958 -0.159326 0.596412 -0.795086 -0.110143 0.375007 -0.915563 0.145307 -0.312397 0.794210 -0.521190 -0.235745 0.849711 -0.471610 -0.008261 0.952343 -0.304919 0.168100 0.712995 -0.680721 -0.145235 0.848616 -0.508681 0.058635 0.773820 -0.630686 0.468471 0.851076 -0.237074 -0.206323 0.975843 0.071847 -0.191267 0.746175 -0.637683 0.616313 0.380964 -0.689220 0.640516 0.262028 -0.721859 0.886328 0.339545 -0.314852 0.882114 0.389612 -0.264720 0.523657 0.744748 0.413683 0.505605 0.857221 -0.097655 -0.070600 0.964123 0.255894 -0.536203 0.632187 0.559308 -0.414558 -0.019569 0.909812 -0.186849 0.946242 0.264033 -0.285222 0.155475 0.945767 -0.461802 -0.231412 0.856264 -0.233331 0.946456 0.223110 -0.820596 -0.033702 0.570514 -0.294459 0.296489 -0.908508 0.448822 0.698854 -0.556921 -0.267310 0.688658 -0.674014 -0.394190 0.364635 -0.843597 0.248474 0.966914 0.057782 0.601877 0.446684 0.661980 0.078698 0.977296 0.196720 
						-0.592664 0.792101 0.146035 -0.603037 0.529812 -0.596361 -0.028797 0.979147 -0.201103 0.188793 0.952583 0.238626 0.515601 -0.036862 0.856036 0.915329 -0.058846 0.398384 0.832073 -0.268310 0.485452 0.248780 0.947463 0.201052 0.952425 0.175785 0.248972 -0.764987 0.002256 -0.644041 -0.228318 0.445892 -0.865478 0.357306 0.161721 -0.919880 -0.588013 -0.158192 -0.793231 0.350394 -0.200653 -0.914856 0.615624 -0.334511 -0.713519 -0.826491 -0.362953 0.430323 -0.844409 -0.481050 -0.235723 -0.778381 -0.462261 0.424780 -0.648005 0.136089 0.749380 -0.715995 -0.088488 -0.692475 -0.785752 0.593938 0.172718 -0.732033 0.379300 0.565914 -0.835110 0.218064 0.505014 -0.019937 -0.917751 -0.396655 -0.892440 -0.255145 0.372091 0.827170 0.369429 0.423453 -0.072610 0.739236 0.669521 0.606773 0.399642 0.687105 0.784519 0.446273 0.430548 -0.075576 0.996742 0.028185 -0.662454 0.130991 -0.737561 -0.154279 0.908932 -0.387351 0.420968 0.675403 -0.605489 0.540808 0.770014 0.338534 -0.539587 0.697281 -0.471853 -0.592644 -0.013026 -0.805359 -0.279773 0.898982 -0.336984 -0.830222 -0.069710 -0.553057 -0.621352 -0.241896 -0.745257 -0.011715 0.984546 -0.174736 -0.421149 0.087302 -0.902780 0.000000 0.000083 -1.000000 0.000000 0.000083 -1.000000 0.000000 0.000095 -1.000000 0.000000 0.000083 -1.000000 0.000000 0.000166 -1.000000 0.000000 0.000142 -1.000000 1.000000 0.000083 0.000000 1.000000 0.000111 0.000000 1.000000 0.000154 0.000000 1.000000 0.000154 0.000000 -1.000000 0.000166 0.000000 -1.000000 0.000139 0.000000 -1.000000 0.000082 0.000000 -1.000000 0.000096 0.000000 0.000000 0.000082 1.000000 0.000000 0.000083 1.000000 0.000000 0.000096 1.000000 0.000000 0.000084 1.000000 0.000000 0.000166 1.000000 0.000000 0.000143 1.000000 1.000000 0.000083 0.000000 1.000000 0.000111 0.000000 -1.000000 0.000082 0.000000 
						-1.000000 0.000082 0.000000 -1.000000 0.000000 -0.000087 -1.000000 0.000000 -0.000069 -1.000000 0.000000 -0.000072 -1.000000 0.000000 -0.000072 -1.000000 -0.000000 -0.000087 -1.000000 -0.000000 -0.000110 -1.000000 0.000000 -0.000015 -1.000000 0.000000 -0.000045 -1.000000 0.000000 -0.000132 -1.000000 0.000000 -0.000125 -1.000000 0.000000 -0.000006 -1.000000 0.000000 -0.000014 -1.000000 0.000000 -0.000047 -1.000000 0.000000 -0.000048 -1.000000 0.000000 -0.000074 -1.000000 0.000000 -0.000078 0.000000 0.042612 0.999092 0.000000 0.010496 0.999945 0.000000 0.010536 0.999945 0.000000 0.035442 0.999372 0.000000 0.010578 0.999944 0.000000 0.024949 0.999689 -0.998512 0.054528 0.000000 -0.999943 0.010646 0.000000 -0.999944 0.010592 0.000000 -0.998680 0.051368 0.000000 0.999996 -0.002964 0.000000 0.999943 0.010644 0.000000 0.999942 0.010734 0.000000 0.999596 -0.028437 0.000000 0.000000 -0.052368 -0.998628 0.000000 0.011164 -0.999938 0.000000 0.011280 -0.999936 0.000000 -0.043677 -0.999046 0.000000 0.011393 -0.999935 0.000000 -0.024582 -0.999698 -0.999945 0.010536 0.000000 -0.998912 0.046633 0.000000 0.999941 0.010825 0.000000 0.998538 -0.054060 0.000000 0.000000 0.138569 0.990353 0.000000 0.150362 0.988631 0.000000 0.123917 0.992293 -0.994949 0.100383 0.000000 -0.995281 0.097037 0.000000 0.999399 0.034657 0.000000 0.999870 -0.016108 0.000000 0.000000 -0.211153 -0.977453 0.000000 -0.236489 -0.971634 0.000000 -0.219627 -0.975584 -0.995892 0.090550 0.000000 0.997747 -0.067095 0.000000 0.058247 0.950037 0.306654 0.043416 0.924062 0.379769 0.032549 0.937117 0.347493 0.063307 0.941109 0.332124 0.999248 0.008891 -0.037736 0.996572 -0.013554 0.081615 0.999877 0.002656 -0.015484 0.998751 0.011456 -0.048626 0.994715 0.016821 -0.101285 0.997979 0.014573 -0.061854 0.091462 -0.875947 -0.473658 
						0.038101 -0.913774 -0.404431 0.051268 -0.893599 -0.445928 0.092333 -0.873476 -0.478032 0.091377 -0.872007 -0.480889 0.047491 -0.876585 -0.478899 0.045737 -0.875108 -0.481761 0.091444 -0.871810 -0.481234 -0.871819 0.102062 0.479077 -0.882971 0.028576 0.468557 -0.879446 0.033894 0.474790 -0.868735 0.103197 0.484407 -0.883274 0.028541 0.467988 -0.853323 0.108637 0.509939 0.038733 0.976592 0.211586 0.032602 0.937147 0.347408 0.035515 0.931633 0.361660 0.047813 0.964931 0.258114 0.000000 0.353177 0.935557 0.000000 0.347463 0.937694 0.998070 0.061416 -0.009204 0.998054 0.062264 -0.003238 0.998442 -0.055734 0.002898 0.999968 -0.007926 0.001188 0.979055 -0.203320 0.010573 0.994471 -0.103850 0.015562 0.000000 -0.407743 -0.913097 0.000000 -0.441021 -0.897497 0.000000 -0.434148 -0.900841 -0.998656 0.050014 -0.013580 -0.995102 0.098572 -0.007409 -0.994169 0.107530 -0.008083 -0.998219 0.057566 -0.015631 -0.992250 0.123910 -0.009314 -0.997328 0.070498 -0.019142 0.000000 0.319052 0.947737 0.000000 0.583926 0.811807 0.000000 0.681480 0.731836 0.985661 -0.113091 0.125231 0.999944 -0.007081 0.007841 0.992021 0.084495 -0.093565 0.000000 -0.687883 -0.725822 0.000000 -0.634965 -0.772541 -0.000000 -0.627423 -0.778679 -0.996879 -0.062376 0.048392 -0.997617 -0.054518 0.042295 -0.998351 -0.045351 0.035184 0.000000 0.569110 0.822261 0.000000 0.777885 0.628407 0.000000 0.847409 0.530940 0.967223 -0.057819 0.247258 0.999986 -0.001203 0.005146 0.974739 0.050856 -0.217480 0.000000 -0.858107 -0.513471 0.000000 -0.789345 -0.613950 0.000000 -0.783244 -0.621715 -0.971976 -0.111287 0.207069 -0.975837 -0.103439 0.192467 -0.979325 -0.095766 0.178190 0.000000 0.779372 0.626561 0.000000 0.889280 0.457363 0.000000 0.929004 0.370069 0.985461 -0.022570 0.168394 0.999970 0.001037 -0.007737 0.985563 0.022492 -0.167809 
						0.000000 -0.913947 -0.405834 0.000000 -0.871584 -0.490246 -0.000000 -0.859293 -0.511484 -0.930725 -0.070273 0.358904 -0.940596 -0.065241 0.333202 -0.954596 -0.057242 0.292351 0.000000 0.884908 0.465766 0.823013 0.245472 -0.512244 0.730136 -0.161631 -0.663911 0.782012 0.438167 -0.443246 0.665235 0.548315 -0.506767 -0.456643 0.479407 0.749430 -0.628101 -0.481233 0.611476 -0.779870 -0.405351 0.476962 -0.802988 -0.129067 0.581852 -0.630186 0.419945 -0.653079 -0.548816 0.432527 -0.715347 0.781703 0.076742 0.618911 -0.526706 0.326229 -0.784955 -0.483125 0.668014 -0.565992 0.575671 -0.255219 0.776831 0.594776 -0.405106 0.694357 0.732267 -0.284084 0.618936 0.268729 -0.154607 -0.950727 -0.597119 -0.151789 -0.787660 0.561710 -0.127676 -0.817423 -0.958008 -0.210255 0.194970 -0.673904 0.035179 0.737981 -0.328946 0.020772 0.944120 0.423418 0.276075 0.862844 0.844151 0.384000 -0.374103 0.756476 0.341117 0.558017 0.765294 0.466364 0.443656 0.744030 0.105675 0.659736 0.599378 0.460526 0.654723 -0.554571 0.487464 -0.674411 -0.787320 -0.221334 -0.575446 -0.731513 -0.440310 -0.520592 -0.598401 -0.355069 -0.718221 -0.406765 0.892013 0.197118 -0.782770 0.500288 -0.370113 -0.897522 0.328492 0.294187 -0.276228 0.747009 0.604711 -0.737678 -0.056299 -0.672801 -0.956088 -0.292143 -0.023411 -0.731251 -0.051480 -0.680164 -0.418099 -0.556750 -0.717790 0.354092 -0.133769 -0.925594 0.099416 0.290509 -0.951694 0.146114 -0.890957 -0.429938 0.690793 -0.511276 -0.511274 0.737993 0.050978 0.672880 0.236806 0.721173 0.651024 0.430627 0.559752 0.707982 0.704017 0.035338 0.709303 0.696938 -0.695688 0.174057 0.771800 -0.500243 0.392532 -0.590936 0.442143 -0.674762 -0.599990 0.435420 -0.671134 -0.721958 0.262487 -0.640216 -0.692441 0.402440 -0.598805 -0.612027 0.415804 -0.672704 -0.607246 0.183010 -0.773149 -0.587930 0.411042 -0.696694 
						-0.583659 0.429044 -0.689393 -0.607140 0.274849 -0.745546 -0.736476 0.200341 -0.646116 -0.584941 0.440841 -0.680810 -0.591980 0.374365 -0.713730 -0.607454 0.408549 -0.681240 -0.485939 0.316837 -0.814541 -0.602075 0.407276 -0.686754 -0.565662 0.478036 -0.671943 -0.596934 0.406451 -0.691714 -0.741509 0.383457 -0.550568 -0.591857 0.441836 0.674156 -0.584035 0.433854 0.686057 -0.620693 0.380158 0.685727 -0.669691 0.369136 0.644401 -0.581635 0.431628 0.689492 -0.584497 0.422853 0.692502 -0.684466 0.185361 0.705087 -0.548710 0.264735 0.792990 -0.611116 0.411182 0.676363 -0.610344 0.425299 0.668281 -0.700046 0.200522 0.685366 -0.549203 0.222182 0.805612 -0.600770 0.406910 0.688113 -0.605475 0.408184 0.683218 -0.491622 0.395622 0.775752 -0.624031 0.477244 0.618727 -0.594218 0.406584 0.693970 -0.768338 0.302658 0.563963 -0.700433 -0.154493 0.696797 -0.802758 0.390354 0.450781 -0.949222 0.185963 -0.253761 -0.912039 -0.409957 0.010955 -0.512328 0.854291 -0.087787 -0.391450 0.761695 -0.516321 0.261918 -0.906245 0.331841 -0.328894 -0.645272 0.689530 0.380143 -0.268409 0.885126 0.754560 -0.537078 0.377076 -0.694120 -0.149743 0.704113 0.087494 0.186470 0.978557 0.672754 0.197881 -0.712913 0.754601 -0.583542 -0.300093 0.819227 -0.367528 -0.440216 0.723277 0.178378 -0.667122 0.110823 0.796781 -0.594018 0.385599 0.680558 -0.623020 -0.315539 0.844635 0.432467 -0.774006 0.620736 0.124907 -0.487003 0.723751 -0.488889 0.003647 0.999987 -0.003680 -0.995461 0.054497 0.078021 -0.644258 0.000957 -0.764807 0.037745 -0.046594 -0.998201 0.269124 -0.469952 -0.840665 -0.504671 -0.729650 -0.461430 -0.857052 -0.016548 -0.514964 0.575997 -0.603659 -0.551202 0.037581 -0.998099 -0.048845 0.912658 0.028524 0.407727 0.228514 0.656304 0.719059 0.536747 0.721360 0.437655 0.780707 -0.009550 0.624824 0.866120 -0.451297 -0.214866 
						0.541334 -0.731498 0.414569 -0.620972 -0.075895 -0.780150 -0.584512 -0.026759 -0.810943 -0.708904 0.021275 -0.704984 -0.707453 0.065965 -0.703676 -0.578577 0.076845 -0.812000 -0.701357 0.027065 -0.712297 -0.713684 0.074920 -0.696449 -0.769757 0.085988 -0.632519 -0.626423 0.050263 -0.777861 -0.602390 0.054144 -0.796364 -0.828600 -0.028235 -0.559128 -0.594690 0.041141 -0.802902 -0.650364 0.149507 -0.744765 -0.706248 -0.013720 -0.707832 -0.710421 0.081689 -0.699020 -0.665654 -0.052767 -0.744392 -0.702076 0.053946 -0.710056 -0.604755 -0.021584 -0.796119 -0.632465 -0.063812 0.771956 -0.699181 -0.057002 0.712668 -0.681039 0.104072 0.724813 -0.671041 0.051680 0.739617 -0.840836 0.127200 0.526132 -0.728825 0.093852 0.678237 -0.606049 -0.027250 0.794960 -0.597699 0.014478 0.801590 -0.597931 0.124717 0.791785 -0.584804 -0.013566 0.811061 -0.673661 0.073915 0.735335 -0.709604 0.069125 0.701202 -0.711337 0.057657 0.700482 -0.686894 0.140705 0.713006 -0.721112 -0.007881 0.692773 -0.669584 -0.057391 0.740515 -0.704189 0.057548 0.707676 -0.621947 -0.041525 0.781958 -0.984279 -0.041096 -0.171772 -0.843253 0.529717 -0.091235 -0.574598 0.612439 0.542914 -0.624522 -0.152147 0.766044 -0.413940 0.829132 -0.375758 -0.128011 0.989258 0.070579 0.624945 -0.617553 0.477569 0.311502 -0.528581 0.789664 -0.431013 -0.822039 0.372129 0.116659 -0.990319 -0.075233 -0.083937 -0.154924 0.984354 -0.840571 -0.169804 0.514400 0.710322 0.164057 -0.684491 0.908689 -0.396484 0.130709 0.590059 -0.621317 -0.515554 0.741157 0.149233 -0.654535 0.101914 0.714753 -0.691912 0.415551 0.817075 -0.399631 -0.428760 0.765830 -0.479239 -0.018602 0.999814 -0.005035 -0.497275 0.229761 -0.836617 -0.398173 -0.872971 -0.281744 -0.799887 -0.490576 -0.345711 0.022531 -0.993766 0.109183 0.472800 0.736702 0.483457 0.676683 -0.033949 0.735492 0.419204 -0.731016 0.538408 
						-0.770442 0.637495 -0.004321 -0.551904 0.803087 -0.224618 -0.958521 0.131033 0.253116 0.108216 0.423474 -0.899422 0.202070 -0.033818 -0.978787 0.018796 0.593820 -0.804379 -0.867117 -0.480074 0.132801 -0.483748 -0.793206 -0.369881 0.016147 -0.557029 -0.830336 -0.205833 0.824339 0.527350 -0.494416 0.791644 0.358960 0.202675 0.024301 0.978944 0.174293 0.291306 0.940618 -0.837370 0.536519 -0.104685 -0.964386 -0.044857 -0.260665 -0.772871 -0.634561 0.001740 -0.315398 -0.777234 0.544455 0.101590 -0.440360 0.892055 -0.408674 0.723673 0.556132 -0.418484 0.199177 0.886115 0.017055 0.997792 0.064196 -0.323962 -0.906996 0.269085 0.074290 -0.994865 -0.068737 -0.738349 -0.575311 0.351935 0.490978 -0.729100 -0.476816 0.759858 -0.016627 -0.649876 0.530701 0.739037 -0.414946 -0.702768 0.711411 -0.003264 -0.702766 0.711414 -0.003264 -0.702764 0.711416 -0.003264 -0.702768 0.711411 -0.003264 -0.702422 0.711313 0.025237 -0.702366 0.711369 0.025238 -0.702291 0.711442 0.025238 -0.702418 0.711317 0.025237 -0.702563 0.711168 -0.025393 -0.702617 0.711115 -0.025394 -0.702644 0.711088 -0.025394 -0.702567 0.711164 -0.025393 -0.702559 0.711159 0.025769 -0.702614 0.711104 0.025769 -0.702641 0.711078 0.025769 -0.702563 0.711155 0.025769 -0.702773 0.711407 0.003265 -0.702765 0.711415 0.003265 -0.702760 0.711419 0.003265 -0.702772 0.711408 0.003265 -0.702430 0.711316 -0.024937 -0.702342 0.711402 -0.024937 -0.702229 0.711514 -0.024937 -0.702424 0.711322 -0.024937 -0.702644 0.711534 0.003300 -0.702644 0.711534 0.003300 -0.702644 0.711534 0.003300 -0.702644 0.711534 0.003300 -0.702644 0.711533 -0.003299 -0.702643 0.711535 -0.003299 -0.702642 0.711536 -0.003299 -0.702644 0.711534 -0.003299 0.000018 -0.000013 -1.000000 0.000018 -0.000013 -1.000000 0.000001 -0.000034 -1.000000 0.000001 -0.000034 -1.000000 0.000001 -0.000033 -1.000000 
						0.000001 -0.000033 -1.000000 -0.000017 -0.000013 -1.000000 -0.000017 -0.000013 -1.000000 0.000019 0.000018 -1.000000 0.000019 0.000018 -1.000000 0.000039 -0.000000 -1.000000 0.000039 -0.000000 -1.000000 -0.000019 -0.000018 -1.000000 -0.000019 -0.000018 -1.000000 -0.000033 0.000000 -1.000000 -0.000033 0.000000 -1.000000 -0.000017 0.000017 -1.000000 -0.000017 0.000017 -1.000000 -0.000000 0.000036 -1.000000 -0.000000 0.000036 -1.000000 -0.000000 0.000041 -1.000000 -0.000000 0.000041 -1.000000 0.000019 0.000019 -1.000000 0.000019 0.000020 -1.000000 0.000017 -0.000017 -1.000000 0.000030 -0.000000 -1.000000 0.000029 -0.000000 -1.000000 0.000017 -0.000017 -1.000000 -0.000021 0.000020 -1.000000 -0.000037 0.000000 -1.000000 -0.000037 0.000000 -1.000000 -0.000021 0.000020 -1.000000 -0.710487 0.703710 -0.000042 -0.710327 0.703872 -0.000202 -0.708706 0.705497 -0.003054 -0.691316 0.720901 -0.048836 -0.734135 0.675336 0.070468 -0.712914 0.701239 0.004129 -0.502759 0.507010 0.700125 -0.697903 0.712319 0.074385 -0.702789 0.709440 0.052759 -0.563858 0.569516 0.598094 -0.703772 0.708684 -0.049716 -0.532480 0.536797 -0.654457 -0.563033 0.568296 -0.600029 -0.702854 0.709348 -0.053116 -0.499092 0.503748 -0.705085 -0.700927 0.709247 -0.075304 -0.734459 0.674860 -0.071653 -0.712868 0.701286 -0.004230 -0.710267 0.703932 0.000084 -0.710423 0.703775 0.000032 -0.706289 0.706236 0.048854 -0.534407 0.538850 0.651191 -0.708637 0.705567 0.002915 -0.691667 0.720631 0.047824 -0.709319 -0.700964 -0.074262 -0.710259 -0.701937 -0.053071 -0.710357 -0.702050 -0.050184 -0.711278 -0.702910 0.000000 -0.711303 -0.702885 -0.000103 -0.709472 -0.700794 0.074408 -0.710429 -0.701768 0.053023 -0.710312 -0.702105 0.050051 -0.711280 -0.702909 0.000295 -0.713957 0.700171 0.005099 -0.711125 0.703066 0.000800 -0.707376 0.706824 -0.004400 -0.427319 0.432458 -0.793963 
						-0.428068 0.431845 -0.793894 -0.428809 0.431225 -0.793831 -0.711036 0.703155 -0.000938 -0.707295 0.706906 0.004252 -0.713903 0.700225 -0.005199 -0.429490 0.437625 0.789951 -0.431692 0.435641 0.789847 -0.433951 0.433653 0.789703 
					</float_array>
					<technique_common>
						<accessor count="712" offset="0" source="#meshId1-bitangents-array" stride="3">
							<param name="X" type="float" />
							<param name="Y" type="float" />
							<param name="Z" type="float" />
						</accessor>
					</technique_common>
				</source>
				<source id="meshId1-tex0" name="meshId1-tex0">
					<float_array id="meshId1-tex0-array" count="1424"> 
						0.787816 0.266006 0.787817 0.249665 0.803427 0.249666 0.803426 0.266007 0.546700 0.293450 0.546699 0.277109 0.562309 0.277108 0.562310 0.293449 0.868985 0.080866 0.885326 0.080866 0.885326 0.095134 0.868985 0.095134 0.730520 0.300028 0.730521 0.285759 0.746131 0.285760 0.746130 0.300029 0.454877 0.202140 0.454879 0.216409 0.439269 0.216411 0.439267 0.202142 0.666747 0.133782 0.657993 0.108297 0.692684 0.120386 0.694536 0.136455 0.721040 0.126997 0.722681 0.100176 0.748214 0.116481 0.745822 0.134600 0.843969 0.154203 0.816268 0.160346 0.794283 0.149089 0.801700 0.133087 0.636096 0.131288 0.647051 0.148463 0.803434 0.173407 0.803431 0.211537 0.787820 0.211535 0.787824 0.173406 0.771738 0.133704 0.776413 0.107450 0.562307 0.238978 0.546696 0.238979 0.546694 0.200850 0.562304 0.200849 0.923455 0.095134 0.923455 0.080865 0.961585 0.080865 0.961585 0.095134 0.439280 0.297268 0.439278 0.282999 0.454888 0.282997 0.454890 0.297266 0.868984 0.000009 0.885325 0.000009 0.885326 0.014278 0.868984 0.014278 0.961585 0.000009 0.961585 0.014277 0.923455 0.014278 0.923455 0.000009 0.746137 0.204903 0.746136 0.219172 0.730526 0.219171 0.730527 0.204902 
						0.628817 0.160311 0.601605 0.153629 0.803435 0.157066 0.787825 0.157065 0.546693 0.184508 0.562303 0.184507 0.977926 0.014277 0.977926 0.000009 0.977926 0.080865 0.977926 0.095134 0.454884 0.249703 0.439273 0.249705 0.868985 0.047572 0.885326 0.047572 0.923455 0.047572 0.961585 0.047571 0.977926 0.047571 0.746134 0.252466 0.730523 0.252465 0.486100 0.216405 0.486098 0.202136 0.496570 0.210540 0.496575 0.249697 0.486104 0.249699 0.496581 0.288854 0.486111 0.297262 0.486109 0.282993 0.515478 0.277110 0.515479 0.293452 0.506117 0.283826 0.506115 0.238982 0.515476 0.238981 0.515473 0.200852 0.506112 0.194138 0.515472 0.184510 0.777357 0.219174 0.777358 0.204905 0.787828 0.213312 0.787825 0.252469 0.777354 0.252468 0.787823 0.291626 0.777351 0.300031 0.777352 0.285762 0.844016 0.166696 0.844012 0.211540 0.834651 0.211539 0.834655 0.173410 0.834656 0.157069 0.844008 0.256384 0.834647 0.266010 0.834648 0.249669 0.834651 0.211539 0.772975 0.178332 0.759170 0.183703 0.759168 0.171731 0.767254 0.163626 0.470499 0.282995 0.470494 0.249701 0.470489 0.216407 0.819787 0.128943 0.811689 0.120945 0.811760 0.109059 0.825635 0.114309 0.839511 0.119559 
						0.831311 0.128370 0.819038 0.249667 0.819041 0.211538 0.834655 0.173410 0.819044 0.173409 0.619299 0.129962 0.611154 0.122011 0.611156 0.110125 0.625062 0.115294 0.638967 0.120463 0.630819 0.129321 0.761742 0.285761 0.761744 0.252467 0.777357 0.219174 0.761746 0.219173 0.706998 0.247314 0.695620 0.246991 0.687564 0.238252 0.701290 0.232624 0.715017 0.226997 0.715032 0.239033 0.531084 0.200851 0.531086 0.238980 0.515476 0.238981 0.515473 0.200852 0.531088 0.277110 0.515478 0.277110 0.778691 0.164135 0.786781 0.172961 0.819960 0.100248 0.831484 0.099675 0.778697 0.193039 0.767259 0.192529 0.786783 0.184934 0.695583 0.217935 0.706960 0.218258 0.687548 0.226216 0.630825 0.100626 0.638969 0.108577 0.619304 0.101267 0.839582 0.107674 0.679391 0.210399 0.657544 0.235270 0.648920 0.209851 0.657716 0.197968 0.629947 0.232996 0.637221 0.206563 0.602723 0.221796 0.625406 0.202313 0.596830 0.189211 0.625780 0.186739 0.650067 0.160275 0.675713 0.175583 0.654013 0.184776 0.645596 0.180987 0.616997 0.160328 0.636885 0.177494 0.547152 0.182702 0.522621 0.171626 0.542394 0.152870 0.554279 0.155969 0.515661 0.138702 0.540738 0.137977 0.598012 0.160691 
						0.577488 0.186063 0.566485 0.158332 0.573990 0.145035 0.536525 0.109929 0.550932 0.127922 0.567193 0.109932 0.560535 0.129622 0.594612 0.126101 0.569447 0.131906 0.440946 0.155574 0.450965 0.128415 0.469811 0.151441 0.467346 0.163885 0.483471 0.121412 0.485259 0.149765 0.464427 0.204455 0.439267 0.183283 0.465763 0.175529 0.478636 0.182947 0.513953 0.174298 0.498972 0.200056 0.491499 0.177912 0.494123 0.168713 0.513225 0.140755 0.496003 0.159710 0.727400 0.206351 0.701004 0.209429 0.707199 0.182428 0.719220 0.179911 0.677999 0.184629 0.699012 0.169702 0.759992 0.161306 0.755475 0.193467 0.731324 0.176526 0.731869 0.161337 0.707986 0.133411 0.739440 0.133406 0.721913 0.151901 0.713262 0.153582 0.681265 0.149124 0.703747 0.156138 0.582511 0.222587 0.594524 0.222586 0.594526 0.247078 0.582513 0.247079 0.594529 0.271570 0.582515 0.271572 0.582506 0.179814 0.594520 0.179813 0.594522 0.201199 0.582508 0.201201 0.582515 0.271572 0.594529 0.271570 0.594531 0.292957 0.582518 0.292958 0.582520 0.314344 0.594533 0.314343 0.594536 0.338835 0.582522 0.338836 0.594538 0.363327 0.582525 0.363329 0.594524 0.222586 0.582511 0.222587 0.594533 0.314343 
						0.582520 0.314344 0.684865 0.217935 0.678002 0.211942 0.702495 0.211944 0.702494 0.217937 0.726987 0.211946 0.720123 0.217938 0.684862 0.248722 0.677999 0.254715 0.678001 0.233328 0.684864 0.233329 0.726985 0.233332 0.720122 0.233332 0.720121 0.248725 0.726983 0.254718 0.702491 0.254717 0.702492 0.248724 0.702536 0.931751 0.234356 0.926815 0.234581 0.909208 0.704292 0.914112 0.234788 0.891634 0.705759 0.896568 0.700669 0.962688 0.233957 0.957665 0.234154 0.942228 0.701399 0.947223 0.705759 0.896568 0.234788 0.891634 0.234948 0.876292 0.706189 0.881256 0.705812 0.865986 0.235090 0.860932 0.235239 0.843291 0.704440 0.848521 0.235396 0.825595 0.703026 0.830946 0.234356 0.926815 0.702536 0.931751 0.235090 0.860932 0.705812 0.865986 0.724348 0.933846 0.729046 0.915885 0.734517 0.897554 0.722047 0.965254 0.722883 0.949689 0.734517 0.897554 0.735159 0.880153 0.734471 0.863006 0.728911 0.845696 0.722872 0.829430 0.724348 0.933846 0.734471 0.863006 0.804757 0.902799 0.785493 0.908716 0.776809 0.893914 0.797982 0.891085 0.797982 0.891085 0.776809 0.893914 0.775454 0.879886 0.796989 0.880876 0.776194 0.865710 0.796874 0.870785 0.796874 0.870785 
						0.776194 0.865710 0.784958 0.851024 0.803193 0.860480 0.803193 0.860480 0.784958 0.851024 0.794259 0.836012 0.809814 0.849618 0.823791 0.936394 0.807225 0.950763 0.800713 0.937000 0.817843 0.925976 0.793342 0.924110 0.811113 0.915433 0.811113 0.915433 0.793342 0.924110 0.785493 0.908716 0.804757 0.902799 0.740800 0.918465 0.747900 0.899138 0.747900 0.899138 0.734517 0.897554 0.735159 0.880153 0.747417 0.879902 0.734471 0.863006 0.747982 0.860481 0.747982 0.860481 0.740170 0.841826 0.733410 0.825337 0.735976 0.966724 0.722047 0.965254 0.722883 0.949689 0.736037 0.951273 0.724348 0.933846 0.736417 0.935812 0.736417 0.935812 0.750990 0.919199 0.752298 0.899187 0.752298 0.899187 0.751085 0.879823 0.752347 0.860165 0.752347 0.860165 0.750200 0.839970 0.748465 0.822517 0.754661 0.966724 0.753120 0.951484 0.751385 0.936395 0.751385 0.936395 0.761188 0.916863 0.755313 0.898014 0.755313 0.898014 0.754020 0.879763 0.755339 0.861203 0.755339 0.861203 0.760627 0.841726 0.765368 0.824443 0.774592 0.963414 0.771030 0.948510 0.766915 0.933747 0.766915 0.933747 0.772686 0.912994 0.764222 0.896071 0.764222 0.896071 0.762566 0.879730 0.764052 0.863043 
						0.764052 0.863043 0.772328 0.845766 0.780623 0.829697 0.792201 0.957699 0.786862 0.943343 0.780855 0.929109 0.780855 0.929109 0.647612 0.205234 0.653368 0.197473 0.637767 0.203894 0.629099 0.198964 0.629338 0.188781 0.651291 0.188928 0.644345 0.183784 0.635990 0.182260 0.545890 0.149404 0.554930 0.153342 0.544805 0.139564 0.564880 0.153606 0.569867 0.145031 0.551030 0.132567 0.559926 0.132648 0.567424 0.136528 0.473621 0.154753 0.470076 0.163939 0.483741 0.153656 0.470279 0.173796 0.478686 0.178649 0.487077 0.175773 0.491083 0.168093 0.491159 0.159574 0.708649 0.177735 0.718621 0.177292 0.703324 0.169365 0.727698 0.173210 0.728218 0.163298 0.722202 0.157041 0.713871 0.156669 0.705741 0.160329 0.860027 0.082232 0.864093 0.090770 0.532038 0.092245 0.527904 0.083152 0.866672 0.099508 0.535762 0.101074 0.866654 0.028924 0.866089 0.038025 0.534449 0.035676 0.536408 0.026498 0.862849 0.046911 0.530845 0.045173 0.856246 0.064193 0.856763 0.073318 0.525891 0.073603 0.526158 0.063832 0.858774 0.055440 0.527893 0.054404 0.939417 0.525369 0.930595 0.523302 0.932393 0.191167 0.941245 0.194591 0.922083 0.519362 0.923344 0.187044 0.886762 0.520629 
						0.877952 0.524203 0.875939 0.192700 0.885376 0.188836 0.868838 0.525369 0.866711 0.195154 0.913260 0.515765 0.913897 0.184760 0.904127 0.514648 0.904121 0.184606 0.895284 0.516670 0.894603 0.185959 0.875563 0.951099 0.866534 0.951226 0.864847 0.620557 0.874059 0.618961 0.937094 0.951292 0.928102 0.948384 0.930406 0.616693 0.939521 0.620529 0.892769 0.944041 0.884194 0.948143 0.883280 0.615581 0.892614 0.611815 0.910855 0.941293 0.901764 0.941189 0.902307 0.610332 0.912033 0.611156 0.919529 0.944278 0.921306 0.613383 0.434492 0.437936 0.436574 0.429118 0.768709 0.431500 0.765271 0.440347 0.440529 0.420612 0.772845 0.422458 0.439323 0.385288 0.435765 0.376472 0.767274 0.375041 0.771119 0.384485 0.434615 0.367356 0.764840 0.365807 0.445273 0.402664 0.443267 0.393818 0.773980 0.393718 0.775316 0.403238 0.444141 0.411796 0.775144 0.413014 0.519239 0.086893 0.522714 0.100156 0.451453 0.109774 0.450017 0.093827 0.528825 0.114658 0.452713 0.125056 0.527981 0.014040 0.525509 0.028224 0.454748 0.016369 0.452090 0.000000 0.523128 0.040951 0.454824 0.032595 0.517541 0.063316 0.517267 0.074617 0.450015 0.078010 0.451663 0.063177 0.519946 0.052411 
						0.453563 0.048328 0.954079 0.187593 0.940391 0.181707 0.949214 0.109395 0.965202 0.110530 0.927470 0.178198 0.933051 0.107978 0.881359 0.181246 0.868359 0.183959 0.856065 0.114506 0.872081 0.114135 0.853379 0.187167 0.840337 0.111949 0.915236 0.176013 0.916962 0.108027 0.903881 0.175995 0.901995 0.109914 0.892917 0.178102 0.887420 0.112307 0.866287 0.609438 0.852151 0.614717 0.840337 0.540208 0.855480 0.538859 0.952314 0.612702 0.937878 0.608910 0.947699 0.538437 0.964754 0.536355 0.890987 0.603242 0.878845 0.606000 0.870405 0.536354 0.886011 0.534660 0.913911 0.602574 0.902720 0.601793 0.901468 0.534813 0.916167 0.536438 0.925241 0.605386 0.931331 0.537992 0.772254 0.453193 0.778156 0.439514 0.850458 0.448453 0.849302 0.464438 0.781684 0.426599 0.851896 0.432295 0.778716 0.380481 0.776030 0.367476 0.845511 0.355313 0.845845 0.371327 0.772856 0.352489 0.848104 0.339591 0.783926 0.403013 0.781839 0.392044 0.847642 0.386666 0.850005 0.401241 0.783888 0.414369 0.851869 0.416209 0.440392 0.107596 0.440006 0.093414 0.440047 0.120033 0.442732 0.018531 0.439797 0.006149 0.443462 0.033123 0.439267 0.078339 0.439609 0.062987 0.441782 0.048267 
						0.946732 0.098260 0.959436 0.097702 0.932253 0.097969 0.858189 0.102400 0.872406 0.102747 0.846103 0.099607 0.917004 0.097351 0.901572 0.097996 0.887134 0.100616 0.844924 0.527488 0.857040 0.526920 0.945325 0.526787 0.958246 0.523959 0.870895 0.525493 0.885575 0.524748 0.900696 0.523968 0.915879 0.524281 0.930583 0.526125 0.861596 0.445985 0.862138 0.458689 0.861906 0.431509 0.857612 0.357464 0.857233 0.371676 0.860433 0.345385 0.859333 0.386403 0.861925 0.400839 0.862545 0.416266 0.437699 0.235217 0.236188 0.220323 0.226985 0.211005 0.437612 0.002972 0.437612 0.002972 0.226985 0.211005 0.217783 0.201688 0.205386 0.000008 0.231191 0.440955 0.219916 0.236395 0.228052 0.228359 0.432888 0.435748 0.205386 0.000008 0.217783 0.201688 0.209647 0.209724 0.004810 0.002335 0.000000 0.202866 0.201511 0.217759 0.210714 0.227077 0.000088 0.435111 0.000088 0.435111 0.210714 0.227077 0.219916 0.236395 0.231191 0.440955 0.432888 0.435748 0.228052 0.228359 0.236188 0.220323 0.437699 0.235217 0.004810 0.002335 0.209647 0.209724 0.201511 0.217759 0.000000 0.202866 0.606419 0.582488 0.606420 0.570875 0.838649 0.569859 0.838648 0.583515 0.391520 0.569904 
						0.391521 0.556248 0.623750 0.557275 0.623749 0.568888 0.622681 0.541686 0.622681 0.530073 0.824432 0.529057 0.824431 0.542713 0.623749 0.568888 0.623750 0.557275 0.824324 0.556258 0.824324 0.569915 0.606419 0.555287 0.606420 0.543674 0.838649 0.542658 0.838648 0.556314 0.391520 0.542701 0.391521 0.529045 0.622681 0.530073 0.622681 0.541686 0.606419 0.582488 0.405844 0.583505 0.405845 0.569849 0.606420 0.570875 0.606419 0.555287 0.405844 0.556303 0.405845 0.542647 0.606420 0.543674 0.997695 0.767516 0.976518 0.770074 0.979031 0.545105 0.999968 0.563905 0.999968 0.945071 0.979049 0.963368 0.393973 0.477676 0.412370 0.456844 0.590881 0.461084 0.588306 0.482260 0.455830 0.529128 0.437033 0.508187 0.662004 0.505711 0.659442 0.526887 0.855327 0.508225 0.836846 0.529198 0.964477 0.119532 0.985451 0.101053 0.987959 0.294376 0.966782 0.296936 0.793485 0.456862 0.812198 0.477616 0.985419 0.519310 0.964548 0.500728 0.004620 0.445089 0.182127 0.440933 0.385743 0.441026 0.195474 0.633560 0.388245 0.644627 0.386176 0.822019 0.208821 0.826187 0.005025 0.826113 0.000000 0.623548 0.967053 0.970571 0.964477 0.770003 0.967068 0.537787 0.429718 0.496223 
						0.661935 0.493669 0.862502 0.496280 1.000000 0.294445 0.997442 0.526662 0.997396 0.093878 0.819575 0.489623 0.588463 0.494438 0.386746 0.489656 
					</float_array>
					<technique_common>
						<accessor count="712" offset="0" source="#meshId1-tex0-array" stride="2">
							<param name="S" type="float" />
							<param name="T" type="float" />
						</accessor>
					</technique_common>
				</source>
				<vertices id="meshId1-vertices">
					<input semantic="POSITION" source="#meshId1-positions" />
				</vertices>
				<polylist count="784" material="defaultMaterial">
					<input offset="0" semantic="VERTEX" source="#meshId1-vertices" />
					<input offset="0" semantic="NORMAL" source="#meshId1-normals" />
					<input offset="0" semantic="TANGENT" source="#meshId1-tangents" />
					<input offset="0" semantic="BINORMAL" source="#meshId1-bitangents" />
					<input offset="0" semantic="TEXCOORD" source="#meshId1-tex0" set="0" />
					<vcount>
						3 3 3 3 3 3 3 3 3 3 3 3 3 3 3 3 3 3 3 3 3 3 3 3 3 3 3 3 3 3 3 3 3 3 3 3 3 3 3 3 3 3 3 3 3 3 3 3 3 3 3 3 3 3 3 3 3 3 3 3 3 3 3 3 
						3 3 3 3 3 3 3 3 3 3 3 3 3 3 3 3 3 3 3 3 3 3 3 3 3 3 3 3 3 3 3 3 3 3 3 3 3 3 3 3 3 3 3 3 3 3 3 3 3 3 3 3 3 3 3 3 3 3 3 3 3 3 3 3 
						3 3 3 3 3 3 3 3 3 3 3 3 3 3 3 3 3 3 3 3 3 3 3 3 3 3 3 3 3 3 3 3 3 3 3 3 3 3 3 3 3 3 3 3 3 3 3 3 3 3 3 3 3 3 3 3 3 3 3 3 3 3 3 3 
						3 3 3 3 3 3 3 3 3 3 3 3 3 3 3 3 3 3 3 3 3 3 3 3 3 3 3 3 3 3 3 3 3 3 3 3 3 3 3 3 3 3 3 3 3 3 3 3 3 3 3 3 3 3 3 3 3 3 3 3 3 3 3 3 
						3 3 3 3 3 3 3 3 3 3 3 3 3 3 3 3 3 3 3 3 3 3 3 3 3 3 3 3 3 3 3 3 3 3 3 3 3 3 3 3 3 3 3 3 3 3 3 3 3 3 3 3 3 3 3 3 3 3 3 3 3 3 3 3 
						3 3 3 3 3 3 3 3 3 3 3 3 3 3 3 3 3 3 3 3 3 3 3 3 3 3 3 3 3 3 3 3 3 3 3 3 3 3 3 3 3 3 3 3 3 3 3 3 3 3 3 3 3 3 3 3 3 3 3 3 3 3 3 3 
						3 3 3 3 3 3 3 3 3 3 3 3 3 3 3 3 3 3 3 3 3 3 3 3 3 3 3 3 3 3 3 3 3 3 3 3 3 3 3 3 3 3 3 3 3 3 3 3 3 3 3 3 3 3 3 3 3 3 3 3 3 3 3 3 
						3 3 3 3 3 3 3 3 3 3 3 3 3 3 3 3 3 3 3 3 3 3 3 3 3 3 3 3 3 3 3 3 3 3 3 3 3 3 3 3 3 3 3 3 3 3 3 3 3 3 3 3 3 3 3 3 3 3 3 3 3 3 3 3 
						3 3 3 3 3 3 3 3 3 3 3 3 3 3 3 3 3 3 3 3 3 3 3 3 3 3 3 3 3 3 3 3 3 3 3 3 3 3 3 3 3 3 3 3 3 3 3 3 3 3 3 3 3 3 3 3 3 3 3 3 3 3 3 3 
						3 3 3 3 3 3 3 3 3 3 3 3 3 3 3 3 3 3 3 3 3 3 3 3 3 3 3 3 3 3 3 3 3 3 3 3 3 3 3 3 3 3 3 3 3 3 3 3 3 3 3 3 3 3 3 3 3 3 3 3 3 3 3 3 
						3 3 3 3 3 3 3 3 3 3 3 3 3 3 3 3 3 3 3 3 3 3 3 3 3 3 3 3 3 3 3 3 3 3 3 3 3 3 3 3 3 3 3 3 3 3 3 3 3 3 3 3 3 3 3 3 3 3 3 3 3 3 3 3 
						3 3 3 3 3 3 3 3 3 3 3 3 3 3 3 3 3 3 3 3 3 3 3 3 3 3 3 3 3 3 3 3 3 3 3 3 3 3 3 3 3 3 3 3 3 3 3 3 3 3 3 3 3 3 3 3 3 3 3 3 3 3 3 3 
						3 3 3 3 3 3 3 3 3 3 3 3 3 3 3 3 
					</vcount>
					<p>
						3 0 1 1 2 3 7 4 5 5 6 7 11 8 9 9 10 11 15 12 13 13 14 15 19 16 17 17 18 19 23 20 21 21 22 23 27 24 25 25 26 27 31 28 29 29 30 31 33 32 21 21 20 33 37 34 35 35 36 37 24 23 22 22 25 24 39 31 30 30 38 39 43 40 41 41 42 43 47 44 45 45 46 47 51 48 49 49 50 51 55 52 53 53 54 55 59 56 57 57 58 59 63 60 61 61 62 63 26 39 38 38 27 26 33 64 65 65 32 33 67 66 34 34 37 67 69 43 42 42 68 69 71 70 57 57 56 71 73 47 46 46 72 73 36 35 2 2 1 36 40 6 5 5 41 40 59 58 54 54 53 59 44 10 9 9 45 44 18 17 74 74 75 18 8 76 77 77 9 8 78 45 9 9 77 78 79 46 45 45 78 79 
						80 72 46 46 79 80 82 81 14 14 13 82 75 74 50 50 49 75 62 61 81 81 82 62 70 80 79 79 57 70 78 58 57 57 79 78 78 77 54 54 58 78 76 55 54 54 77 76 83 84 85 83 85 86 83 86 87 87 86 88 88 89 90 88 90 87 95 91 92 92 93 94 92 94 95 98 96 95 98 95 94 94 97 98 103 99 100 100 101 102 100 102 103 103 102 104 104 105 106 104 106 103 111 107 108 111 108 109 109 110 111 115 108 112 112 113 114 112 114 115 119 116 117 117 118 119 121 87 90 90 120 121 122 83 87 87 121 122 126 123 124 124 125 126 123 126 127 127 128 123 130 115 114 114 129 130 132 131 115 115 130 132 136 133 134 134 135 136 133 136 137 137 138 133 140 103 106 106 139 140 142 141 103 103 140 142 146 143 144 144 145 146 
						143 146 147 147 148 143 152 149 150 150 151 152 151 150 153 153 154 151 116 119 155 155 156 116 158 126 125 125 157 158 17 122 121 121 74 17 74 121 120 120 50 74 116 159 160 160 117 116 159 116 156 156 161 159 150 41 5 5 153 150 149 42 41 41 150 149 146 162 163 163 147 146 162 146 145 145 164 162 61 142 140 140 81 61 81 140 139 139 14 81 136 165 166 166 137 136 165 136 135 135 167 165 34 132 130 130 35 34 35 130 129 129 2 35 126 158 168 168 127 126 172 169 170 170 171 172 171 170 173 173 174 171 174 173 175 175 176 174 176 175 177 177 178 176 182 179 180 180 181 182 181 180 169 169 172 181 178 177 183 183 184 178 184 183 179 179 182 184 188 185 186 186 187 188 187 186 189 189 190 187 194 191 192 192 193 194 193 192 185 185 188 193 
						190 189 195 195 196 190 196 195 197 197 198 196 198 197 199 199 200 198 200 199 191 191 194 200 204 201 202 202 203 204 203 202 205 205 206 203 210 207 208 208 209 210 209 208 201 201 204 209 214 211 212 212 213 214 213 212 207 207 210 213 206 205 215 215 216 206 216 215 211 211 214 216 220 217 218 218 219 220 219 218 221 221 222 219 226 223 224 224 225 226 225 224 217 217 220 225 230 227 228 228 229 230 229 228 223 223 226 229 222 221 231 231 232 222 232 231 227 227 230 232 236 233 234 234 235 236 238 236 235 235 237 238 242 239 240 240 241 242 246 243 244 244 245 246 250 247 248 248 249 250 252 250 249 249 251 252 254 242 241 241 253 254 256 246 245 245 255 256 260 257 258 258 259 260 262 260 259 259 261 262 266 263 264 264 265 266 268 262 261 261 267 268 
						272 269 270 270 271 272 263 272 271 271 264 263 257 266 265 265 258 257 269 268 267 267 270 269 276 273 274 274 275 276 278 276 275 275 277 278 282 279 280 280 281 282 286 283 284 284 285 286 290 287 288 288 289 290 292 290 289 289 291 292 294 282 281 281 293 294 296 286 285 285 295 296 298 297 273 273 276 298 299 298 276 276 278 299 301 300 279 279 282 301 303 302 283 283 286 303 305 304 287 287 290 305 306 305 290 290 292 306 307 301 282 282 294 307 308 303 286 286 296 308 312 309 310 310 311 312 316 313 314 314 315 316 318 316 315 315 317 318 322 319 320 320 321 322 326 323 324 324 325 326 330 327 328 328 329 330 332 330 329 329 331 332 336 333 334 334 335 336 338 337 298 298 299 338 342 339 340 340 341 342 344 342 341 341 343 344 346 345 304 304 305 346 
						347 346 305 305 306 347 351 348 349 349 350 351 353 351 350 350 352 353 298 337 354 354 297 298 356 355 337 337 338 356 358 357 339 339 342 358 359 358 342 342 344 359 361 360 345 345 346 361 362 361 346 346 347 362 364 363 348 348 351 364 365 364 351 351 353 365 337 355 366 366 354 337 368 367 355 355 356 368 370 369 357 357 358 370 371 370 358 358 359 371 373 372 360 360 361 373 374 373 361 361 362 374 376 375 363 363 364 376 377 376 364 364 365 377 355 367 378 378 366 355 380 379 367 367 368 380 382 381 369 369 370 382 383 382 370 370 371 383 385 384 372 372 373 385 386 385 373 373 374 386 388 387 375 375 376 388 389 388 376 376 377 389 367 379 390 390 378 367 311 310 379 379 380 311 315 314 381 381 382 315 317 315 382 382 383 317 321 320 384 384 385 321 
						325 324 385 385 386 325 329 328 387 387 388 329 331 329 388 388 389 331 379 335 334 334 390 379 392 172 171 171 391 392 391 171 174 174 393 391 393 174 176 176 394 393 394 176 178 178 395 394 397 182 181 181 396 397 396 181 172 172 392 396 395 178 184 184 398 395 398 184 182 182 397 398 400 188 187 187 399 400 399 187 190 190 401 399 403 194 193 193 402 403 402 193 188 188 400 402 401 190 196 196 404 401 404 196 198 198 405 404 405 198 200 200 406 405 406 200 194 194 403 406 408 204 203 203 407 408 407 203 206 206 409 407 411 210 209 209 410 411 410 209 204 204 408 410 413 214 213 213 412 413 412 213 210 210 411 412 409 206 216 216 414 409 414 216 214 214 413 414 416 220 219 219 415 416 415 219 222 222 417 415 419 226 225 225 418 419 418 225 220 220 416 418 
						421 230 229 229 420 421 420 229 226 226 419 420 417 222 232 232 422 417 422 232 230 230 421 422 426 423 424 424 425 426 425 424 427 427 428 425 432 429 430 430 431 432 431 430 433 433 434 431 438 435 436 436 437 438 437 436 423 423 426 437 434 433 439 439 440 434 440 439 435 435 438 440 444 441 442 442 443 444 443 442 445 445 446 443 450 447 448 448 449 450 449 448 451 451 452 449 446 445 453 453 454 446 454 453 455 455 456 454 456 455 457 457 458 456 458 457 447 447 450 458 462 459 460 460 461 462 466 463 464 464 465 466 470 467 468 468 469 470 469 468 459 459 462 469 474 471 472 472 473 474 473 472 467 467 470 473 465 464 475 475 476 465 476 475 471 471 474 476 480 477 478 478 479 480 479 478 481 481 482 479 486 483 484 484 485 486 485 484 487 487 488 485 
						492 489 490 490 491 492 491 490 483 483 486 491 482 481 493 493 494 482 494 493 489 489 492 494 498 495 496 496 497 498 497 496 499 499 500 497 504 501 502 502 503 504 503 502 505 505 506 503 510 507 508 508 509 510 509 508 495 495 498 509 506 505 511 511 512 506 512 511 507 507 510 512 516 513 514 514 515 516 515 514 517 517 518 515 522 519 520 520 521 522 521 520 523 523 524 521 518 517 525 525 526 518 526 525 527 527 528 526 528 527 529 529 530 528 530 529 519 519 522 530 534 531 532 532 533 534 538 535 536 536 537 538 542 539 540 540 541 542 541 540 531 531 534 541 546 543 544 544 545 546 545 544 539 539 542 545 537 536 547 547 548 537 548 547 543 543 546 548 552 549 550 550 551 552 551 550 553 553 554 551 558 555 556 556 557 558 557 556 559 559 560 557 
						564 561 562 562 563 564 563 562 555 555 558 563 554 553 565 565 566 554 566 565 561 561 564 566 495 426 425 425 496 495 496 425 428 428 499 496 501 432 431 431 502 501 502 431 434 434 505 502 507 438 437 437 508 507 508 437 426 426 495 508 505 434 440 440 511 505 511 440 438 438 507 511 513 444 443 443 514 513 514 443 446 446 517 514 519 450 449 449 520 519 520 449 452 452 523 520 517 446 454 454 525 517 525 454 456 456 527 525 527 456 458 458 529 527 529 458 450 450 519 529 531 462 461 461 532 531 535 466 465 465 536 535 539 470 469 469 540 539 540 469 462 462 531 540 543 474 473 473 544 543 544 473 470 470 539 544 536 465 476 476 547 536 547 476 474 474 543 547 549 480 479 479 550 549 550 479 482 482 553 550 555 486 485 485 556 555 556 485 488 488 559 556 
						561 492 491 491 562 561 562 491 486 486 555 562 553 482 494 494 565 553 565 494 492 492 561 565 568 498 497 497 567 568 567 497 500 500 569 567 571 504 503 503 570 571 570 503 506 506 572 570 574 510 509 509 573 574 573 509 498 498 568 573 572 506 512 512 575 572 575 512 510 510 574 575 577 516 515 515 576 577 576 515 518 518 578 576 580 522 521 521 579 580 579 521 524 524 581 579 578 518 526 526 582 578 582 526 528 528 583 582 583 528 530 530 584 583 584 530 522 522 580 584 586 534 533 533 585 586 588 538 537 537 587 588 590 542 541 541 589 590 589 541 534 534 586 589 592 546 545 545 591 592 591 545 542 542 590 591 587 537 548 548 593 587 593 548 546 546 592 593 595 552 551 551 594 595 594 551 554 554 596 594 598 558 557 557 597 598 597 557 560 560 599 597 
						601 564 563 563 600 601 600 563 558 558 598 600 596 554 566 566 602 596 602 566 564 564 601 602 606 603 604 604 605 606 610 607 608 608 609 610 614 611 612 612 613 614 618 615 616 616 617 618 622 619 620 620 621 622 626 623 624 624 625 626 630 627 628 628 629 630 634 631 632 632 633 634 638 635 636 636 637 638 642 639 640 640 641 642 646 643 644 644 645 646 650 647 648 648 649 650 654 651 652 652 653 654 658 655 656 656 657 658 662 659 660 660 661 662 666 663 664 664 665 666 670 667 668 668 669 670 672 668 667 667 671 672 676 673 674 674 675 676 680 677 678 678 679 680 682 680 679 679 681 682 686 683 684 684 685 686 675 687 688 688 676 675 685 689 690 690 686 685 694 691 692 692 693 694 696 694 693 693 695 696 696 697 698 698 694 696 694 698 699 699 691 694 
						672 700 701 701 668 672 668 701 702 702 669 668 678 703 704 704 679 678 679 704 705 705 681 679 685 706 707 707 689 685 684 708 706 706 685 684 688 709 710 710 676 688 676 710 711 711 673 676 
					</p>
				</polylist>
			</mesh>
		</geometry>
		<geometry id="meshId2" name="meshId2_name" >
			<mesh>
				<source id="meshId2-positions" name="meshId2-positions">
					<float_array id="meshId2-positions-array" count="3114"> 
						9.914163 0.000000 6.112283 9.599870 0.000000 5.495446 9.521766 0.310194 5.552191 9.822347 0.310194 6.142115 9.110345 0.000000 5.005921 9.053603 0.310194 5.084025 8.493508 0.000000 4.691628 8.463677 0.310194 4.783443 7.809739 0.000000 4.583330 7.809739 0.310194 4.679870 7.125966 0.000000 4.691628 7.155803 0.310194 4.783443 6.509131 0.000000 5.005922 6.565879 0.310194 5.084025 6.019610 0.000000 5.495446 6.097711 0.310194 5.552192 5.705316 0.000000 6.112283 5.797132 0.310194 6.142116 5.597016 0.000000 6.796052 5.693555 0.310194 6.796052 5.705316 0.000000 7.479821 5.797132 0.310194 7.449988 6.019610 0.000000 8.096658 6.097711 0.310194 8.039911 6.019610 0.000000 8.096658 6.509131 0.000000 8.586182 6.565879 0.310194 8.508079 6.097711 0.310194 8.039911 7.125966 0.000000 8.900475 7.155803 0.310194 8.808659 7.809739 0.000000 9.008774 7.809739 0.310194 8.912231 8.493508 0.000000 8.900475 8.463675 0.310194 8.808659 9.110345 0.000000 8.586182 9.053599 0.310194 8.508079 9.599870 0.000000 8.096657 9.521764 0.310194 8.039911 9.914163 0.000000 7.479821 9.822347 0.310194 7.449988 10.022462 0.000000 6.796052 9.925920 0.310194 6.796052 9.914163 0.000000 6.112283 10.022462 0.000000 6.796052 9.914163 0.000000 7.479821 9.599870 0.000000 8.096657 9.110345 0.000000 8.586182 8.493508 0.000000 8.900475 7.809739 0.000000 9.008774 7.125966 0.000000 8.900475 6.509131 0.000000 8.586182 6.019610 0.000000 8.096658 5.705316 0.000000 7.479821 5.597016 0.000000 6.796052 5.705316 0.000000 6.112283 6.019610 0.000000 5.495446 6.509131 0.000000 5.005922 7.125966 0.000000 4.691628 7.809739 0.000000 4.583330 8.493508 0.000000 4.691628 9.110345 0.000000 5.005921 9.599870 0.000000 5.495446 9.365373 0.404882 5.665816 9.638497 0.404882 6.201852 
						8.939973 0.404882 5.240417 8.403939 0.404882 4.967293 7.809739 0.404882 4.873181 7.215539 0.404882 4.967293 6.679503 0.404882 5.240417 6.254104 0.404882 5.665817 5.980981 0.404882 6.201852 5.886868 0.404882 6.796052 5.980981 0.404882 7.390251 6.254104 0.404882 7.926287 6.679503 0.404882 8.351686 6.254104 0.404882 7.926287 7.215539 0.404882 8.624810 7.809739 0.404882 8.718921 8.403939 0.404882 8.624810 8.939973 0.404882 8.351686 9.365373 0.404882 7.926287 9.638497 0.404882 7.390251 9.732608 0.404882 6.796052 9.537265 0.563525 6.234744 9.279260 0.563525 5.728382 9.232638 1.703419 5.762255 9.482457 1.703419 6.252552 8.877408 0.563525 5.326529 8.843537 1.703419 5.373152 8.371047 0.563525 5.068525 8.353238 1.703419 5.123332 7.809739 0.563525 4.979622 7.809739 1.703419 5.037251 7.248431 0.563525 5.068525 7.266236 1.703419 5.123333 6.742068 0.563525 5.326529 6.775941 1.703419 5.373152 6.340217 0.563525 5.728382 6.386838 1.703419 5.762255 6.082210 0.563525 6.234744 6.137019 1.703419 6.252553 5.993310 0.563525 6.796052 6.050937 1.703419 6.796052 6.082210 0.563525 7.357359 6.137019 1.703419 7.339551 6.340217 0.563525 7.863722 6.386838 1.703419 7.829848 6.340217 0.563525 7.863722 6.742068 0.563525 8.265574 6.775941 1.703419 8.218951 6.386838 1.703419 7.829848 7.248431 0.563525 8.523579 7.266236 1.703419 8.468771 7.809739 0.563525 8.612481 7.809739 1.703419 8.554852 8.371045 0.563525 8.523579 8.353238 1.703419 8.468771 8.877408 0.563525 8.265574 8.843537 1.703419 8.218951 9.279260 0.563525 7.863722 9.232638 1.703419 7.829848 9.537265 0.563525 7.357359 9.482457 1.703419 7.339551 9.626168 0.563525 6.796052 9.568540 1.703419 6.796052 9.482095 3.413260 6.796052 9.400245 3.413260 6.279265 9.345437 4.553154 6.297073 
						9.424466 4.553154 6.796052 9.400245 3.413260 7.312838 9.345437 4.553154 7.295030 9.162702 3.413260 7.779039 9.116080 4.553154 7.745166 8.792726 3.413260 8.149017 8.758851 4.553154 8.102394 8.326524 3.413260 8.386558 8.308717 4.553154 8.331750 7.809739 3.413260 8.468408 7.809739 4.553154 8.410780 7.292953 3.413260 8.386558 7.310760 4.553154 8.331750 6.826753 3.413260 8.149017 6.860625 4.553154 8.102394 6.456773 3.413260 7.779039 6.503396 4.553154 7.745166 6.219232 3.413260 7.312838 6.456773 3.413260 7.779039 6.503396 4.553154 7.745166 6.274041 4.553154 7.295030 6.137382 3.413260 6.796052 6.195010 4.553154 6.796052 6.219232 3.413260 6.279265 6.274041 4.553154 6.297073 6.456773 3.413260 5.813065 6.503396 4.553154 5.846938 6.826753 3.413260 5.443086 6.860625 4.553154 5.489709 7.292953 3.413260 5.205545 7.310760 4.553154 5.260353 7.809739 3.413260 5.123694 7.809739 4.553154 5.181324 8.326526 3.413260 5.205545 8.308717 4.553154 5.260353 8.792726 3.413260 5.443086 8.758851 4.553154 5.489709 9.162704 3.413260 5.813065 9.116080 4.553154 5.846938 9.410058 4.838128 6.796052 9.331735 4.838128 6.301525 9.276925 5.978023 6.319333 9.352429 5.978023 6.796052 9.331735 4.838128 7.290578 9.276925 5.978023 7.272769 9.104424 4.838128 7.736697 9.057801 5.978023 7.702823 8.750382 4.838128 8.090738 8.716510 5.978023 8.044116 8.304265 4.838128 8.318047 8.286454 5.978023 8.263238 7.809739 4.838128 8.396372 7.809739 5.978023 8.338744 7.315211 4.838128 8.318047 7.333020 5.978023 8.263238 6.869092 4.838128 8.090738 6.902965 5.978023 8.044116 6.515052 4.838128 7.736697 6.561673 5.978023 7.702823 6.287740 4.838128 7.290578 6.515052 4.838128 7.736697 6.561673 5.978023 7.702823 6.342551 5.978023 7.272770 6.209416 4.838128 6.796052 
						6.267047 5.978023 6.796052 6.287740 4.838128 6.301525 6.342551 5.978023 6.319334 6.515052 4.838128 5.855407 6.561673 5.978023 5.889280 6.869092 4.838128 5.501365 6.902965 5.978023 5.547987 7.315211 4.838128 5.274056 7.333020 5.978023 5.328864 7.809739 4.838128 5.195730 7.809739 5.978023 5.253360 8.304265 4.838128 5.274056 8.286458 5.978023 5.328864 8.750382 4.838128 5.501365 8.716510 5.978023 5.547987 9.104424 4.838128 5.855407 9.057805 5.978023 5.889280 9.554128 1.988393 6.796052 9.468757 1.988393 6.257004 9.413947 3.128287 6.274813 9.496503 3.128287 6.796052 9.468757 1.988393 7.335099 9.413947 3.128287 7.317290 9.220981 1.988393 7.821380 9.174359 3.128287 7.787506 8.835067 1.988393 8.207295 8.801194 3.128287 8.160673 8.348784 1.988393 8.455068 8.330977 3.128287 8.400259 7.809739 1.988393 8.540444 7.809739 3.128287 8.482816 7.270692 1.988393 8.455068 7.288499 3.128287 8.400259 6.784410 1.988393 8.207295 6.818280 3.128287 8.160673 6.398492 1.988393 7.821380 6.445117 3.128287 7.787506 6.150723 1.988393 7.335099 6.398492 1.988393 7.821380 6.445117 3.128287 7.787506 6.205529 3.128287 7.317290 6.065347 1.988393 6.796052 6.122972 3.128287 6.796052 6.150723 1.988393 6.257005 6.205529 3.128287 6.274813 6.398492 1.988393 5.770724 6.445117 3.128287 5.804596 6.784410 1.988393 5.384808 6.818280 3.128287 5.431430 7.270692 1.988393 5.137036 7.288499 3.128287 5.191843 7.809739 1.988393 5.051659 7.809739 3.128287 5.109288 8.348786 1.988393 5.137034 8.330977 3.128287 5.191843 8.835067 1.988393 5.384808 8.801194 3.128287 5.431430 9.220983 1.988393 5.770723 9.174359 3.128287 5.804596 9.671603 1.611573 6.796052 9.580476 1.611573 6.220704 9.565972 1.913246 6.225417 9.656350 1.913246 6.796052 9.580476 1.611573 7.371399 
						9.565972 1.913246 7.366686 9.316018 1.611573 7.890428 9.303678 1.913246 7.881463 8.904115 1.611573 8.302332 8.895150 1.913246 8.289993 8.385087 1.611573 8.566790 8.380372 1.913246 8.552285 7.809739 1.611573 8.657916 7.809739 1.913246 8.642665 7.234389 1.611573 8.566790 7.239100 1.913246 8.552285 6.715360 1.611573 8.302332 6.724326 1.913246 8.289993 6.303458 1.611573 7.890428 6.315797 1.913246 7.881463 6.038999 1.611573 7.371399 6.303458 1.611573 7.890428 6.315797 1.913246 7.881463 6.053506 1.913246 7.366687 5.947873 1.611573 6.796052 5.963126 1.913246 6.796052 6.038999 1.611573 6.220705 6.053506 1.913246 6.225417 6.303458 1.611573 5.701676 6.315797 1.913246 5.710640 6.715360 1.611573 5.289771 6.724326 1.913246 5.302111 7.234389 1.611573 5.025313 7.239100 1.913246 5.039819 7.809739 1.611573 4.934187 7.809739 1.913246 4.949438 8.385087 1.611573 5.025313 8.380374 1.913246 5.039817 8.904115 1.611573 5.289771 8.895150 1.913246 5.302111 9.316018 1.611573 5.701675 9.303679 1.913246 5.710640 9.595345 3.119938 6.796052 9.507951 3.119938 6.244269 9.493447 3.421611 6.248981 9.580094 3.421611 6.796052 9.507951 3.119938 7.347835 9.493447 3.421611 7.343122 9.254323 3.119938 7.845605 9.241984 3.421611 7.836640 8.859292 3.119938 8.240638 8.850327 3.421611 8.228299 8.361522 3.119938 8.494265 8.356809 3.421611 8.479760 7.809739 3.119938 8.581659 7.809739 3.421611 8.566408 7.257955 3.119938 8.494265 7.262666 3.421611 8.479760 6.760184 3.119938 8.240638 6.769151 3.421611 8.228299 6.365151 3.119938 7.845605 6.377492 3.421611 7.836640 6.111524 3.119938 7.347835 6.365151 3.119938 7.845605 6.377492 3.421611 7.836640 6.126031 3.421611 7.343122 6.024133 3.119938 6.796052 6.039380 3.421611 6.796052 6.111524 3.119938 6.244269 
						6.126031 3.421611 6.248982 6.365151 3.119938 5.746498 6.377492 3.421611 5.755463 6.760184 3.119938 5.351465 6.769151 3.421611 5.363804 7.257955 3.119938 5.097838 7.262666 3.421611 5.112343 7.809739 3.119938 5.010444 7.809739 3.421611 5.025696 8.361522 3.119938 5.097838 8.356809 3.421611 5.112343 8.859292 3.119938 5.351465 8.850327 3.421611 5.363804 9.254323 3.119938 5.746498 9.241986 3.421611 5.755463 9.519088 4.628301 6.796052 9.435426 4.628301 6.267833 9.420922 4.929973 6.272546 9.503835 4.929973 6.796052 9.435426 4.628301 7.324270 9.420922 4.929973 7.319557 9.192632 4.628301 7.800782 9.180291 4.929973 7.791818 8.814469 4.628301 8.178945 8.805505 4.929973 8.166606 8.337956 4.628301 8.421740 8.333243 4.929973 8.407235 7.809739 4.628301 8.505401 7.809739 4.929973 8.490149 7.281518 4.628301 8.421740 7.286231 4.929973 8.407235 6.805009 4.628301 8.178945 6.813972 4.929973 8.166606 6.426845 4.628301 7.800782 6.439183 4.929973 7.791818 6.184052 4.628301 7.324270 6.426845 4.628301 7.800782 6.439183 4.929973 7.791818 6.198552 4.929973 7.319557 6.100389 4.628301 6.796052 6.115642 4.929973 6.796052 6.184052 4.628301 6.267834 6.198552 4.929973 6.272547 6.426845 4.628301 5.791321 6.439183 4.929973 5.800286 6.805009 4.628301 5.413159 6.813972 4.929973 5.425497 7.281518 4.628301 5.170363 7.286231 4.929973 5.184868 7.809739 4.628301 5.086701 7.809739 4.929973 5.101953 8.337956 4.628301 5.170363 8.333245 4.929973 5.184868 8.814469 4.628301 5.413159 8.805505 4.929973 5.425497 9.192632 4.628301 5.791321 9.180293 4.929973 5.800286 9.442830 6.136664 6.796052 9.362901 6.136664 6.291398 9.348397 6.438338 6.296111 9.427579 6.438338 6.796052 9.362901 6.136664 7.300705 9.348397 6.438338 7.295992 9.130940 6.136664 7.755959 
						9.118598 6.438338 7.746995 8.769647 6.136664 8.117251 8.760682 6.438338 8.104912 8.314391 6.136664 8.349215 8.309678 6.438338 8.334711 7.809739 6.136664 8.429143 7.809739 6.438338 8.413892 7.305085 6.136664 8.349215 7.309796 6.438338 8.334711 6.849832 6.136664 8.117251 6.858794 6.438338 8.104912 6.488538 6.136664 7.755959 6.500876 6.438338 7.746995 6.256576 6.136664 7.300705 6.488538 6.136664 7.755959 6.500876 6.438338 7.746995 6.271079 6.438338 7.295992 6.176644 6.136664 6.796052 6.191897 6.438338 6.796052 6.256576 6.136664 6.291398 6.271079 6.438338 6.296112 6.488538 6.136664 5.836144 6.500876 6.438338 5.845109 6.849832 6.136664 5.474852 6.858794 6.438338 5.487190 7.305085 6.136664 5.242888 7.309796 6.438338 5.257393 7.809739 6.136664 5.162959 7.809739 6.438338 5.178210 8.314395 6.136664 5.242888 8.309680 6.438338 5.257393 8.769647 6.136664 5.474852 8.760682 6.438338 5.487190 9.130940 6.136664 5.836144 9.118600 6.438338 5.845108 9.279260 0.563525 5.728382 9.537265 0.563525 6.234744 9.482457 1.703419 6.252552 9.232638 1.703419 5.762255 8.877408 0.563525 5.326529 8.843537 1.703419 5.373152 8.371047 0.563525 5.068525 8.353238 1.703419 5.123332 7.809739 0.563525 4.979622 7.809739 1.703419 5.037251 7.248431 0.563525 5.068525 7.266236 1.703419 5.123333 6.742068 0.563525 5.326529 6.775941 1.703419 5.373152 6.340217 0.563525 5.728382 6.386838 1.703419 5.762255 6.082210 0.563525 6.234744 6.137019 1.703419 6.252553 5.993310 0.563525 6.796052 6.050937 1.703419 6.796052 6.082210 0.563525 7.357359 6.137019 1.703419 7.339551 6.340217 0.563525 7.863722 6.386838 1.703419 7.829848 6.742068 0.563525 8.265574 6.340217 0.563525 7.863722 6.386838 1.703419 7.829848 6.775941 1.703419 8.218951 7.248431 0.563525 8.523579 
						7.266236 1.703419 8.468771 7.809739 0.563525 8.612481 7.809739 1.703419 8.554852 8.371045 0.563525 8.523579 8.353238 1.703419 8.468771 8.877408 0.563525 8.265574 8.843537 1.703419 8.218951 9.279260 0.563525 7.863722 9.232638 1.703419 7.829848 9.537265 0.563525 7.357359 9.482457 1.703419 7.339551 9.626168 0.563525 6.796052 9.568540 1.703419 6.796052 9.400245 3.413260 6.279265 9.482095 3.413260 6.796052 9.424466 4.553154 6.796052 9.345437 4.553154 6.297073 9.400245 3.413260 7.312838 9.345437 4.553154 7.295030 9.162702 3.413260 7.779039 9.116080 4.553154 7.745166 8.792726 3.413260 8.149017 8.758851 4.553154 8.102394 8.326524 3.413260 8.386558 8.308717 4.553154 8.331750 7.809739 3.413260 8.468408 7.809739 4.553154 8.410780 7.292953 3.413260 8.386558 7.310760 4.553154 8.331750 6.826753 3.413260 8.149017 6.860625 4.553154 8.102394 6.456773 3.413260 7.779039 6.503396 4.553154 7.745166 6.456773 3.413260 7.779039 6.219232 3.413260 7.312838 6.274041 4.553154 7.295030 6.503396 4.553154 7.745166 6.137382 3.413260 6.796052 6.195010 4.553154 6.796052 6.219232 3.413260 6.279265 6.274041 4.553154 6.297073 6.456773 3.413260 5.813065 6.503396 4.553154 5.846938 6.826753 3.413260 5.443086 6.860625 4.553154 5.489709 7.292953 3.413260 5.205545 7.310760 4.553154 5.260353 7.809739 3.413260 5.123694 7.809739 4.553154 5.181324 8.326526 3.413260 5.205545 8.308717 4.553154 5.260353 8.792726 3.413260 5.443086 8.758851 4.553154 5.489709 9.162704 3.413260 5.813065 9.116080 4.553154 5.846938 9.331735 4.838128 6.301525 9.410058 4.838128 6.796052 9.331735 4.838128 7.290578 9.104424 4.838128 7.736697 8.750382 4.838128 8.090738 8.304265 4.838128 8.318047 7.809739 4.838128 8.396372 7.315211 4.838128 8.318047 6.869092 4.838128 8.090738 
						6.515052 4.838128 7.736697 6.515052 4.838128 7.736697 6.287740 4.838128 7.290578 6.209416 4.838128 6.796052 6.287740 4.838128 6.301525 6.515052 4.838128 5.855407 6.869092 4.838128 5.501365 7.315211 4.838128 5.274056 7.809739 4.838128 5.195730 8.304265 4.838128 5.274056 8.750382 4.838128 5.501365 9.104424 4.838128 5.855407 9.468757 1.988393 6.257004 9.554128 1.988393 6.796052 9.496503 3.128287 6.796052 9.413947 3.128287 6.274813 9.468757 1.988393 7.335099 9.413947 3.128287 7.317290 9.220981 1.988393 7.821380 9.174359 3.128287 7.787506 8.835067 1.988393 8.207295 8.801194 3.128287 8.160673 8.348784 1.988393 8.455068 8.330977 3.128287 8.400259 7.809739 1.988393 8.540444 7.809739 3.128287 8.482816 7.270692 1.988393 8.455068 7.288499 3.128287 8.400259 6.784410 1.988393 8.207295 6.818280 3.128287 8.160673 6.398492 1.988393 7.821380 6.445117 3.128287 7.787506 6.398492 1.988393 7.821380 6.150723 1.988393 7.335099 6.205529 3.128287 7.317290 6.445117 3.128287 7.787506 6.065347 1.988393 6.796052 6.122972 3.128287 6.796052 6.150723 1.988393 6.257005 6.205529 3.128287 6.274813 6.398492 1.988393 5.770724 6.445117 3.128287 5.804596 6.784410 1.988393 5.384808 6.818280 3.128287 5.431430 7.270692 1.988393 5.137036 7.288499 3.128287 5.191843 7.809739 1.988393 5.051659 7.809739 3.128287 5.109288 8.348786 1.988393 5.137034 8.330977 3.128287 5.191843 8.835067 1.988393 5.384808 8.801194 3.128287 5.431430 9.220983 1.988393 5.770723 9.174359 3.128287 5.804596 9.348397 6.438338 7.295992 9.427579 6.438338 6.796052 7.809739 6.438338 6.796052 7.809739 6.438338 7.295992 9.348397 6.438338 6.296111 7.809739 6.438338 6.296111 7.809739 6.438338 8.104912 7.809739 6.438338 8.334711 8.309678 6.438338 8.334711 8.760682 6.438338 8.104912 
						8.760682 6.438338 5.487190 8.309680 6.438338 5.257393 7.809739 6.438338 5.257393 7.809739 6.438338 5.487190 7.309796 6.438338 5.257393 6.858794 6.438338 5.487190 6.271079 6.438338 6.296112 6.191897 6.438338 6.796052 6.271079 6.438338 7.295992 6.858794 6.438338 8.104912 7.309796 6.438338 8.334711 7.809739 6.438338 8.413892 8.309680 6.438338 5.257393 7.809739 6.438338 5.178210 7.309796 6.438338 5.257393 9.118600 6.438338 5.845108 8.177552 6.438338 5.845405 8.177552 6.438338 6.196277 9.348397 6.438338 6.296111 8.177552 6.438338 6.196277 7.809739 6.438338 6.196278 9.118600 6.438338 5.845108 8.177552 6.438338 5.566952 8.177552 6.438338 5.845405 8.760682 6.438338 5.487190 7.809739 6.438338 5.487190 7.809739 6.438338 5.566952 8.177552 6.438338 5.566952 7.809739 6.438338 5.487190 6.858794 6.438338 5.487190 7.441922 6.438338 5.566952 6.858794 6.438338 5.487190 6.500876 6.438338 5.845109 7.441922 6.438338 5.845406 7.441922 6.438338 5.566952 7.441922 6.438338 6.196278 7.441922 6.438338 5.845406 7.441922 6.438338 6.196278 9.118598 6.438338 7.746995 8.179345 6.438338 7.746857 8.179345 6.438338 8.026668 7.809739 6.438338 8.026668 9.118598 6.438338 7.746995 9.348397 6.438338 7.295992 8.179345 6.438338 7.394275 8.179345 6.438338 7.746857 7.809739 6.438338 7.394275 8.179345 6.438338 7.394275 6.271079 6.438338 7.295992 7.440129 6.438338 7.394276 6.271079 6.438338 7.295992 6.500876 6.438338 7.746995 7.440129 6.438338 7.746857 7.440129 6.438338 7.394276 7.440129 6.438338 8.026668 8.179345 6.438338 8.026668 8.179345 6.438338 7.746857 8.179345 6.500228 7.746857 8.179345 6.500228 8.026668 7.809739 6.438338 8.026668 8.179345 6.438338 8.026668 8.179345 6.500228 8.026668 7.809739 6.500228 8.026668 8.179345 6.438338 7.394275 
						8.179345 6.500228 7.394275 8.179345 6.438338 7.394275 7.809739 6.438338 7.394275 7.809739 6.500228 7.394275 8.179345 6.500228 7.394275 7.440129 6.438338 7.394276 7.440129 6.500228 7.394276 7.440129 6.438338 7.394276 7.440129 6.438338 7.746857 7.440129 6.500228 7.746857 7.440129 6.500228 7.394276 7.440129 6.438338 8.026668 7.440129 6.500228 8.026668 7.440129 6.438338 8.026668 7.440129 6.500228 8.026668 8.177552 6.438338 6.196277 8.177552 6.438338 5.845405 8.177552 6.500228 5.845405 8.177552 6.500228 6.196277 7.809739 6.438338 6.196278 8.177552 6.438338 6.196277 8.177552 6.500228 6.196277 7.809739 6.500228 6.196278 8.177552 6.438338 5.566952 8.177552 6.500228 5.566952 8.177552 6.438338 5.566952 7.809739 6.438338 5.566952 7.809739 6.500228 5.566952 8.177552 6.500228 5.566952 7.441922 6.438338 5.566952 7.441922 6.500228 5.566952 7.441922 6.438338 5.566952 7.441922 6.438338 5.845406 7.441922 6.500228 5.845406 7.441922 6.500228 5.566952 7.441922 6.438338 6.196278 7.441922 6.500228 6.196278 7.441922 6.438338 6.196278 7.441922 6.500228 6.196278 8.179345 6.500228 8.026668 8.179345 6.500228 7.746857 8.081498 6.516009 7.742041 8.081498 6.516009 7.947776 7.809739 6.500228 8.026668 8.179345 6.500228 8.026668 8.081498 6.516009 7.947776 7.809739 6.516009 7.947776 8.179345 6.500228 7.394275 8.081498 6.516009 7.482799 8.179345 6.500228 7.394275 7.809739 6.500228 7.394275 7.809739 6.516009 7.482799 8.081498 6.516009 7.482799 7.809739 6.500228 7.394275 7.440129 6.500228 7.394276 7.537978 6.516009 7.482800 7.440129 6.500228 7.394276 7.440129 6.500228 7.746857 7.537978 6.516009 7.742041 7.537978 6.516009 7.482800 7.440129 6.500228 8.026668 7.537978 6.516009 7.947776 7.440129 6.500228 8.026668 7.537978 6.516009 7.947776 
						8.177552 6.500228 6.196277 8.177552 6.500228 5.845405 8.080178 6.516009 5.850198 8.080178 6.516009 6.108183 7.809739 6.500228 6.196278 8.177552 6.500228 6.196277 8.080178 6.516009 6.108183 7.809739 6.516009 6.108183 8.177552 6.500228 5.566952 8.080178 6.516009 5.645461 8.177552 6.500228 5.566952 7.809739 6.500228 5.566952 7.809739 6.516009 5.645461 8.080178 6.516009 5.645461 7.441922 6.500228 5.566952 7.539292 6.516009 5.645461 7.809739 6.516009 5.645461 7.441922 6.500228 5.566952 7.441922 6.500228 5.845406 7.539292 6.516009 5.850198 7.539292 6.516009 5.645461 7.441922 6.500228 6.196278 7.539292 6.516009 6.108183 7.441922 6.500228 6.196278 7.809739 6.500228 6.196278 7.809739 6.516009 6.108183 7.539292 6.516009 6.108183 8.081498 6.516009 7.947776 8.081498 6.516009 7.742041 8.081498 6.820172 7.742041 8.081498 6.820172 7.947776 7.809739 6.516009 7.947776 8.081498 6.516009 7.947776 8.081498 6.820172 7.947776 7.809739 6.820172 7.947776 8.081498 6.516009 7.482799 8.081498 6.820172 7.482799 8.081498 6.516009 7.482799 7.809739 6.516009 7.482799 7.809739 6.820172 7.482799 8.081498 6.820172 7.482799 7.809739 6.516009 7.482799 7.537978 6.516009 7.482800 7.537978 6.820172 7.482800 7.809739 6.820172 7.482799 7.537978 6.516009 7.482800 7.537978 6.516009 7.742041 7.537978 6.820172 7.742041 7.537978 6.820172 7.482800 7.537978 6.516009 7.947776 7.537978 6.820172 7.947776 7.537978 6.516009 7.947776 7.537978 6.820172 7.947776 8.080178 6.516009 6.108183 8.080178 6.516009 5.850198 8.080178 6.820172 5.850198 8.080178 6.820172 6.108183 7.809739 6.516009 6.108183 8.080178 6.516009 6.108183 8.080178 6.820172 6.108183 7.809739 6.820172 6.108183 8.080178 6.516009 5.645461 8.080178 6.820172 5.645461 8.080178 6.516009 5.645461 
						7.809739 6.516009 5.645461 7.809739 6.820172 5.645461 8.080178 6.820172 5.645461 7.539292 6.516009 5.645461 7.539292 6.820172 5.645461 7.539292 6.516009 5.645461 7.539292 6.516009 5.850198 7.539292 6.820172 5.850198 7.539292 6.820172 5.645461 7.539292 6.516009 6.108183 7.539292 6.820172 6.108183 7.539292 6.516009 6.108183 7.539292 6.820172 6.108183 8.081498 7.675757 7.125770 8.081498 7.470022 7.125770 8.081498 7.470022 7.011201 8.081498 7.675757 7.011201 7.809737 7.675756 7.125770 8.081498 7.675757 7.125770 8.081498 7.675757 7.011201 7.809739 7.675756 7.011201 8.081498 7.210781 7.125770 8.081498 7.210781 7.011201 8.081498 7.210781 7.125770 7.809739 7.210781 7.125770 7.809739 7.210781 7.011201 8.081498 7.210781 7.011201 7.537978 7.210781 7.125770 7.537978 7.210781 7.011201 7.537978 7.210781 7.125770 7.537978 7.470022 7.125770 7.537978 7.470022 7.011201 7.537978 7.210781 7.011201 7.537978 7.470022 7.125770 7.537976 7.675756 7.125770 7.537978 7.675756 7.011201 7.537978 7.470022 7.011201 7.537976 7.675756 7.125770 7.809737 7.675756 7.125770 7.809739 7.675756 7.011201 7.537978 7.675756 7.011201 8.080178 7.211951 6.466383 8.080178 7.469936 6.466383 8.080178 7.469936 6.580952 8.080178 7.211951 6.580952 7.809739 7.211951 6.466383 8.080178 7.211951 6.466383 8.080178 7.211951 6.580952 7.809739 7.211951 6.580952 8.080178 7.674674 6.466383 8.080178 7.674671 6.580952 8.080178 7.674674 6.466383 7.809739 7.674674 6.466383 7.809739 7.674671 6.580952 8.080178 7.674671 6.580952 7.809739 7.674674 6.466383 7.539292 7.674674 6.466383 7.539292 7.674671 6.580952 7.809739 7.674671 6.580952 7.539292 7.674674 6.466383 7.539292 7.469936 6.466383 7.539292 7.469935 6.580952 7.539292 7.674671 6.580952 7.539292 7.211951 6.466383 
						7.539292 7.211951 6.580952 7.539292 7.211951 6.466383 7.539292 7.211951 6.580952 8.080178 7.462121 6.288188 8.080178 7.665482 6.271772 8.080178 7.665482 6.271772 7.809739 7.665482 6.271772 7.809739 7.674674 6.466383 8.080178 7.674674 6.466383 7.809739 7.665482 6.271772 7.539292 7.665482 6.271772 7.539292 7.674674 6.466383 7.809739 7.674674 6.466383 7.539292 7.665482 6.271772 7.539292 7.462121 6.288188 7.539292 7.205865 6.308871 7.539292 7.205865 6.308871 7.809739 7.205865 6.308871 7.809739 7.211951 6.466383 7.539292 7.211951 6.466383 7.809739 7.205865 6.308871 8.080178 7.205865 6.308871 8.080178 7.211951 6.466383 7.809739 7.211951 6.466383 8.080178 7.205865 6.308871 8.080178 7.013040 5.653008 8.080178 6.999223 5.856771 8.080178 6.820172 5.645461 7.809739 6.820172 5.645461 7.809739 7.013040 5.653008 8.080178 7.013040 5.653008 7.809739 6.820172 5.645461 7.539292 6.820172 5.645461 7.539292 7.013040 5.653008 7.539292 6.999222 5.856771 7.539292 7.013040 5.653008 7.539292 6.981812 6.113529 7.539292 6.820172 6.108183 7.809739 6.820172 6.108183 7.809739 6.981812 6.113529 7.539292 6.981812 6.113529 7.809739 6.820172 6.108183 8.080178 6.820172 6.108183 8.080178 6.981812 6.113529 7.809739 6.981812 6.113529 8.080178 6.981812 6.113529 8.080178 7.237232 5.704866 8.080178 7.171336 5.896240 7.809739 7.237232 5.704866 8.080178 7.237232 5.704866 7.539292 7.237232 5.704866 7.539292 7.171335 5.896240 7.539292 7.237232 5.704866 7.539292 7.088303 6.137390 7.809739 7.088303 6.137390 7.539292 7.088303 6.137390 8.080178 7.088303 6.137390 7.809739 7.088303 6.137390 8.080178 7.088303 6.137390 8.080178 7.452737 5.836922 8.080178 7.316947 5.984823 7.809739 7.452737 5.836923 8.080178 7.452737 5.836922 7.539292 7.452737 5.836923 
						7.809739 7.452737 5.836923 7.539292 7.316946 5.984823 7.539292 7.452737 5.836923 7.539292 7.145840 6.171190 7.809739 7.145840 6.171190 7.539292 7.145840 6.171190 8.080178 7.145840 6.171190 7.809739 7.145840 6.171190 8.080178 7.145840 6.171190 8.080178 7.602974 6.044554 8.080178 7.416242 6.120907 7.809739 7.602974 6.044554 8.080178 7.602974 6.044554 7.539292 7.602974 6.044554 7.809739 7.602974 6.044554 7.539292 7.416242 6.120907 7.539292 7.602974 6.044554 7.539292 7.180946 6.217119 7.809739 7.180946 6.217119 7.539292 7.180946 6.217119 8.080178 7.180946 6.217119 7.809739 7.180946 6.217119 8.080178 7.180946 6.217119 8.081498 7.462205 7.303964 8.081498 7.204704 7.283178 8.081498 7.204704 7.283178 7.809739 7.204704 7.283178 7.809739 7.210781 7.125770 8.081498 7.210781 7.125770 7.537978 7.204704 7.283178 7.537978 7.210781 7.125770 7.537978 7.204704 7.283178 7.537978 7.462205 7.303964 7.537978 7.462205 7.303964 7.537976 7.666559 7.320458 7.537976 7.675756 7.125770 7.537978 7.470022 7.125770 7.537976 7.666559 7.320458 7.809737 7.666559 7.320458 7.809737 7.675756 7.125770 7.537976 7.675756 7.125770 7.809737 7.666559 7.320458 8.081498 7.666559 7.320458 8.081498 7.675757 7.125770 7.809737 7.675756 7.125770 8.081498 7.666559 7.320458 8.081498 6.981724 7.477459 8.081498 6.999220 7.735469 8.081498 6.820172 7.482799 7.809739 6.820172 7.482799 7.809739 6.981724 7.477459 8.081498 6.981724 7.477459 7.809739 6.820172 7.482799 7.537978 6.820172 7.482800 7.537978 6.981724 7.477459 7.809739 6.981724 7.477459 7.537978 6.999220 7.735469 7.537978 6.981724 7.477459 7.537978 7.013103 7.940224 7.537978 6.999220 7.735469 7.537978 6.820172 7.947776 7.809739 6.820172 7.947776 7.809739 7.013103 7.940224 7.537978 7.013103 7.940224 
						7.809739 6.820172 7.947776 8.081498 6.820172 7.947776 8.081498 7.013103 7.940224 7.809739 7.013103 7.940224 8.081498 7.013103 7.940224 8.081498 7.087916 7.453669 8.081498 7.171353 7.695993 7.809739 7.087916 7.453669 8.081498 7.087916 7.453669 7.537978 7.087916 7.453669 7.809739 7.087916 7.453669 7.537978 7.171353 7.695993 7.537978 7.087916 7.453669 7.537976 7.237570 7.888301 7.537978 7.171353 7.695993 7.809737 7.237570 7.888301 7.537976 7.237570 7.888301 8.081498 7.237570 7.888302 7.809737 7.237570 7.888301 8.081498 7.237570 7.888302 8.081498 7.145061 7.420114 8.081498 7.317000 7.607390 7.809737 7.145060 7.420114 8.081498 7.145061 7.420114 7.537976 7.145060 7.420114 7.809737 7.145060 7.420114 7.537976 7.317000 7.607390 7.537976 7.145060 7.420114 7.537976 7.453451 7.756012 7.537976 7.317000 7.607390 7.809737 7.453451 7.756011 7.537976 7.453451 7.756012 8.081498 7.453451 7.756012 7.809737 7.453451 7.756011 8.081498 7.453451 7.756012 8.081498 7.179878 7.374588 8.081498 7.416320 7.471270 7.809739 7.179878 7.374588 8.081498 7.179878 7.374588 7.537978 7.179878 7.374588 7.809739 7.179878 7.374588 7.537978 7.416320 7.471270 7.537978 7.179878 7.374588 7.537976 7.603961 7.547995 7.537978 7.416320 7.471270 7.809737 7.603961 7.547995 7.537976 7.603961 7.547995 8.081498 7.603963 7.547995 7.809737 7.603961 7.547995 8.081498 7.603963 7.547995 8.081498 7.470022 7.011201 8.081498 7.210781 7.011201 8.080178 7.211951 6.580952 8.080178 7.469936 6.580952 8.081498 7.210781 7.011201 7.809739 7.210781 7.011201 7.809739 7.211951 6.580952 8.080178 7.211951 6.580952 7.809739 7.210781 7.011201 7.537978 7.210781 7.011201 7.539292 7.211951 6.580952 7.809739 7.211951 6.580952 7.537978 7.210781 7.011201 7.537978 7.470022 7.011201 
						7.539292 7.469935 6.580952 7.539292 7.211951 6.580952 7.537978 7.675756 7.011201 7.539292 7.674671 6.580952 7.537978 7.675756 7.011201 7.809739 7.675756 7.011201 7.809739 7.674671 6.580952 7.539292 7.674671 6.580952 7.809739 7.675756 7.011201 8.081498 7.675757 7.011201 8.080178 7.674671 6.580952 7.809739 7.674671 6.580952 8.081498 7.675757 7.011201 8.080178 7.674671 6.580952 
					</float_array>
					<technique_common>
						<accessor count="1038" offset="0" source="#meshId2-positions-array" stride="3">
							<param name="X" type="float" />
							<param name="Y" type="float" />
							<param name="Z" type="float" />
						</accessor>
					</technique_common>
				</source>
				<source id="meshId2-normals" name="meshId2-normals">
					<float_array id="meshId2-normals-array" count="3114"> 
						0.014125 -0.999890 -0.004590 0.012016 -0.999890 -0.008730 0.675434 0.550429 -0.490732 0.794020 0.550429 -0.257992 0.008730 -0.999890 -0.012016 0.490732 0.550428 -0.675434 0.004590 -0.999890 -0.014125 0.257993 0.550428 -0.794021 0.000000 -0.999890 -0.014852 0.000000 0.550428 -0.834883 -0.004590 -0.999890 -0.014125 -0.257992 0.550429 -0.794020 -0.008730 -0.999890 -0.012016 -0.490731 0.550429 -0.675434 -0.012016 -0.999890 -0.008730 -0.675435 0.550428 -0.490731 -0.014125 -0.999890 -0.004590 -0.794021 0.550427 -0.257993 -0.014852 -0.999890 -0.000000 -0.834883 0.550427 0.000000 -0.014125 -0.999890 0.004590 -0.794021 0.550427 0.257993 -0.012016 -0.999890 0.008730 -0.675435 0.550428 0.490730 -0.012016 -0.999890 0.008730 -0.008730 -0.999890 0.012016 -0.490731 0.550430 0.675434 -0.675435 0.550428 0.490730 -0.004590 -0.999890 0.014125 -0.257991 0.550429 0.794020 0.000000 -0.999890 0.014852 0.000000 0.550428 0.834882 0.004590 -0.999890 0.014125 0.257992 0.550428 0.794021 0.008730 -0.999890 0.012016 0.490731 0.550429 0.675434 0.012016 -0.999890 0.008730 0.675434 0.550429 0.490731 0.014125 -0.999890 0.004590 0.794021 0.550428 0.257993 0.014852 -0.999890 0.000000 0.834883 0.550428 0.000001 0.014125 -0.999890 -0.004590 0.014852 -0.999890 0.000000 0.014125 -0.999890 0.004590 0.012016 -0.999890 0.008730 0.008730 -0.999890 0.012016 0.004590 -0.999890 0.014125 0.000000 -0.999890 0.014852 -0.004590 -0.999890 0.014125 -0.008730 -0.999890 0.012016 -0.012016 -0.999890 0.008730 -0.014125 -0.999890 0.004590 -0.014852 -0.999890 -0.000000 -0.014125 -0.999890 -0.004590 -0.012016 -0.999890 -0.008730 -0.008730 -0.999890 -0.012016 -0.004590 -0.999890 -0.014125 0.000000 -0.999890 -0.014852 0.004590 -0.999890 -0.014125 0.008730 -0.999890 -0.012016 0.012016 -0.999890 -0.008730 0.504009 0.782230 -0.366184 0.592497 0.782231 -0.192513 
						0.366184 0.782230 -0.504009 0.192514 0.782230 -0.592499 0.000000 0.782230 -0.622990 -0.192514 0.782229 -0.592499 -0.366184 0.782230 -0.504010 -0.504010 0.782230 -0.366184 -0.592500 0.782229 -0.192515 -0.622991 0.782229 0.000000 -0.592500 0.782229 0.192514 -0.504009 0.782230 0.366184 -0.366184 0.782230 0.504009 -0.504009 0.782230 0.366184 -0.192514 0.782229 0.592500 0.000000 0.782228 0.622992 0.192515 0.782229 0.592499 0.366185 0.782230 0.504009 0.504009 0.782230 0.366184 0.592498 0.782230 0.192514 0.622989 0.782230 0.000000 0.942687 0.132370 -0.306298 0.801898 0.132370 -0.582613 0.807931 -0.051794 -0.586996 0.949780 -0.051795 -0.308602 0.582614 0.132369 -0.801897 0.586997 -0.051794 -0.807930 0.306298 0.132369 -0.942688 0.308603 -0.051794 -0.949780 0.000000 0.132369 -0.991200 -0.000000 -0.051794 -0.998658 -0.306298 0.132369 -0.942688 -0.308602 -0.051795 -0.949780 -0.582613 0.132369 -0.801898 -0.586996 -0.051795 -0.807931 -0.801898 0.132368 -0.582614 -0.807931 -0.051795 -0.586997 -0.942688 0.132368 -0.306297 -0.949780 -0.051795 -0.308601 -0.991201 0.132367 0.000000 -0.998658 -0.051795 0.000000 -0.942688 0.132368 0.306297 -0.949780 -0.051795 0.308601 -0.801898 0.132368 0.582614 -0.807930 -0.051795 0.586997 -0.801898 0.132368 0.582614 -0.582613 0.132368 0.801898 -0.586997 -0.051795 0.807931 -0.807930 -0.051795 0.586997 -0.306298 0.132368 0.942688 -0.308602 -0.051795 0.949780 0.000000 0.132368 0.991201 0.000000 -0.051794 0.998658 0.306298 0.132369 0.942688 0.308603 -0.051794 0.949780 0.582614 0.132369 0.801898 0.586997 -0.051794 0.807931 0.801898 0.132369 0.582613 0.807931 -0.051795 0.586996 0.942687 0.132370 0.306298 0.949780 -0.051795 0.308603 0.991200 0.132369 0.000000 0.998658 -0.051795 0.000000 0.988739 0.149650 0.000000 0.940347 0.149650 -0.305537 0.950411 -0.036836 -0.308807 
						0.999321 -0.036836 0.000000 0.940347 0.149649 0.305538 0.950411 -0.036836 0.308808 0.799907 0.149648 0.581167 0.808468 -0.036836 0.587387 0.581167 0.149649 0.799906 0.587387 -0.036836 0.808468 0.305537 0.149649 0.940347 0.308808 -0.036836 0.950411 0.000000 0.149649 0.988739 0.000000 -0.036836 0.999321 -0.305537 0.149649 0.940347 -0.308807 -0.036836 0.950411 -0.581167 0.149649 0.799907 -0.587387 -0.036836 0.808468 -0.799907 0.149648 0.581167 -0.808468 -0.036836 0.587387 -0.940347 0.149649 0.305537 -0.799907 0.149648 0.581167 -0.808468 -0.036836 0.587387 -0.950411 -0.036836 0.308807 -0.988739 0.149650 0.000000 -0.999321 -0.036835 0.000000 -0.940347 0.149649 -0.305537 -0.950411 -0.036836 -0.308807 -0.799907 0.149649 -0.581167 -0.808468 -0.036836 -0.587387 -0.581167 0.149649 -0.799906 -0.587387 -0.036836 -0.808467 -0.305537 0.149649 -0.940347 -0.308807 -0.036836 -0.950411 0.000000 0.149649 -0.988739 -0.000000 -0.036836 -0.999321 0.305538 0.149649 -0.940347 0.308808 -0.036836 -0.950411 0.581167 0.149649 -0.799906 0.587387 -0.036836 -0.808467 0.799906 0.149650 -0.581167 0.808468 -0.036836 -0.587387 0.987785 0.155821 0.000000 0.939440 0.155821 -0.305242 0.950660 -0.028860 -0.308888 0.999583 -0.028860 0.000000 0.939440 0.155821 0.305243 0.950660 -0.028860 0.308888 0.799134 0.155820 0.580607 0.808679 -0.028860 0.587541 0.580605 0.155820 0.799135 0.587540 -0.028860 0.808680 0.305244 0.155821 0.939439 0.308889 -0.028860 0.950660 0.000000 0.155821 0.987785 0.000000 -0.028860 0.999583 -0.305242 0.155821 0.939440 -0.308888 -0.028860 0.950660 -0.580605 0.155820 0.799135 -0.587540 -0.028860 0.808680 -0.799135 0.155820 0.580605 -0.808680 -0.028859 0.587540 -0.939440 0.155821 0.305243 -0.799135 0.155820 0.580605 -0.808680 -0.028859 0.587540 -0.950660 -0.028859 0.308888 -0.987785 0.155821 0.000000 
						-0.999583 -0.028858 -0.000000 -0.939440 0.155821 -0.305243 -0.950660 -0.028858 -0.308888 -0.799136 0.155820 -0.580605 -0.808681 -0.028859 -0.587539 -0.580606 0.155820 -0.799135 -0.587541 -0.028860 -0.808680 -0.305242 0.155821 -0.939440 -0.308887 -0.028859 -0.950661 0.000000 0.155821 -0.987785 0.000000 -0.028859 -0.999583 0.305243 0.155821 -0.939439 0.308889 -0.028860 -0.950660 0.580606 0.155821 -0.799135 0.587541 -0.028860 -0.808680 0.799135 0.155821 -0.580606 0.808680 -0.028861 -0.587541 0.990089 0.140438 0.000000 0.941631 0.140439 -0.305953 0.950060 -0.045782 -0.308692 0.998951 -0.045782 0.000000 0.941631 0.140439 0.305954 0.950059 -0.045782 0.308693 0.800999 0.140438 0.581961 0.808168 -0.045782 0.587170 0.581960 0.140438 0.800999 0.587169 -0.045783 0.808169 0.305955 0.140439 0.941631 0.308693 -0.045783 0.950059 0.000000 0.140439 0.990089 0.000000 -0.045783 0.998951 -0.305953 0.140439 0.941631 -0.308692 -0.045783 0.950059 -0.581960 0.140438 0.800999 -0.587169 -0.045783 0.808169 -0.801000 0.140438 0.581959 -0.808169 -0.045782 0.587168 -0.941631 0.140438 0.305954 -0.801000 0.140438 0.581959 -0.808169 -0.045782 0.587168 -0.950059 -0.045783 0.308693 -0.990089 0.140438 0.000000 -0.998951 -0.045783 0.000000 -0.941631 0.140438 -0.305954 -0.950059 -0.045783 -0.308693 -0.801000 0.140438 -0.581958 -0.808170 -0.045782 -0.587168 -0.581960 0.140438 -0.800999 -0.587169 -0.045783 -0.808169 -0.305953 0.140438 -0.941631 -0.308692 -0.045783 -0.950060 -0.000001 0.140439 -0.990089 -0.000001 -0.045783 -0.998951 0.305954 0.140440 -0.941631 0.308693 -0.045783 -0.950059 0.581961 0.140439 -0.800999 0.587170 -0.045783 -0.808168 0.800999 0.140439 -0.581961 0.808168 -0.045782 -0.587170 0.941204 -0.337838 0.000000 0.895138 -0.337839 -0.290848 0.914069 0.276169 -0.296999 0.961109 0.276171 0.000000 0.895139 -0.337837 0.290849 
						0.914069 0.276170 0.296999 0.761451 -0.337836 0.553227 0.777553 0.276170 0.564926 0.553227 -0.337836 0.761450 0.564926 0.276171 0.777553 0.290848 -0.337836 0.895139 0.296999 0.276170 0.914069 0.000000 -0.337836 0.941205 0.000000 0.276170 0.961109 -0.290847 -0.337837 0.895139 -0.296999 0.276170 0.914069 -0.553227 -0.337837 0.761450 -0.564926 0.276170 0.777553 -0.761452 -0.337835 0.553226 -0.777554 0.276169 0.564925 -0.895140 -0.337832 0.290849 -0.761452 -0.337835 0.553226 -0.777554 0.276169 0.564925 -0.914068 0.276171 0.296999 -0.941206 -0.337833 -0.000000 -0.961108 0.276173 0.000000 -0.895140 -0.337833 -0.290849 -0.914068 0.276171 -0.296999 -0.761452 -0.337835 -0.553226 -0.777554 0.276169 -0.564925 -0.553227 -0.337836 -0.761450 -0.564926 0.276171 -0.777553 -0.290848 -0.337838 -0.895139 -0.296999 0.276171 -0.914068 -0.000001 -0.337839 -0.941204 -0.000001 0.276169 -0.961109 0.290849 -0.337838 -0.895138 0.296999 0.276169 -0.914069 0.553226 -0.337838 -0.761450 0.564926 0.276170 -0.777553 0.761450 -0.337840 -0.553226 0.777554 0.276169 -0.564926 0.971284 -0.237923 0.000000 0.923746 -0.237923 -0.300143 0.900302 0.322311 -0.292526 0.946634 0.322312 0.000000 0.923746 -0.237922 0.300144 0.900302 0.322312 0.292526 0.785786 -0.237921 0.570907 0.765842 0.322315 0.556417 0.570907 -0.237921 0.785785 0.556418 0.322314 0.765841 0.300144 -0.237922 0.923746 0.292526 0.322313 0.900301 0.000000 -0.237923 0.971284 0.000000 0.322313 0.946633 -0.300143 -0.237922 0.923746 -0.292526 0.322313 0.900301 -0.570908 -0.237920 0.785785 -0.556417 0.322315 0.765842 -0.785786 -0.237919 0.570907 -0.765842 0.322314 0.556417 -0.923746 -0.237921 0.300144 -0.785786 -0.237919 0.570907 -0.765842 0.322314 0.556417 -0.900301 0.322313 0.292526 -0.971284 -0.237922 0.000000 -0.946634 0.322311 0.000000 -0.923746 -0.237921 -0.300144 
						-0.900301 0.322314 -0.292526 -0.785786 -0.237919 -0.570907 -0.765842 0.322315 -0.556417 -0.570908 -0.237919 -0.785785 -0.556418 0.322315 -0.765841 -0.300142 -0.237921 -0.923747 -0.292526 0.322313 -0.900302 -0.000000 -0.237922 -0.971284 0.000000 0.322313 -0.946633 0.300143 -0.237922 -0.923746 0.292526 0.322313 -0.900302 0.570907 -0.237922 -0.785785 0.556418 0.322314 -0.765841 0.785785 -0.237923 -0.570907 0.765842 0.322313 -0.556417 0.982360 -0.187000 0.000000 0.934280 -0.187000 -0.303566 0.866777 0.411560 -0.281632 0.911383 0.411560 0.000000 0.934280 -0.186998 0.303567 0.866776 0.411560 0.281633 0.794746 -0.186996 0.577418 0.737322 0.411562 0.535698 0.577417 -0.186996 0.794746 0.535697 0.411563 0.737323 0.303566 -0.186996 0.934280 0.281632 0.411562 0.866775 0.000000 -0.186996 0.982361 0.000000 0.411562 0.911382 -0.303565 -0.186997 0.934281 -0.281632 0.411562 0.866776 -0.577417 -0.186998 0.794746 -0.535698 0.411561 0.737323 -0.794746 -0.186998 0.577417 -0.737324 0.411559 0.535698 -0.934280 -0.186999 0.303565 -0.794746 -0.186998 0.577417 -0.737324 0.411559 0.535698 -0.866780 0.411554 0.281632 -0.982360 -0.186999 0.000000 -0.911386 0.411552 0.000000 -0.934280 -0.186999 -0.303565 -0.866780 0.411554 -0.281632 -0.794746 -0.186999 -0.577417 -0.737324 0.411559 -0.535698 -0.577417 -0.187000 -0.794746 -0.535699 0.411558 -0.737324 -0.303566 -0.186999 -0.934280 -0.281633 0.411559 -0.866777 -0.000000 -0.186998 -0.982360 0.000000 0.411561 -0.911382 0.303567 -0.186998 -0.934280 0.281633 0.411561 -0.866776 0.577418 -0.186998 -0.794746 0.535697 0.411561 -0.737323 0.794745 -0.186999 -0.577418 0.737323 0.411561 -0.535698 0.988394 -0.151915 0.000000 0.940019 -0.151915 -0.305429 0.949844 0.050493 -0.308622 0.998724 0.050491 0.000000 0.940018 -0.151915 0.305430 0.949843 0.050492 0.308623 0.799627 -0.151915 0.580964 
						0.807985 0.050493 0.587036 0.580963 -0.151916 0.799627 0.587036 0.050491 0.807985 0.305430 -0.151916 0.940018 0.308623 0.050489 0.949843 0.000000 -0.151916 0.988393 0.000000 0.050489 0.998725 -0.305429 -0.151915 0.940019 -0.308622 0.050489 0.949844 -0.580963 -0.151914 0.799628 -0.587036 0.050490 0.807985 -0.799628 -0.151913 0.580963 -0.807985 0.050491 0.587036 -0.940018 -0.151915 0.305430 -0.799628 -0.151913 0.580963 -0.807985 0.050491 0.587036 -0.949843 0.050491 0.308623 -0.988393 -0.151916 -0.000000 -0.998724 0.050491 0.000000 -0.940018 -0.151915 -0.305430 -0.949843 0.050491 -0.308623 -0.799628 -0.151913 -0.580962 -0.807985 0.050492 -0.587035 -0.580963 -0.151913 -0.799628 -0.587036 0.050491 -0.807985 -0.305430 -0.151915 -0.940018 -0.308622 0.050490 -0.949844 -0.000000 -0.151915 -0.988394 0.000000 0.050490 -0.998725 0.305430 -0.151915 -0.940018 0.308623 0.050491 -0.949843 0.580963 -0.151915 -0.799627 0.587036 0.050492 -0.807985 0.799627 -0.151915 -0.580963 0.807985 0.050493 -0.587036 0.801898 0.132370 -0.582613 0.942687 0.132370 -0.306298 0.949780 -0.051795 -0.308602 0.807931 -0.051794 -0.586996 0.582614 0.132369 -0.801897 0.586997 -0.051794 -0.807930 0.306298 0.132369 -0.942688 0.308603 -0.051794 -0.949780 0.000000 0.132369 -0.991200 -0.000000 -0.051794 -0.998658 -0.306298 0.132369 -0.942688 -0.308602 -0.051795 -0.949780 -0.582613 0.132369 -0.801898 -0.586996 -0.051795 -0.807931 -0.801898 0.132368 -0.582614 -0.807931 -0.051795 -0.586997 -0.942688 0.132368 -0.306297 -0.949780 -0.051795 -0.308601 -0.991201 0.132367 0.000000 -0.998658 -0.051795 0.000000 -0.942688 0.132368 0.306297 -0.949780 -0.051795 0.308601 -0.801898 0.132368 0.582614 -0.807930 -0.051795 0.586997 -0.582613 0.132368 0.801898 -0.801898 0.132368 0.582614 -0.807930 -0.051795 0.586997 -0.586997 -0.051795 0.807931 -0.306298 0.132368 0.942688 
						-0.308602 -0.051795 0.949780 0.000000 0.132368 0.991201 0.000000 -0.051794 0.998658 0.306298 0.132369 0.942688 0.308603 -0.051794 0.949780 0.582614 0.132369 0.801898 0.586997 -0.051794 0.807931 0.801898 0.132369 0.582613 0.807931 -0.051795 0.586996 0.942687 0.132370 0.306298 0.949780 -0.051795 0.308603 0.991200 0.132369 0.000000 0.998658 -0.051795 0.000000 0.940347 0.149650 -0.305537 0.988739 0.149650 0.000000 0.999321 -0.036836 0.000000 0.950411 -0.036836 -0.308807 0.940347 0.149649 0.305538 0.950411 -0.036836 0.308808 0.799907 0.149648 0.581167 0.808468 -0.036836 0.587387 0.581167 0.149649 0.799906 0.587387 -0.036836 0.808468 0.305537 0.149649 0.940347 0.308808 -0.036836 0.950411 0.000000 0.149649 0.988739 0.000000 -0.036836 0.999321 -0.305537 0.149649 0.940347 -0.308807 -0.036836 0.950411 -0.581167 0.149649 0.799907 -0.587387 -0.036836 0.808468 -0.799907 0.149648 0.581167 -0.808468 -0.036836 0.587387 -0.799907 0.149648 0.581167 -0.940347 0.149649 0.305537 -0.950411 -0.036836 0.308807 -0.808468 -0.036836 0.587387 -0.988739 0.149650 0.000000 -0.999321 -0.036835 0.000000 -0.940347 0.149649 -0.305537 -0.950411 -0.036836 -0.308807 -0.799907 0.149649 -0.581167 -0.808468 -0.036836 -0.587387 -0.581167 0.149649 -0.799906 -0.587387 -0.036836 -0.808467 -0.305537 0.149649 -0.940347 -0.308807 -0.036836 -0.950411 0.000000 0.149649 -0.988739 -0.000000 -0.036836 -0.999321 0.305538 0.149649 -0.940347 0.308808 -0.036836 -0.950411 0.581167 0.149649 -0.799906 0.587387 -0.036836 -0.808467 0.799906 0.149650 -0.581167 0.808468 -0.036836 -0.587387 0.939440 0.155821 -0.305242 0.987785 0.155821 0.000000 0.939440 0.155821 0.305243 0.799134 0.155820 0.580607 0.580605 0.155820 0.799135 0.305244 0.155821 0.939439 0.000000 0.155821 0.987785 -0.305242 0.155821 0.939440 -0.580605 0.155820 0.799135 
						-0.799135 0.155820 0.580605 -0.799135 0.155820 0.580605 -0.939440 0.155821 0.305243 -0.987785 0.155821 0.000000 -0.939440 0.155821 -0.305243 -0.799136 0.155820 -0.580605 -0.580606 0.155820 -0.799135 -0.305242 0.155821 -0.939440 0.000000 0.155821 -0.987785 0.305243 0.155821 -0.939439 0.580606 0.155821 -0.799135 0.799135 0.155821 -0.580606 0.941631 0.140439 -0.305953 0.990089 0.140438 0.000000 0.998951 -0.045782 0.000000 0.950060 -0.045782 -0.308692 0.941631 0.140439 0.305954 0.950059 -0.045782 0.308693 0.800999 0.140438 0.581961 0.808168 -0.045782 0.587170 0.581960 0.140438 0.800999 0.587169 -0.045783 0.808169 0.305955 0.140439 0.941631 0.308693 -0.045783 0.950059 0.000000 0.140439 0.990089 0.000000 -0.045783 0.998951 -0.305953 0.140439 0.941631 -0.308692 -0.045783 0.950059 -0.581960 0.140438 0.800999 -0.587169 -0.045783 0.808169 -0.801000 0.140438 0.581959 -0.808169 -0.045782 0.587168 -0.801000 0.140438 0.581959 -0.941631 0.140438 0.305954 -0.950059 -0.045783 0.308693 -0.808169 -0.045782 0.587168 -0.990089 0.140438 0.000000 -0.998951 -0.045783 0.000000 -0.941631 0.140438 -0.305954 -0.950059 -0.045783 -0.308693 -0.801000 0.140438 -0.581958 -0.808170 -0.045782 -0.587168 -0.581960 0.140438 -0.800999 -0.587169 -0.045783 -0.808169 -0.305953 0.140438 -0.941631 -0.308692 -0.045783 -0.950060 -0.000001 0.140439 -0.990089 -0.000001 -0.045783 -0.998951 0.305954 0.140440 -0.941631 0.308693 -0.045783 -0.950059 0.581961 0.140439 -0.800999 0.587170 -0.045783 -0.808168 0.800999 0.140439 -0.581961 0.808168 -0.045782 -0.587170 0.000000 1.000000 0.000000 0.000000 1.000000 0.000000 0.000000 1.000000 0.000000 0.000000 1.000000 0.000000 0.000000 1.000000 0.000000 0.000000 1.000000 0.000000 0.000000 1.000000 0.000000 0.000000 1.000000 0.000000 0.000000 1.000000 0.000000 0.000000 1.000000 0.000000 
						0.000000 1.000000 -0.000002 0.000000 1.000000 -0.000002 0.000000 1.000000 -0.000002 0.000000 1.000000 -0.000002 0.000000 1.000000 -0.000002 0.000000 1.000000 -0.000002 0.000000 1.000000 0.000000 0.000000 1.000000 0.000000 0.000000 1.000000 0.000000 0.000000 1.000000 0.000000 0.000000 1.000000 0.000000 0.000000 1.000000 0.000000 0.000000 1.000000 0.000000 0.000000 1.000000 0.000000 0.000000 1.000000 0.000000 0.000000 1.000000 0.000000 0.000000 1.000000 0.000000 0.000000 1.000000 0.000000 0.000000 1.000000 0.000002 0.000000 1.000000 0.000002 0.000000 1.000000 0.000002 0.000000 1.000000 0.000001 0.000000 1.000000 0.000001 0.000000 1.000000 0.000001 0.000000 1.000000 0.000000 0.000000 1.000000 0.000000 0.000000 1.000000 0.000000 0.000000 1.000000 0.000000 0.000000 1.000000 0.000002 0.000000 1.000000 0.000002 0.000000 1.000000 0.000002 0.000000 1.000000 -0.000001 0.000000 1.000000 -0.000001 0.000000 1.000000 -0.000001 0.000000 1.000000 -0.000001 0.000000 1.000000 0.000001 0.000000 1.000000 0.000001 0.000000 1.000000 0.000000 0.000000 1.000000 0.000000 0.000000 1.000000 0.000000 0.000000 1.000000 0.000000 0.000000 1.000000 0.000000 0.000000 1.000000 0.000001 0.000000 1.000000 0.000001 0.000000 1.000000 0.000001 0.000000 1.000000 0.000001 0.000000 1.000000 0.000000 0.000000 1.000000 0.000000 0.000000 1.000000 -0.000003 0.000000 1.000000 -0.000003 0.000000 1.000000 0.000000 0.000000 1.000000 0.000000 0.000000 1.000000 0.000000 0.000000 1.000000 0.000000 0.000000 1.000000 0.000000 1.000000 0.000000 0.000000 1.000000 0.000000 0.000000 1.000000 0.000000 0.000000 1.000000 0.000000 0.000000 0.000000 0.000000 1.000000 0.000000 0.000000 1.000000 0.000000 0.000000 1.000000 0.000000 0.000000 1.000000 1.000000 0.000000 0.000000 
						1.000000 0.000000 0.000000 0.000000 0.000000 -1.000000 0.000000 0.000000 -1.000000 0.000000 0.000000 -1.000000 0.000000 0.000000 -1.000000 -0.000001 0.000000 -1.000000 -0.000001 0.000000 -1.000000 -1.000000 0.000000 -0.000001 -1.000000 0.000000 -0.000001 -1.000000 0.000000 -0.000001 -1.000000 0.000000 -0.000001 -1.000000 0.000000 0.000000 -1.000000 0.000000 0.000000 0.000000 0.000000 1.000000 0.000000 0.000000 1.000000 1.000000 0.000000 0.000000 1.000000 0.000000 0.000000 1.000000 0.000000 0.000000 1.000000 0.000000 0.000000 0.000002 0.000000 1.000000 0.000002 0.000000 1.000000 0.000002 0.000000 1.000000 0.000002 0.000000 1.000000 1.000000 0.000000 0.000000 1.000000 0.000000 0.000000 0.000000 0.000000 -1.000000 0.000000 0.000000 -1.000000 0.000000 0.000000 -1.000000 0.000000 0.000000 -1.000000 0.000000 0.000000 -1.000000 0.000000 0.000000 -1.000000 -1.000000 0.000000 0.000000 -1.000000 0.000000 0.000000 -1.000000 0.000000 0.000000 -1.000000 0.000000 0.000000 -1.000000 0.000000 0.000000 -1.000000 0.000000 0.000000 0.000000 0.000000 1.000000 0.000000 0.000000 1.000000 0.159226 0.987242 0.000000 0.159226 0.987242 0.000000 0.159226 0.987242 0.000000 0.159226 0.987242 0.000000 0.000000 0.980575 0.196146 0.000000 0.980575 0.196146 0.000000 0.980575 0.196146 0.000000 0.980575 0.196146 0.159226 0.987242 0.000000 0.159226 0.987242 0.000000 0.000000 0.984479 -0.175501 0.000000 0.984479 -0.175501 0.000000 0.984479 -0.175501 0.000000 0.984479 -0.175501 0.000000 0.984479 -0.175502 0.000000 0.984479 -0.175502 0.000000 0.984479 -0.175502 -0.159226 0.987242 0.000000 -0.159226 0.987242 0.000000 -0.159226 0.987242 0.000000 -0.159226 0.987242 0.000000 -0.159226 0.987242 0.000000 -0.159226 0.987242 0.000000 0.000000 0.980574 0.196150 0.000000 0.980574 0.196150 
						0.159983 0.987120 0.000000 0.159983 0.987120 0.000000 0.159983 0.987120 0.000000 0.159983 0.987120 0.000000 0.000000 0.984331 0.176332 0.000000 0.984331 0.176332 0.000000 0.984331 0.176332 0.000000 0.984331 0.176332 0.159983 0.987120 0.000000 0.159983 0.987120 0.000000 0.000000 0.980389 -0.197071 0.000000 0.980389 -0.197071 0.000000 0.980389 -0.197071 0.000000 0.980389 -0.197071 0.000000 0.980389 -0.197070 0.000000 0.980389 -0.197070 0.000000 0.980389 -0.197070 -0.159986 0.987119 0.000000 -0.159986 0.987119 0.000000 -0.159986 0.987119 0.000000 -0.159986 0.987119 0.000000 -0.159986 0.987119 0.000000 -0.159986 0.987119 0.000000 0.000000 0.984331 0.176329 0.000000 0.984331 0.176329 0.000000 0.984331 0.176329 0.000000 0.984331 0.176329 1.000000 0.000000 0.000000 1.000000 0.000000 0.000000 1.000000 0.000000 0.000000 1.000000 0.000000 0.000000 0.000000 0.000000 1.000000 0.000000 0.000000 1.000000 0.000000 0.000000 1.000000 0.000000 0.000000 1.000000 1.000000 0.000000 0.000000 1.000000 0.000000 0.000000 0.000000 0.000000 -1.000000 0.000000 0.000000 -1.000000 0.000000 0.000000 -1.000000 0.000000 0.000000 -1.000000 -0.000002 0.000000 -1.000000 -0.000002 0.000000 -1.000000 -0.000002 0.000000 -1.000000 -0.000002 0.000000 -1.000000 -1.000000 0.000000 0.000000 -1.000000 0.000000 0.000000 -1.000000 0.000000 0.000000 -1.000000 0.000000 0.000000 -1.000000 0.000000 0.000000 -1.000000 0.000000 0.000000 0.000000 0.000000 1.000000 0.000000 0.000000 1.000000 1.000000 0.000000 0.000000 1.000000 0.000000 0.000000 1.000000 0.000000 0.000000 1.000000 0.000000 0.000000 0.000000 0.000000 1.000000 0.000000 0.000000 1.000000 0.000000 0.000000 1.000000 0.000000 0.000000 1.000000 1.000000 0.000000 0.000000 1.000000 0.000000 0.000000 0.000000 0.000000 -1.000000 
						0.000000 0.000000 -1.000000 0.000000 0.000000 -1.000000 0.000000 0.000000 -1.000000 0.000000 0.000000 -1.000000 0.000000 0.000000 -1.000000 -1.000000 0.000000 0.000000 -1.000000 0.000000 0.000000 -1.000000 0.000000 0.000000 -1.000000 0.000000 0.000000 -1.000000 0.000000 0.000000 -1.000000 0.000000 0.000000 0.000000 0.000000 1.000000 0.000000 0.000000 1.000000 1.000000 0.000000 0.000000 1.000000 0.000000 0.000000 1.000000 0.000000 0.000000 1.000000 0.000000 0.000000 -0.000004 1.000000 0.000004 -0.000004 1.000000 0.000004 -0.000004 1.000000 0.000004 -0.000004 1.000000 0.000004 1.000000 0.000000 0.000000 1.000000 0.000000 0.000000 0.000000 -1.000000 0.000000 0.000000 -1.000000 0.000000 0.000000 -1.000000 0.000000 0.000000 -1.000000 0.000000 0.000000 -1.000000 0.000000 0.000000 -1.000000 0.000000 -1.000000 0.000000 0.000000 -1.000000 0.000000 0.000000 -1.000000 0.000000 0.000000 -1.000000 0.000000 0.000000 -1.000000 -0.000001 -0.000002 -1.000000 -0.000001 -0.000002 -1.000000 -0.000001 -0.000002 -1.000000 -0.000001 -0.000002 0.000000 1.000000 -0.000001 0.000000 1.000000 -0.000001 0.000000 1.000000 -0.000001 0.000000 1.000000 -0.000001 1.000000 0.000000 0.000000 1.000000 0.000000 0.000000 1.000000 0.000000 0.000000 1.000000 0.000000 0.000000 0.000000 -1.000000 0.000000 0.000000 -1.000000 0.000000 0.000000 -1.000000 0.000000 0.000000 -1.000000 0.000000 1.000000 0.000000 0.000000 1.000000 0.000000 0.000000 0.000000 1.000000 0.000019 0.000000 1.000000 0.000019 0.000000 1.000000 0.000019 0.000000 1.000000 0.000019 0.000000 1.000000 0.000024 0.000000 1.000000 0.000024 0.000000 1.000000 0.000024 0.000000 1.000000 0.000024 -1.000000 0.000000 0.000000 -1.000000 0.000000 0.000000 -1.000000 0.000000 0.000000 -1.000000 0.000000 0.000000 -1.000000 0.000000 0.000000 
						-1.000000 0.000000 0.000000 0.000000 -1.000000 0.000000 0.000000 -1.000000 0.000000 1.000000 0.000000 0.000000 1.000000 0.000000 0.000000 0.000000 0.985860 -0.167569 0.000000 0.985860 -0.167569 0.000000 0.998887 -0.047176 0.000000 0.998887 -0.047176 0.000000 0.985860 -0.167570 0.000000 0.985860 -0.167570 0.000000 0.998886 -0.047178 0.000000 0.998886 -0.047178 -1.000000 0.000000 0.000000 -1.000000 0.000000 0.000000 -1.000000 0.000000 0.000000 0.000000 -0.992353 0.123434 0.000000 -0.992353 0.123434 0.000000 -0.999254 0.038613 0.000000 -0.999254 0.038613 0.000000 -0.992352 0.123436 0.000000 -0.992352 0.123436 0.000000 -0.999254 0.038614 0.000000 -0.999254 0.038614 1.000000 0.000000 0.000000 1.000000 0.000000 0.000000 1.000000 0.000000 0.000000 0.000000 0.039102 -0.999235 0.000000 0.039102 -0.999235 0.000000 0.141014 -0.990008 0.000000 0.141014 -0.990008 0.000000 0.039101 -0.999235 0.000000 0.039101 -0.999235 0.000000 0.141014 -0.990008 -1.000000 0.000000 0.000000 -1.000000 0.000000 0.000000 -1.000000 0.000000 0.000000 0.000000 -0.033060 0.999453 0.000000 -0.033060 0.999453 0.000000 -0.108289 0.994119 0.000000 -0.108289 0.994119 0.000000 -0.033060 0.999453 0.000000 -0.033060 0.999453 0.000000 -0.108289 0.994119 0.000000 -0.108289 0.994119 1.000000 0.000000 0.000000 1.000000 0.000000 0.000000 1.000000 0.000000 0.000000 0.000000 0.385880 -0.922549 0.000000 0.385880 -0.922549 0.000000 0.385880 -0.922549 -1.000000 0.000000 0.000000 -1.000000 0.000000 0.000000 -1.000000 0.000000 0.000000 0.000000 -0.331635 0.943408 0.000000 -0.331635 0.943408 0.000001 -0.331634 0.943408 0.000001 -0.331634 0.943408 1.000000 0.000000 0.000000 1.000000 0.000000 0.000000 1.000000 0.000000 0.000000 -0.000001 0.680527 -0.732723 -0.000001 0.680527 -0.732723 0.000000 0.680527 -0.732723 
						0.000000 0.680527 -0.732723 -1.000000 0.000000 0.000000 -1.000000 0.000000 0.000000 -1.000000 0.000000 0.000000 0.000000 -0.652301 0.757960 0.000000 -0.652301 0.757960 0.000000 -0.652302 0.757959 0.000000 -0.652302 0.757959 1.000000 0.000000 0.000000 1.000000 0.000000 0.000000 1.000000 0.000000 0.000000 0.000000 0.898260 -0.439465 0.000000 0.898260 -0.439465 0.000000 0.898260 -0.439465 0.000000 0.898260 -0.439465 -1.000000 0.000000 0.000000 -1.000000 0.000000 0.000000 -1.000000 0.000000 0.000000 0.000000 -0.916673 0.399639 0.000000 -0.916673 0.399639 0.000000 -0.916672 0.399640 0.000000 -0.916672 0.399640 1.000000 0.000000 0.000000 1.000000 0.000000 0.000000 1.000000 0.000000 0.000000 0.000000 -0.992375 -0.123254 0.000000 -0.992375 -0.123254 0.000000 -0.999256 -0.038578 0.000000 -0.999256 -0.038578 0.000000 -0.992375 -0.123254 0.000000 -0.999256 -0.038578 -1.000000 0.000000 0.000000 -1.000000 0.000000 0.000000 -1.000000 -0.000003 -0.000000 -1.000000 -0.000003 -0.000000 -1.000000 -0.000003 -0.000000 -1.000000 -0.000003 -0.000000 0.000000 0.985850 0.167631 0.000000 0.985850 0.167631 0.000000 0.998886 0.047182 0.000000 0.998886 0.047182 -0.000002 0.985850 0.167631 -0.000002 0.985850 0.167631 -0.000002 0.998886 0.047185 -0.000002 0.998886 0.047185 1.000000 0.000000 0.000000 1.000000 0.000000 0.000000 1.000000 0.000000 0.000000 0.000000 -0.033036 -0.999454 0.000000 -0.033036 -0.999454 0.000000 -0.108161 -0.994133 0.000000 -0.108161 -0.994133 -0.000001 -0.033037 -0.999454 -0.000001 -0.033037 -0.999454 -0.000001 -0.108161 -0.994133 -0.000001 -0.108161 -0.994133 -1.000000 0.000000 0.000000 -1.000000 0.000000 0.000000 -1.000000 -0.000001 -0.000001 -1.000000 -0.000001 -0.000001 0.000000 0.039113 0.999235 0.000000 0.039113 0.999235 0.000000 0.141065 0.990000 0.000000 0.141065 0.990000 
						0.000000 0.039113 0.999235 0.000000 0.039113 0.999235 -0.000001 0.141064 0.990000 -0.000001 0.141064 0.990000 1.000000 0.000000 0.000000 1.000000 0.000000 0.000000 1.000000 0.000000 0.000000 0.000000 -0.331265 -0.943538 0.000000 -0.331264 -0.943538 -0.000001 -0.331266 -0.943537 -0.000001 -0.331265 -0.943538 -1.000000 -0.000002 0.000001 -1.000000 -0.000002 0.000001 -1.000000 -0.000002 -0.000001 -1.000000 -0.000002 -0.000001 0.000001 0.385927 0.922529 0.000001 0.385927 0.922529 -0.000002 0.385927 0.922529 -0.000002 0.385927 0.922529 1.000000 0.000000 0.000000 1.000000 0.000000 0.000000 1.000000 0.000000 0.000000 0.000001 -0.652009 -0.758211 0.000001 -0.652009 -0.758211 -0.000000 -0.652011 -0.758210 -0.000000 -0.652011 -0.758210 -1.000000 -0.000001 -0.000001 -1.000000 -0.000001 -0.000001 -1.000000 -0.000001 -0.000001 -1.000000 -0.000001 -0.000001 0.000001 0.680543 0.732708 0.000001 0.680543 0.732708 -0.000002 0.680543 0.732708 -0.000002 0.680543 0.732708 1.000000 0.000000 0.000000 1.000000 0.000000 0.000000 1.000000 0.000000 0.000000 0.000001 -0.916808 -0.399328 0.000001 -0.916808 -0.399328 0.000000 -0.916807 -0.399331 0.000000 -0.916807 -0.399330 -1.000000 0.000001 -0.000002 -1.000000 0.000001 -0.000002 -1.000000 -0.000002 -0.000001 -1.000000 -0.000001 -0.000001 0.000000 0.898245 0.439495 0.000000 0.898245 0.439495 -0.000003 0.898245 0.439495 -0.000003 0.898245 0.439496 1.000000 0.000000 0.000000 0.999995 0.000000 -0.003063 0.999995 0.000000 -0.003063 0.999995 0.000000 -0.003063 0.999995 0.000000 -0.003063 0.000000 -0.999996 -0.002719 0.000000 -0.999996 -0.002719 0.000000 -0.999996 -0.002719 0.000000 -0.999996 -0.002719 0.000000 -0.999996 -0.002718 0.000000 -0.999996 -0.002718 0.000000 -0.999996 -0.002718 0.000000 -0.999996 -0.002718 -0.999995 0.000000 -0.003057 -0.999995 0.000000 -0.003057 
						-0.999995 0.000000 -0.003057 -0.999995 0.000000 -0.003057 -0.999995 -0.000000 -0.003057 -0.999995 -0.000000 -0.003057 0.000000 0.999997 -0.002519 0.000000 0.999997 -0.002519 0.000000 0.999997 -0.002519 0.000000 0.999997 -0.002519 -0.000002 0.999997 -0.002521 -0.000002 0.999997 -0.002521 -0.000002 0.999997 -0.002521 -0.000002 0.999997 -0.002521 0.999995 0.000000 -0.003063 0.999995 0.000000 -0.003063 
					</float_array>
					<technique_common>
						<accessor count="1038" offset="0" source="#meshId2-normals-array" stride="3">
							<param name="X" type="float" />
							<param name="Y" type="float" />
							<param name="Z" type="float" />
						</accessor>
					</technique_common>
				</source>
				<source id="meshId2-tangents" name="meshId2-tangents">
					<float_array id="meshId2-tangents-array" count="3114"> 
						0.622603 0.012389 -0.782440 0.794784 0.014851 -0.606711 0.451879 -0.834830 -0.314428 0.457322 -0.820486 -0.343016 0.924204 0.012658 -0.381690 0.483256 -0.816975 -0.314667 0.943109 0.009026 -0.332362 0.527357 -0.768844 -0.361626 0.903348 0.006371 -0.428862 0.554922 -0.694541 -0.457902 0.810256 0.004560 -0.586058 0.540172 -0.599212 -0.590897 0.661191 0.003243 -0.750210 0.467302 -0.488010 -0.737207 0.461062 0.002207 -0.887365 0.333556 -0.365455 -0.869013 0.222428 0.001334 -0.974948 0.149027 -0.235199 -0.960454 -0.036711 0.000545 -0.999326 -0.066007 -0.100118 -0.992784 -0.296551 -0.000195 -0.955017 -0.285834 0.036502 -0.957584 -0.419651 -0.002882 -0.907681 -0.479435 0.177844 -0.859368 0.732604 -0.002861 0.680650 0.816614 -0.000194 0.577184 0.822349 0.036386 0.567819 0.667343 0.173112 0.724352 0.938837 0.000555 0.344361 0.923651 -0.100544 0.369809 0.995945 0.001336 0.089951 0.959156 -0.236168 0.155703 0.986342 0.002202 -0.164693 0.928606 -0.368139 -0.046522 0.917188 0.003220 -0.398441 0.844041 -0.492727 -0.211695 0.805598 0.004509 -0.592445 0.727625 -0.605568 -0.322256 0.681396 0.006267 -0.731888 0.607408 -0.701490 -0.372783 0.594362 0.008830 -0.804149 0.510853 -0.774856 -0.372327 0.706958 0.006740 0.707223 0.706929 0.010500 0.707207 0.706906 0.013232 0.707184 0.706943 0.014669 0.707118 0.706979 0.014670 0.707082 0.707035 0.013234 0.707055 0.707082 0.010502 0.707053 0.707085 0.006743 0.707097 0.707062 0.002325 0.707148 0.707017 -0.002322 0.707193 0.706960 -0.006740 0.707221 0.706926 -0.010500 0.707210 0.706917 -0.013233 0.707172 0.706936 -0.014669 0.707126 0.706995 -0.014670 0.707067 0.707040 -0.013234 0.707050 0.707082 -0.010502 0.707053 0.707085 -0.006743 0.707096 0.707069 -0.002325 0.707141 0.707014 0.002322 0.707196 0.630176 -0.622983 -0.463432 0.672844 -0.611948 -0.415693 
						0.596990 -0.612956 -0.517579 0.564116 -0.582271 -0.585435 0.519746 -0.532233 -0.668275 0.452687 -0.464914 -0.760875 0.355422 -0.382993 -0.852638 0.226361 -0.289519 -0.930021 0.070569 -0.187661 -0.979696 -0.101286 -0.080667 -0.991582 -0.273746 0.029250 -0.961357 -0.405324 0.160170 -0.900032 0.829749 0.029304 0.557367 0.728346 0.157065 0.666966 0.912565 -0.079277 0.401173 0.954551 -0.185681 0.233141 0.955435 -0.287115 0.068615 0.921455 -0.380324 -0.079210 0.863619 -0.462187 -0.201362 0.795226 -0.529764 -0.294899 0.728756 -0.580401 -0.363385 -0.310998 0.015914 -0.950277 -0.587799 0.000129 -0.809007 -0.587780 0.000123 -0.809021 -0.308187 0.016013 -0.951191 -0.807684 -0.015679 -0.589407 -0.809396 -0.015771 -0.587051 -0.949278 -0.031470 -0.312858 -0.951086 -0.031649 -0.307301 -0.998863 -0.047251 -0.006310 -0.998868 -0.047515 0.002464 -0.951733 -0.063026 0.300387 -0.948124 -0.063368 0.311520 -0.812642 -0.078777 0.577415 -0.804053 -0.079214 0.589257 -0.595319 -0.094508 0.797912 -0.581130 -0.095039 0.808242 -0.321098 -0.110217 0.940611 -0.301640 -0.110832 0.946958 -0.016813 -0.125902 0.991900 0.006567 -0.126611 0.991931 0.287872 -0.141546 0.947151 0.312882 -0.142340 0.939066 0.560808 -0.169537 0.810402 0.587752 -0.142475 0.796397 0.597442 0.169795 0.783730 0.811827 0.141790 0.566421 0.796381 0.142591 0.587746 0.575761 0.142744 0.805061 0.948530 0.126137 0.290485 0.941321 0.126844 0.312771 0.993771 0.110460 -0.014751 0.993795 0.111073 0.005761 0.942789 0.094765 -0.319637 0.948244 0.095294 -0.302907 0.800238 0.079025 -0.594453 0.808874 0.079459 -0.582588 0.579753 0.063258 -0.812333 0.589261 0.063605 -0.805436 0.302630 0.047494 -0.951924 0.311020 0.047757 -0.949203 -0.004233 0.031700 -0.999488 0.001654 0.031886 -0.999490 -0.004780 0.031582 -0.999490 -0.311259 0.015851 -0.950193 -0.308415 0.016042 -0.951117 
						0.001178 0.031947 -0.999489 0.301856 0.047298 -0.952180 0.310341 0.047859 -0.949420 0.578877 0.062998 -0.812977 0.588490 0.063756 -0.805987 0.799449 0.078695 -0.595557 0.808169 0.079637 -0.583541 0.942301 0.094367 -0.321190 0.947792 0.095493 -0.304256 0.993792 0.110006 -0.016650 0.993777 0.111313 0.004103 0.949225 0.125623 0.288430 0.941882 0.127121 0.310963 0.813286 0.141204 0.564471 0.797607 0.142892 0.586007 0.599880 0.171729 0.781443 0.577201 0.145344 0.803563 0.285569 -0.140964 0.947934 0.557880 -0.171485 0.812012 0.585883 -0.145109 0.797298 0.310853 -0.142644 0.939693 -0.018977 -0.125384 0.991927 0.004677 -0.126873 0.991908 -0.322907 -0.109770 0.940043 -0.303208 -0.111079 0.946428 -0.596642 -0.094127 0.796969 -0.582270 -0.095243 0.807397 -0.813445 -0.078449 0.576327 -0.804739 -0.079392 0.588296 -0.952074 -0.062755 0.299360 -0.948411 -0.063503 0.310618 -0.998867 -0.047061 -0.007123 -0.998864 -0.047614 0.001755 -0.949113 -0.031331 -0.313373 -0.950939 -0.031709 -0.307750 -0.807527 -0.015605 -0.589624 -0.809258 -0.015797 -0.587242 -0.587801 0.000129 -0.809005 -0.587782 0.000134 -0.809020 0.155788 -0.987577 0.020537 0.152674 -0.987681 -0.034313 -0.028870 -0.999573 0.004540 -0.028860 -0.999582 0.001628 0.139973 -0.987440 0.073280 -0.029856 -0.999553 -0.001502 0.107071 -0.987273 0.117588 -0.031561 -0.999486 -0.005656 0.061061 -0.987085 0.148104 -0.033201 -0.999382 -0.011544 0.007665 -0.986892 0.161201 -0.033779 -0.999242 -0.019359 -0.046225 -0.986729 0.155654 -0.032437 -0.999058 -0.028845 -0.093158 -0.986676 0.133387 -0.029463 -0.998770 -0.039893 -0.125286 -0.986924 0.101411 -0.029349 -0.997946 -0.056938 -0.142322 -0.987405 0.069105 -0.039673 -0.993846 -0.103422 -0.135955 -0.987025 0.085433 -0.107238 -0.987282 0.117361 0.096210 -0.991835 0.083705 0.051260 -0.996591 0.064650 -0.155713 -0.987099 0.037282 
						0.028798 -0.997528 0.064095 -0.158279 -0.987251 -0.016841 0.010154 -0.998025 0.061991 -0.142179 -0.987412 -0.069305 -0.005368 -0.998392 0.056428 -0.109106 -0.987553 -0.113288 -0.017238 -0.998691 0.048165 -0.063078 -0.987664 -0.143325 -0.025246 -0.998939 0.038527 -0.009673 -0.987739 -0.155814 -0.029578 -0.999146 0.028846 0.044711 -0.987779 -0.149311 -0.031081 -0.999312 0.020238 0.093573 -0.987782 -0.124620 -0.030765 -0.999438 0.013316 0.131062 -0.987750 -0.084698 -0.029726 -0.999525 0.008184 -0.004483 0.031607 -0.999490 -0.311112 0.015835 -0.950241 -0.308280 0.015968 -0.951162 0.001460 0.031861 -0.999491 0.302274 0.047357 -0.952044 0.310745 0.047759 -0.949293 0.579351 0.063093 -0.812633 0.588952 0.063625 -0.805660 0.799877 0.078823 -0.594965 0.808594 0.079475 -0.582975 0.942569 0.094526 -0.320358 0.948067 0.095316 -0.303453 0.993787 0.110200 -0.015631 0.993793 0.111127 0.005093 0.948858 0.125856 0.289531 0.941553 0.126910 0.312044 0.812510 0.141477 0.565519 0.796881 0.142668 0.587050 0.598570 0.170633 0.782687 0.576339 0.143734 0.804471 0.286785 -0.141337 0.947511 0.559437 -0.170505 0.811147 0.587004 -0.143597 0.796747 0.312068 -0.142523 0.939309 -0.017833 -0.125722 0.991905 0.005810 -0.126773 0.991915 -0.321949 -0.110063 0.940338 -0.302266 -0.110985 0.946740 -0.595938 -0.094389 0.797464 -0.581581 -0.095174 0.807902 -0.813018 -0.078681 0.576898 -0.804323 -0.079347 0.588870 -0.951892 -0.062947 0.299899 -0.948235 -0.063485 0.311158 -0.998862 -0.047216 -0.006696 -0.998864 -0.047604 0.002183 -0.949197 -0.031461 -0.313105 -0.951026 -0.031720 -0.307479 -0.807606 -0.015693 -0.589513 -0.809341 -0.015831 -0.587125 -0.587794 0.000069 -0.809011 -0.587784 0.000072 -0.809018 -0.026229 -0.073027 -0.996985 -0.365247 -0.181710 -0.913004 0.261302 -0.961100 -0.089487 0.276132 -0.960975 -0.016697 0.289767 -0.054896 -0.955522 
						0.271503 -0.960705 0.057728 0.572111 -0.051040 -0.818587 0.247515 -0.960289 0.128772 0.796782 -0.052093 -0.602018 0.205471 -0.959726 0.191592 0.943256 -0.055434 -0.327408 0.147838 -0.959019 0.241715 0.997980 -0.059792 -0.021461 0.078165 -0.958168 0.275325 0.955897 -0.062641 0.286944 0.001584 -0.957119 0.289691 0.817926 -0.047021 0.573398 -0.068618 -0.954786 0.289266 -0.535629 -0.152831 -0.830509 -0.098227 -0.940711 0.324677 -0.287009 -0.062462 -0.955889 -0.615888 0.110730 -0.780013 -0.354870 -0.934379 -0.031657 -0.300939 -0.952795 -0.040216 0.027770 -0.077364 -0.996616 -0.274586 -0.955585 -0.107047 0.333182 -0.073555 -0.939989 -0.232450 -0.956855 -0.174345 0.606130 -0.068570 -0.792404 -0.174684 -0.957900 -0.227846 0.820665 -0.064096 -0.567804 -0.105807 -0.958792 -0.263670 0.955817 -0.060917 -0.287583 -0.030833 -0.959537 -0.279891 0.997963 -0.060049 0.021550 0.044850 -0.960142 -0.275891 0.941635 -0.064661 0.330367 0.116247 -0.960600 -0.252457 0.787639 -0.085443 0.610183 0.178672 -0.960912 -0.211482 0.504342 -0.227598 0.832969 0.228084 -0.961079 -0.155900 0.001847 0.007542 -0.999970 -0.308052 0.004131 -0.951361 -0.310436 0.004391 -0.950584 -0.002724 0.008001 -0.999964 0.311548 0.010945 -0.950167 0.305237 0.011601 -0.952206 0.590567 0.014362 -0.806861 0.583518 0.015217 -0.811958 0.811440 0.017769 -0.584166 0.805088 0.018830 -0.592857 0.952433 0.021174 -0.304011 0.948431 0.022421 -0.316191 0.999680 0.024575 0.006020 0.999626 0.025884 -0.008813 0.948578 0.027649 0.315333 0.953625 0.028517 0.299643 0.804338 0.029841 0.593423 0.815231 0.033596 0.578161 0.590733 -0.015239 0.806723 0.606931 0.076481 0.791066 0.316053 -0.030871 0.948239 0.588126 -0.001722 0.808768 0.559277 -0.093142 0.823732 0.297620 -0.034560 0.954059 0.006801 -0.027763 0.999591 -0.009753 -0.028645 0.999542 -0.303500 -0.023302 0.952546 
						-0.316850 -0.024507 0.948159 -0.583753 -0.019736 0.811692 -0.593390 -0.020864 0.804645 -0.806552 -0.016322 0.590938 -0.812336 -0.017262 0.582934 -0.949996 -0.012910 0.311996 -0.952394 -0.013650 0.304565 -0.999952 -0.009504 0.002328 -0.999944 -0.010048 -0.003421 -0.951499 -0.006091 -0.307592 -0.950357 -0.006435 -0.311094 -0.809400 -0.002687 -0.587251 -0.808447 -0.002829 -0.588563 -0.587642 0.000724 -0.809121 -0.588001 0.000783 -0.808860 -0.186992 -0.982318 0.009266 -0.174753 -0.982311 0.067281 0.414557 -0.281059 0.865533 0.149618 -0.331629 0.931470 -0.180458 -0.982325 -0.049724 -0.096852 -0.414766 0.904759 -0.155837 -0.982331 -0.103635 -0.271732 -0.545040 0.793154 -0.115592 -0.982336 -0.147152 -0.266022 -0.746653 0.609706 -0.063711 -0.982342 -0.175915 -0.014442 -0.901101 0.433370 -0.005694 -0.982345 -0.186993 0.496553 -0.791189 0.357008 0.051913 -0.982342 -0.179749 0.821263 -0.363863 0.439466 0.094678 -0.982186 -0.162314 0.800401 -0.030725 0.598678 0.085766 -0.976409 -0.198166 0.514145 -0.172491 0.840180 0.176366 -0.982349 -0.062335 0.194437 -0.979658 -0.049646 -0.641571 -0.178317 -0.746049 -0.337375 -0.068085 -0.938905 0.186975 -0.982233 -0.016072 -0.044433 -0.098328 -0.994162 0.182764 -0.982234 0.042574 0.254603 -0.120507 -0.959508 0.160216 -0.982246 0.097587 0.533948 -0.130696 -0.835355 0.121620 -0.982257 0.142758 0.761853 -0.141007 -0.632216 0.070814 -0.982268 0.173595 0.916076 -0.153458 -0.370481 0.012970 -0.982278 0.186982 0.982794 -0.168323 -0.076049 -0.046147 -0.982287 0.181612 0.956879 -0.187404 0.221952 -0.100653 -0.982296 0.157998 0.842957 -0.208073 0.496114 -0.144977 -0.982304 0.118578 0.654437 -0.238507 0.717514 -0.151873 -0.988124 0.023351 -0.139188 -0.988250 0.063160 0.048412 -0.998724 -0.014401 0.050490 -0.998698 0.007311 -0.153571 -0.987960 -0.018749 0.043875 -0.998635 0.028347 -0.143956 -0.987755 -0.060148 
						0.029385 -0.998535 0.045443 -0.123518 -0.987504 -0.097869 0.008829 -0.998393 0.055975 -0.093647 -0.987198 -0.129113 -0.015156 -0.998203 0.057984 -0.056954 -0.986789 -0.151670 -0.039800 -0.997933 0.050449 -0.017611 -0.986122 -0.165088 -0.062734 -0.997496 0.032639 0.019531 -0.984747 -0.172893 -0.081216 -0.996691 0.003275 0.042784 -0.979426 -0.197218 -0.080824 -0.996401 -0.025544 0.168109 -0.985391 0.027273 0.198161 -0.980031 0.016482 0.003965 -0.995833 0.091109 -0.023024 -0.995492 0.092004 0.151714 -0.987079 0.051562 -0.050381 -0.996546 0.066019 0.132617 -0.987678 0.083097 -0.064256 -0.997334 0.034596 0.105867 -0.987981 0.112629 -0.066335 -0.997782 0.005481 0.071930 -0.988167 0.135471 -0.058786 -0.998077 -0.019659 0.032955 -0.988287 0.149008 -0.043527 -0.998294 -0.038923 -0.008209 -0.988360 0.151910 -0.023128 -0.998457 -0.050476 -0.048677 -0.988392 0.143917 -0.000549 -0.998581 -0.053260 -0.085652 -0.988384 0.125546 0.020873 -0.998665 -0.047243 -0.116562 -0.988336 0.098004 0.038037 -0.998713 -0.033549 0.107013 -0.991200 -0.077910 0.062995 -0.972042 -0.226198 0.039687 0.998181 -0.045388 0.033666 0.998560 -0.041770 0.234409 -0.972088 0.009846 0.032807 0.998654 -0.040184 0.400354 -0.916360 0.001411 0.034531 0.998468 -0.043230 0.548995 -0.828470 -0.110637 0.036224 0.998002 -0.051761 0.629651 -0.714538 -0.304919 0.034502 0.997250 -0.065594 0.609779 -0.581117 -0.538955 0.026110 0.996221 -0.082836 0.481424 -0.434339 -0.761302 0.009173 0.994903 -0.100414 0.261065 -0.279100 -0.924093 -0.017082 0.993318 -0.114140 -0.015934 -0.119320 -0.992728 -0.051429 0.991592 -0.118746 -0.303165 0.043703 -0.951935 -0.085304 0.991710 -0.096097 -0.565010 0.148997 -0.811519 0.001949 0.995890 0.090556 0.811621 0.042779 0.582616 0.597158 0.146520 0.788628 -0.090419 0.995230 -0.036637 0.068399 0.991210 0.113241 0.939354 -0.118447 0.321846 
						0.120098 0.988404 0.092923 0.959873 -0.277967 0.037120 0.130704 0.990091 0.051350 0.873255 -0.433292 -0.222897 0.124746 0.992096 0.013570 0.701419 -0.580315 -0.413819 0.109392 0.993874 -0.015763 0.484856 -0.713971 -0.505134 0.089447 0.995366 -0.035286 0.274986 -0.828140 -0.488432 0.069080 0.996580 -0.045339 0.122356 -0.916225 -0.381524 0.051737 0.997525 -0.047624 -0.309090 0.000509 -0.951033 -0.000140 0.000928 -1.000000 -0.036833 -0.999227 -0.013749 -0.038993 -0.999239 -0.000813 0.308824 0.001345 -0.951118 -0.030444 -0.999211 -0.025492 0.587570 0.001757 -0.809172 -0.020558 -0.999198 -0.034364 0.808821 0.002175 -0.588051 -0.008194 -0.999183 -0.039571 0.950932 0.002590 -0.309388 0.005468 -0.999165 -0.040502 0.999995 0.002985 -0.000452 0.018161 -0.999156 -0.036831 0.951204 0.003273 0.308544 0.025753 -0.999207 -0.030360 0.809350 0.003817 0.587314 0.003286 -0.999064 -0.043132 0.590916 0.027415 0.806267 -0.108276 -0.971695 -0.209964 0.583999 -0.028880 0.811241 0.308393 -0.004312 0.951249 0.042188 -0.999053 0.010669 0.161577 -0.973582 0.161339 -0.000484 -0.003198 0.999995 0.036835 -0.999307 0.005359 -0.309419 -0.002804 0.950922 0.033423 -0.999308 0.016339 -0.588078 -0.002401 0.808801 0.026199 -0.999303 0.026606 -0.809192 -0.001986 0.587542 0.015947 -0.999296 0.033946 -0.951129 -0.001577 0.308789 0.003679 -0.999289 0.037535 -0.999999 -0.001155 -0.000175 -0.009031 -0.999281 0.036835 -0.951022 -0.000738 -0.309124 -0.020833 -0.999272 0.031960 -0.808988 -0.000321 -0.587825 -0.030582 -0.999260 0.023311 -0.587797 0.000097 -0.809008 -0.036814 -0.999250 0.011992 -0.152510 0.987688 0.034823 -0.155803 0.987675 -0.014942 -0.143220 0.987658 -0.063401 -0.115962 0.987640 -0.105448 -0.076788 0.987621 -0.136780 -0.029887 0.987603 -0.154098 0.020488 0.987578 -0.155787 0.070379 0.987515 -0.140928 0.128758 0.986737 -0.098850 
						0.269993 0.955963 0.115060 -0.031255 0.953748 -0.298979 0.134072 0.986775 -0.091105 0.155820 0.987785 -0.001227 0.146662 0.987773 0.052867 0.122301 0.987765 0.096760 0.085514 0.987758 0.130469 0.039934 0.987748 0.150859 -0.009741 0.987739 0.155813 -0.058463 0.987727 0.144836 -0.101118 0.987717 0.119126 -0.133629 0.987703 0.081152 0.125019 -0.989715 -0.069532 0.140310 -0.989194 -0.042532 -0.000025 -0.000544 -1.000000 -0.309029 -0.000296 -0.951053 0.151129 -0.988448 -0.011411 0.308982 -0.000794 -0.951067 0.155956 -0.987481 0.023641 0.587747 -0.001041 -0.809044 0.153016 -0.986292 0.061753 0.808982 -0.001288 -0.587832 0.140584 -0.984882 0.101210 0.951034 -0.001536 -0.309084 0.117327 -0.983251 0.139470 0.999998 -0.001795 -0.000082 0.083590 -0.981278 0.173513 0.951084 -0.002064 0.308926 0.051890 -0.976555 0.208919 0.809068 -0.001931 0.587712 0.102006 -0.925864 0.363828 0.588086 -0.008721 0.808752 -0.315049 -0.925484 -0.210292 -0.181120 -0.977427 -0.108774 0.308921 0.002190 0.951085 0.587407 0.009480 0.809237 -0.139567 -0.983956 -0.111143 -0.000093 0.002034 0.999998 -0.104254 -0.985800 -0.131639 -0.309091 0.001700 0.951031 -0.067563 -0.987091 -0.145213 -0.587837 0.001439 0.808978 -0.031642 -0.988140 -0.150260 -0.809049 0.001188 0.587741 0.002144 -0.988956 -0.148194 -0.951070 0.000943 0.308975 0.032668 -0.989561 -0.140365 -1.000000 0.000694 -0.000031 0.060149 -0.989935 -0.128101 -0.951050 0.000444 -0.309036 0.084630 -0.990086 -0.112103 -0.809011 0.000199 -0.587794 0.106275 -0.990012 -0.092634 -0.587788 -0.000049 -0.809015 -0.453929 0.000000 -0.891038 -0.453923 0.000000 -0.891041 -0.453923 0.000000 -0.891041 -0.453926 0.000000 -0.891039 -0.453920 0.000000 -0.891043 -0.453918 0.000000 -0.891043 -0.453927 0.000000 -0.891039 -0.852609 0.000000 -0.522549 -0.453895 0.000000 -0.891055 -0.453956 0.000000 -0.891024 
						-0.453930 -0.000002 -0.891038 -0.453932 -0.000002 -0.891036 -0.453946 -0.000002 -0.891029 -0.453941 -0.000002 -0.891032 -0.453973 -0.000002 -0.891015 -0.453958 -0.000002 -0.891023 -0.453925 0.000000 -0.891040 -0.453923 0.000000 -0.891041 -0.453921 0.000000 -0.891042 -0.453925 0.000000 -0.891040 -0.453917 0.000000 -0.891044 -0.453895 0.000000 -0.891055 -0.453949 0.000000 -0.891028 -0.453950 0.000000 -0.891027 -0.453950 0.000000 -0.891027 -0.453915 0.000000 -0.891045 -0.453919 0.000000 -0.891043 -0.453918 0.000000 -0.891044 -0.453874 0.000002 -0.891066 -0.453719 0.000002 -0.891145 -0.453914 0.000002 -0.891046 -0.453924 0.000001 -0.891040 -0.453943 0.000001 -0.891031 -0.453937 0.000001 -0.891034 -0.453878 0.000000 -0.891064 -0.453828 0.000000 -0.891089 -0.453821 0.000000 -0.891093 -0.453874 0.000000 -0.891066 -0.453814 0.000002 -0.891096 -0.453869 0.000002 -0.891068 -0.453958 0.000002 -0.891023 -0.453904 -0.000001 -0.891051 -0.453918 -0.000001 -0.891044 -0.453941 -0.000001 -0.891032 -0.453932 -0.000001 -0.891036 -0.453923 0.000001 -0.891041 -0.453923 0.000001 -0.891041 -0.453875 0.000000 -0.891066 -0.453938 0.000000 -0.891033 -0.453894 0.000000 -0.891056 -0.454077 0.000000 -0.890963 -0.453963 0.000000 -0.891021 -0.453906 0.000001 -0.891050 -0.453910 0.000001 -0.891047 -0.453921 0.000001 -0.891042 -0.453918 0.000001 -0.891044 -0.453925 0.000000 -0.891040 -0.453960 0.000000 -0.891022 -0.453971 -0.000003 -0.891016 -0.454136 -0.000003 -0.890933 -0.453940 0.000000 -0.891032 -0.453934 0.000000 -0.891035 -0.453912 0.000000 -0.891046 -0.453928 0.000000 -0.891039 -0.453980 0.000000 -0.891012 0.000000 0.000157 -1.000000 0.000000 0.000162 -1.000000 0.000000 0.000162 -1.000000 0.000000 0.000157 -1.000000 1.000000 0.000158 0.000000 1.000000 0.000158 0.000000 1.000000 0.000158 0.000000 1.000000 0.000158 0.000000 0.000000 0.000166 -1.000000 
						0.000000 0.000166 -1.000000 -1.000000 0.000158 0.000000 -1.000000 0.000158 0.000000 -1.000000 0.000158 0.000000 -1.000000 0.000158 0.000000 -1.000000 0.000160 0.000001 -1.000000 0.000160 0.000001 -0.000001 0.000167 1.000000 -0.000001 0.000166 1.000000 -0.000001 0.000166 1.000000 -0.000001 0.000167 1.000000 0.000000 0.000158 1.000000 0.000000 0.000158 1.000000 1.000000 0.000159 0.000000 1.000000 0.000159 0.000000 0.000000 -1.000000 0.000000 0.000000 -1.000000 0.000000 0.000000 -1.000000 0.000000 0.000000 -1.000000 0.000000 0.000000 -1.000000 0.000000 0.000000 -1.000000 0.000000 0.000000 -1.000000 0.000000 0.000000 -1.000000 0.000000 0.000000 -1.000000 0.000000 0.000000 -1.000000 0.000000 0.000000 -1.000000 0.000000 0.000000 -1.000000 0.000000 0.000013 -1.000000 0.000000 0.000000 -1.000000 0.000000 0.000215 -1.000000 0.000000 0.000240 -1.000000 0.000000 0.000000 -1.000000 0.000000 0.000000 -1.000000 0.000000 0.000000 -1.000000 0.000000 0.000000 -1.000000 0.000000 0.000000 -1.000000 0.000000 0.000000 -1.000000 0.000000 0.000000 -1.000000 0.000000 0.000000 -1.000000 0.000000 -0.015627 0.002520 -0.999875 -0.015615 0.002518 -0.999875 -0.015617 0.002519 -0.999875 -0.015626 0.002520 -0.999875 0.000000 0.196146 -0.980575 0.000027 0.196146 -0.980575 0.000039 0.196146 -0.980575 0.000005 0.196146 -0.980575 -0.015628 0.002521 -0.999875 -0.015640 0.002522 -0.999875 -0.029858 -0.175423 -0.984040 -0.029978 -0.175422 -0.984037 -0.030008 -0.175422 -0.984036 -0.029878 -0.175423 -0.984040 -0.030010 -0.175423 -0.984036 -0.030006 -0.175423 -0.984036 -0.030004 -0.175423 -0.984036 0.015729 0.002537 -0.999873 0.015711 0.002534 -0.999873 0.015717 0.002535 -0.999873 0.015732 0.002537 -0.999873 0.015688 0.002530 -0.999874 0.015693 0.002531 -0.999874 0.000028 0.196150 -0.980574 0.000025 0.196150 -0.980574 
						-0.013491 0.002186 -0.999907 -0.013517 0.002191 -0.999906 -0.013519 0.002191 -0.999906 -0.013496 0.002187 -0.999906 0.000655 0.176332 -0.984331 0.000712 0.176332 -0.984331 0.000739 0.176332 -0.984331 0.000668 0.176332 -0.984331 -0.013510 0.002190 -0.999906 -0.013505 0.002189 -0.999906 -0.029671 -0.196984 -0.979958 -0.029668 -0.196984 -0.979958 -0.029667 -0.196984 -0.979958 -0.029670 -0.196984 -0.979958 -0.029563 -0.196984 -0.979961 -0.029515 -0.196984 -0.979962 -0.029648 -0.196983 -0.979959 0.014766 0.002393 -0.999888 0.014753 0.002391 -0.999888 0.014756 0.002392 -0.999888 0.014768 0.002394 -0.999888 0.014748 0.002390 -0.999888 0.014757 0.002392 -0.999888 0.000583 0.176329 -0.984331 0.000641 0.176329 -0.984331 0.000655 0.176329 -0.984331 0.000592 0.176329 -0.984331 0.000000 -0.390639 -0.920544 0.000000 -0.384270 -0.923221 0.000000 -0.439019 -0.898478 0.000000 -0.443918 -0.896067 0.960305 -0.278953 0.000000 0.948389 -0.317109 0.000000 0.948952 -0.315419 0.000000 0.961118 -0.276136 0.000000 0.000000 -0.383965 -0.923348 0.000000 -0.437908 -0.899020 -0.986036 -0.166533 0.000000 -0.986463 -0.163981 0.000000 -0.986949 -0.161035 0.000000 -0.986529 -0.163588 0.000000 -0.998536 0.054085 0.000002 -0.998006 0.063128 0.000002 -0.997291 0.073557 0.000002 -0.997916 0.064521 0.000002 0.000000 0.281111 0.959675 0.000000 0.360619 0.932713 0.000000 0.438436 0.898763 0.000000 0.359569 0.933118 0.000000 0.405370 0.914153 0.000000 0.475036 0.879967 0.970205 -0.242285 0.000000 0.971186 -0.238323 0.000000 0.000000 -0.326355 0.945247 0.000000 -0.385208 0.922830 0.000000 -0.443776 0.896138 0.000000 -0.387079 0.922047 -0.999960 -0.008891 0.000000 -0.992198 -0.124673 0.000000 -0.991944 -0.126678 0.000000 -0.999966 -0.008295 0.000000 0.000000 -0.408678 0.912679 0.000000 -0.458630 0.888627 0.939705 -0.341985 0.000000 
						0.956232 -0.292610 0.000000 0.960305 -0.278953 0.000000 0.944794 -0.327664 0.000000 0.969770 -0.244021 0.000000 0.972932 -0.231090 0.000000 0.000000 0.383031 -0.923735 0.000000 0.362171 -0.932112 0.000000 0.422739 -0.906251 0.000000 0.439993 -0.898001 0.000000 0.350305 -0.936636 0.000000 0.411695 -0.911322 -0.994730 0.102531 0.000000 -0.994395 0.105725 0.000000 0.000000 -0.975339 -0.220712 0.000000 -0.978501 -0.206243 0.000000 -0.989226 -0.146400 0.000000 -0.987131 -0.159917 0.998529 0.000004 -0.054219 0.998850 0.000004 -0.047940 0.998951 0.000004 -0.045802 0.998643 0.000004 -0.052081 0.000000 -0.987561 -0.157236 0.000000 -0.994935 -0.100523 -0.999886 0.000000 -0.015079 -0.999971 0.000000 0.007628 -0.999975 0.000000 0.007100 -0.999887 0.000000 -0.015043 -0.999635 0.000000 0.027018 -0.999664 0.000000 0.025925 0.000000 0.970733 0.240160 0.000000 0.981841 0.189706 0.000000 0.991559 0.129655 0.000000 0.985307 0.170792 -0.000001 0.980579 0.196126 -0.000001 0.988751 0.149573 -0.000001 0.991878 0.127197 -0.000001 0.984759 0.173922 0.999934 -0.000000 -0.011467 0.999860 -0.000000 -0.016715 0.999829 -0.000000 -0.018501 0.999912 -0.000000 -0.013254 0.000000 -0.971246 0.238077 0.000000 -0.979105 0.203354 0.000000 -0.989298 0.145909 0.000000 -0.985021 0.172432 -0.999981 0.000000 0.006101 -0.999563 0.000000 0.029554 -0.999574 0.000000 0.029179 -0.999980 0.000000 0.006312 0.000000 -0.984843 0.173447 0.000000 -0.992583 0.121571 0.998841 -0.000001 0.048139 0.999115 -0.000001 0.042056 0.999201 -0.000001 0.039973 0.998939 -0.000001 0.046056 1.000000 -0.000000 0.000065 1.000000 -0.000000 0.000785 0.999999 -0.000000 0.001032 1.000000 -0.000000 0.000312 0.000000 0.957784 -0.287489 0.000000 0.971396 -0.237466 0.000000 0.986757 -0.162203 0.000000 0.976585 -0.215132 0.000000 0.985719 -0.168400 
						0.000000 0.994057 -0.108859 -0.999784 0.000000 -0.020779 -0.999800 0.000000 -0.019982 0.000000 -0.938284 0.345865 0.000000 -0.953832 0.300340 0.999701 0.004100 0.024123 0.999073 0.007212 0.042431 0.998794 0.002316 0.049035 0.999010 0.002099 0.044441 0.999827 -0.003121 -0.018361 0.999978 -0.001113 -0.006546 1.000000 0.000003 0.000064 0.999982 -0.000281 -0.005953 0.000000 0.905106 -0.425186 0.000000 0.921323 -0.388799 0.000000 0.953101 -0.302654 -0.999978 -0.000814 -0.006543 -0.999836 -0.002238 -0.017989 -0.999781 -0.000807 -0.020891 -0.999837 -0.000696 -0.018020 -0.999997 -0.000293 -0.002355 -0.999850 0.002136 0.017176 -0.999548 0.001161 0.030037 -0.999840 0.000692 0.017895 0.000000 -0.918469 0.395493 0.000000 -0.563513 0.826107 0.000000 -0.543070 0.839687 0.936731 -0.349783 -0.013688 0.949326 -0.314052 -0.012289 0.967960 -0.248594 -0.035409 0.945528 -0.322289 -0.045906 0.969026 -0.246769 -0.009656 0.975232 -0.221017 -0.008649 0.981207 -0.191028 -0.027210 0.000000 0.533224 -0.845974 0.000000 0.538887 -0.842378 0.000000 0.525693 -0.850674 -0.994850 0.101304 0.003351 -0.995461 0.095114 0.003146 -0.996756 0.080007 0.008715 -0.995847 0.090510 0.009859 -0.992739 -0.120222 -0.003977 -0.993196 -0.116391 -0.003850 -0.994823 -0.101030 -0.011005 -0.993348 -0.114475 -0.012470 0.000000 -0.461259 0.887265 0.000000 -0.691482 0.722394 0.000000 -0.666892 0.745154 0.982343 -0.172596 -0.072193 0.965069 -0.241704 -0.101099 0.990287 -0.128268 -0.053652 0.000000 0.660563 -0.750770 0.000000 0.650503 -0.759504 0.000000 0.665882 -0.746057 -0.998631 0.049343 0.017345 -0.997672 0.064340 0.022617 -0.997642 -0.064750 -0.022760 -0.995483 -0.089565 -0.031484 0.000000 -0.582684 0.812699 0.000000 -0.808396 0.588638 0.000000 -0.776054 0.630666 0.995630 -0.068428 -0.063554 0.987512 -0.115437 -0.107215 0.996890 -0.057747 -0.053633 
						0.993529 -0.083222 -0.077294 0.000000 0.765503 -0.643432 0.000000 0.747517 -0.664242 0.000000 0.791103 -0.611683 -0.999690 0.018875 0.016244 -0.999062 0.032826 0.028250 -0.999278 -0.028796 -0.024782 -0.997695 -0.051436 -0.044266 0.000000 -0.713460 0.700696 0.000000 -0.895238 0.445589 0.000000 -0.866947 0.498401 0.999998 -0.000963 -0.001968 0.998846 -0.021108 -0.043145 0.999506 -0.013811 -0.028229 0.998431 -0.024606 -0.050294 0.000000 0.848182 -0.529705 0.000000 0.830475 -0.557056 0.000000 0.888710 -0.458470 -1.000000 -0.000384 -0.000881 -0.999819 0.007607 0.017449 -0.999963 -0.003455 -0.007925 -0.999304 -0.014911 -0.034201 0.000000 -0.829083 0.559126 0.000000 -0.938689 -0.344765 0.000000 -0.958575 -0.284840 -0.999937 -0.001379 0.011102 -0.999998 -0.000219 0.001760 -0.999992 -0.000159 0.004130 -0.999983 0.000228 -0.005907 -0.999739 -0.002815 0.022668 -0.999547 -0.001161 0.030082 0.000000 0.914784 0.403943 0.000000 0.939640 0.342165 -0.000003 0.919757 0.392489 -0.000003 0.941087 0.338165 -0.000003 0.971011 0.239036 -0.000003 0.957361 0.288895 0.999706 -0.004065 0.023904 0.999989 -0.000780 0.004586 0.999933 0.000545 -0.011543 0.999997 -0.000113 0.002400 0.999918 0.002154 -0.012657 0.999183 0.006778 -0.039850 0.998463 0.002617 -0.055354 0.999137 0.001962 -0.041490 0.000000 -0.931906 -0.362699 0.000000 -0.544887 -0.838509 0.000000 -0.543736 -0.839256 -0.988839 -0.148908 0.004922 -0.990242 -0.139282 0.004604 -0.992872 -0.118486 0.012891 -0.991193 -0.131651 0.014324 -0.997610 0.069063 -0.002282 -0.997291 0.073516 -0.002429 -0.997735 0.066875 -0.007275 -0.997389 0.071788 -0.007809 0.000000 0.569268 0.822152 0.000000 0.444853 0.895604 -0.000001 0.583146 0.812367 -0.000001 0.528684 0.848819 0.970966 -0.239034 0.009356 0.973208 -0.229749 0.008993 0.977413 -0.209224 0.029812 0.974439 -0.222406 0.031691 
						0.944038 -0.329585 0.012901 0.947572 -0.319297 0.012498 0.955385 -0.292411 0.041666 0.949876 -0.309500 0.044101 0.000000 -0.538407 -0.842685 0.000000 -0.681749 -0.731586 0.000000 -0.673483 -0.739202 -0.996465 -0.079267 0.027830 -0.994900 -0.095172 0.033414 -0.999024 0.041684 -0.014634 -0.998074 0.058539 -0.020551 -0.000001 0.702782 0.711405 -0.000000 0.572513 0.819896 -0.000002 0.699453 0.714679 -0.000002 0.645015 0.764170 0.986081 -0.153384 0.064165 0.982201 -0.173282 0.072489 0.973807 -0.209760 0.087752 0.965606 -0.239866 0.100347 0.000000 -0.654890 -0.755725 0.000000 -0.805038 -0.593223 0.000000 -0.785953 -0.618287 -0.998680 -0.038954 0.033496 -0.997556 -0.052976 0.045555 -0.999802 0.015109 -0.012992 -0.999106 0.032053 -0.027564 -0.000001 0.794553 0.607195 -0.000001 0.705038 0.709169 -0.000001 0.797732 0.603013 -0.000001 0.751478 0.659758 0.994408 -0.077377 0.071867 0.991056 -0.097776 0.090814 0.992106 -0.091881 0.085342 0.985165 -0.125738 0.116789 0.000000 -0.764755 -0.644322 0.000000 -0.899061 -0.437824 0.000000 -0.872252 -0.489056 -0.999814 -0.007711 0.017700 -0.999130 -0.016653 0.038230 -0.999993 -0.001509 0.003463 -0.999840 0.007145 -0.016404 -0.000000 0.868535 0.495628 -0.000000 0.822134 0.569294 -0.000002 0.876605 0.481210 -0.000001 0.843803 0.536653 0.998937 -0.020256 0.041400 0.997284 -0.032368 0.066154 0.999755 -0.009734 0.019902 0.997652 -0.030099 0.061523 0.000000 -0.859006 -0.511966 -0.000261 -0.996354 -0.085313 -0.000122 -0.999203 -0.039916 0.000351 -0.993430 0.114437 0.000212 -0.997599 0.069252 -0.999879 0.000042 -0.015571 -1.000000 -0.000001 0.000527 -0.999565 -0.000080 0.029490 -0.999911 -0.000036 0.013339 -0.999663 -0.000071 0.025977 -0.999949 -0.000027 0.010112 -0.999830 0.000050 -0.018420 -0.999997 0.000007 -0.002498 -0.000333 0.994043 0.108987 -0.000199 0.997880 0.065082 
						0.000298 0.995223 -0.097624 0.000146 0.998858 -0.047778 -0.000113 0.999321 0.036834 0.000401 0.991369 -0.131104 0.999829 -0.000047 -0.018478 0.999934 -0.000029 -0.011514 0.999999 0.000003 0.001016 0.999982 -0.000015 -0.005973 0.998941 -0.000114 -0.046007 0.999868 -0.000039 -0.016261 0.999306 0.000096 0.037261 0.999973 0.000021 0.007403 -0.000338 -0.993879 -0.110473 0.000134 -0.999040 0.043806 
					</float_array>
					<technique_common>
						<accessor count="1038" offset="0" source="#meshId2-tangents-array" stride="3">
							<param name="X" type="float" />
							<param name="Y" type="float" />
							<param name="Z" type="float" />
						</accessor>
					</technique_common>
				</source>
				<source id="meshId2-bitangents" name="meshId2-bitangents">
					<float_array id="meshId2-bitangents-array" count="3114"> 
						0.782411 0.008194 0.622709 0.606773 0.000352 0.794875 -0.582748 -0.009376 -0.812599 -0.400484 0.154376 -0.903206 0.381800 -0.007773 0.924212 -0.725014 -0.171991 -0.666914 0.332453 -0.011796 0.943046 -0.809527 -0.325436 -0.488628 0.428909 -0.013417 0.903248 -0.831902 -0.463295 -0.305445 0.586058 -0.014135 0.810146 -0.801033 -0.581354 -0.142735 0.750167 -0.014494 0.661090 -0.735399 -0.677402 -0.017735 0.887287 -0.014688 0.460984 -0.657669 -0.750648 0.063242 0.974847 -0.014792 0.222384 -0.589340 -0.801069 0.104725 0.999216 -0.014842 -0.036715 -0.546455 -0.828858 0.119919 0.954913 -0.014851 -0.296515 -0.536497 -0.834085 0.128347 0.907606 -0.014570 -0.419570 -0.560294 -0.815721 0.143772 -0.680550 0.014574 0.732557 -0.577118 0.014851 0.816526 0.287968 0.834088 -0.470501 0.313752 0.816738 -0.484251 -0.344331 0.014842 0.938731 0.283388 0.828806 -0.482465 -0.089961 0.014792 0.995835 0.282876 0.800783 -0.527947 0.164644 0.014688 0.986244 0.266703 0.749335 -0.606108 0.398358 0.014499 0.917115 0.216282 0.673979 -0.706381 0.592340 0.014152 0.805564 0.119792 0.574731 -0.809527 0.731778 0.013466 0.681409 -0.024211 0.452705 -0.891332 0.804061 0.011943 0.594427 -0.204939 0.310850 -0.928101 -0.707114 -0.013234 0.706975 -0.707129 -0.010503 0.707007 -0.707166 -0.006744 0.707015 -0.707168 -0.002325 0.707042 -0.707180 0.002322 0.707030 -0.707163 0.006741 0.707018 -0.707131 0.010502 0.707004 -0.707114 0.013233 0.706976 -0.707098 0.014669 0.706963 -0.707095 0.014670 0.706966 -0.707112 0.013234 0.706978 -0.707132 0.010503 0.707004 -0.707155 0.006744 0.707026 -0.707176 0.002325 0.707034 -0.707165 -0.002323 0.707045 -0.707159 -0.006742 0.707023 -0.707131 -0.010502 0.707004 -0.707113 -0.013233 0.706976 -0.707091 -0.014669 0.706970 -0.707097 -0.014670 0.706964 -0.590637 0.002814 -0.806932 -0.442976 0.116766 -0.888897 
						-0.713801 -0.111359 -0.691438 -0.802939 -0.221534 -0.553364 -0.854321 -0.323796 -0.406561 -0.870640 -0.414696 -0.264602 -0.859991 -0.491359 -0.137776 -0.833508 -0.551630 -0.031146 -0.802474 -0.594055 0.055988 -0.775644 -0.617746 0.129483 -0.757633 -0.622304 0.196801 -0.762684 -0.602048 0.236330 0.421220 0.622300 -0.659785 0.464206 0.602865 -0.648896 0.360781 0.617926 -0.698573 0.298047 0.594678 -0.746677 0.223788 0.552885 -0.802644 0.129726 0.493427 -0.860059 0.011734 0.417731 -0.908495 -0.128692 0.327819 -0.935934 -0.284251 0.226385 -0.931639 -0.120914 0.991073 0.056169 -0.107013 0.991200 0.077910 0.041975 0.998658 -0.030344 0.054209 0.998529 -0.000753 -0.090592 0.991076 0.097778 0.017664 0.998533 -0.051180 -0.071079 0.990701 0.116016 -0.014143 0.998156 -0.059027 -0.047670 0.990074 0.132218 -0.047579 0.997527 -0.051735 -0.019652 0.989195 0.145285 -0.076321 0.996645 -0.029553 0.013261 0.988065 0.153465 -0.094520 0.995511 0.004852 0.050556 0.986685 0.154587 -0.097650 0.994125 0.046685 0.090748 0.985054 0.146403 -0.083251 0.992489 0.089643 0.131295 0.983172 0.127020 -0.051377 0.990599 0.126782 0.168728 0.981042 0.095329 -0.004713 0.988462 0.151397 0.206046 0.976594 0.061718 0.042383 0.988442 0.145553 0.004816 0.976549 -0.215240 -0.038725 0.981007 -0.190069 -0.145646 0.988425 -0.042452 -0.125489 0.988403 -0.085506 -0.080457 0.983142 -0.164190 -0.136674 0.990570 0.009611 -0.111441 0.985026 -0.131543 -0.111223 0.992462 0.051473 -0.131644 0.986660 -0.095770 -0.074819 0.994101 0.078521 -0.142057 0.988045 -0.059886 -0.034022 0.995492 0.088537 -0.144383 0.989180 -0.026015 0.004381 0.996630 0.081910 -0.140554 0.990062 0.004713 0.034426 0.997515 0.061468 -0.132301 0.990693 0.031981 0.051769 0.998149 0.031929 -0.149574 0.988235 0.031942 -0.137353 0.988612 0.061486 0.039989 0.999193 0.003885 
						0.036817 0.998811 0.031969 -0.156944 0.987607 -0.000696 0.020193 0.998175 0.056918 -0.158273 0.986730 -0.036235 -0.007760 0.997285 0.073222 -0.152073 0.985602 -0.073902 -0.042889 0.996143 0.076547 -0.136804 0.984226 -0.112182 -0.079550 0.994748 0.064402 -0.111258 0.982601 -0.148720 -0.111389 0.993102 0.036607 -0.074966 0.980726 -0.180433 -0.132272 0.991203 -0.004561 -0.028477 0.978604 -0.203770 -0.137109 0.989053 -0.054552 0.017138 0.973712 -0.227138 -0.114973 0.988695 -0.096244 0.184927 0.978639 0.089820 0.221177 0.973755 0.053687 0.055866 0.988730 0.138897 0.009435 0.989088 0.147021 0.148442 0.980757 0.126812 -0.036537 0.991235 0.126959 0.107138 0.982627 0.151545 -0.069165 0.993129 0.094401 0.064562 0.984249 0.164579 -0.085686 0.994772 0.055552 0.023495 0.985622 0.167323 -0.085856 0.996163 0.016990 -0.014212 0.986746 0.161651 -0.071796 0.997302 -0.015325 -0.047597 0.987619 0.149479 -0.047647 0.998186 -0.036794 -0.076358 0.988243 0.132461 -0.018800 0.998818 -0.044821 -0.100719 0.988616 0.111776 0.008860 0.999196 -0.039089 -0.120993 0.988739 0.088067 0.029880 0.999321 -0.021543 0.003200 -0.020286 -0.999789 -0.306828 -0.014368 -0.951656 -0.308887 0.004602 -0.951088 -0.000047 -0.001628 -0.999999 0.312828 -0.026117 -0.949451 0.308793 -0.007794 -0.951097 0.591541 -0.031802 -0.805648 0.587402 -0.013970 -0.809174 0.811892 -0.037194 -0.582621 0.808514 -0.020066 -0.588135 0.952243 -0.042005 -0.302437 0.950498 -0.026133 -0.309630 0.998931 -0.045660 0.007203 0.999474 -0.032423 -0.000936 0.947707 -0.046801 0.315691 0.950642 -0.040332 0.307657 0.804488 -0.041241 0.592535 0.808663 -0.057187 0.585487 0.584061 -0.027409 0.811247 0.586909 -0.106945 0.802559 0.314594 0.038760 0.948434 0.591509 0.031524 0.805682 0.580327 0.124218 0.804854 0.305969 0.077294 0.948898 0.005809 0.036826 0.999305 
						-0.001850 0.064068 0.997944 -0.303975 0.032493 0.952126 -0.310067 0.055795 0.949076 -0.584095 0.027166 0.811230 -0.588223 0.048786 0.807226 -0.806841 0.021415 0.590380 -0.809011 0.042239 0.586274 -0.950184 0.015509 0.311305 -0.950764 0.035901 0.307831 -0.999953 0.009555 0.001507 -0.999563 0.029565 -0.000854 -0.951224 0.003573 -0.308479 -0.950590 0.023296 -0.309574 -0.808790 -0.002422 -0.588093 -0.808609 0.017056 -0.588098 -0.586691 -0.008410 -0.809767 -0.587498 0.010847 -0.809153 -0.140366 0.989585 0.031924 -0.128606 0.989963 0.058603 0.048475 0.998824 0.001057 0.045759 0.998443 0.031894 -0.148193 0.988956 0.002142 0.028718 0.997809 0.059600 -0.150842 0.988077 -0.030825 -0.000474 0.996923 0.078383 -0.146693 0.986947 -0.066461 -0.037539 0.995785 0.083685 -0.133999 0.985567 -0.103453 -0.076663 0.994394 0.072829 -0.111303 0.983937 -0.139566 -0.111244 0.992751 0.045499 -0.077848 0.982058 -0.171763 -0.134858 0.990857 0.003931 -0.033903 0.979929 -0.196441 -0.142177 0.988711 -0.047287 0.010618 0.975275 -0.220739 -0.121226 0.988557 -0.089775 0.176309 0.979949 0.092812 0.213143 0.975298 0.058008 0.047839 0.988577 0.142925 0.000992 0.988732 0.149693 0.139301 0.982075 0.126981 -0.045413 0.990875 0.126907 0.098385 0.983953 0.148853 -0.077605 0.992767 0.091604 0.057064 0.985580 0.159298 -0.092871 0.994407 0.050291 0.017995 0.986958 0.159968 -0.091086 0.995795 0.009766 -0.017156 0.988086 0.152941 -0.074560 0.996932 -0.023816 -0.047688 0.988963 0.140279 -0.047654 0.997817 -0.045731 -0.073597 0.989589 0.123680 -0.016058 0.998448 -0.053333 -0.095361 0.989965 0.104287 0.014087 0.998826 -0.046349 -0.113576 0.990089 0.082605 0.037081 0.998951 -0.026852 0.336819 0.938366 -0.077595 0.255598 0.923496 -0.286051 -0.310159 0.004191 -0.950675 -0.004611 0.016048 -0.999861 0.338777 0.939603 0.048754 
						0.301271 0.027868 -0.953131 0.304785 0.939820 0.154415 0.578055 0.039700 -0.815031 0.243049 0.939762 0.240363 0.799150 0.051529 -0.598919 0.160231 0.939571 0.302543 0.943364 0.063345 -0.325656 0.063527 0.939304 0.337154 0.996940 0.075125 -0.021587 -0.040868 0.939118 0.341156 0.954877 0.087486 0.283826 -0.157911 0.940029 0.302339 0.822284 0.110060 0.558334 0.365125 -0.928716 -0.064581 0.621097 0.196963 0.758581 0.341097 -0.939131 -0.041049 0.202257 -0.934668 -0.292384 0.519112 -0.225091 0.824535 0.271873 -0.126138 0.954030 0.336690 -0.938021 0.082197 -0.029563 -0.102884 0.994254 0.296166 -0.938327 0.178402 -0.332334 -0.090326 0.938827 0.229767 -0.938704 0.256985 -0.604066 -0.078479 0.793061 0.143019 -0.939020 0.312710 -0.818330 -0.066684 0.570867 0.042627 -0.939231 0.340629 -0.954380 -0.054944 0.293497 -0.063799 -0.939286 0.337151 -0.998994 -0.043106 -0.012385 -0.169491 -0.938980 0.299314 -0.947775 -0.031278 -0.317401 -0.271204 -0.937317 0.218825 -0.805565 -0.019455 -0.592188 -0.407323 -0.913279 -0.002917 -0.585993 -0.007630 -0.810280 0.237916 0.971255 0.007765 0.227591 0.971275 -0.069477 -0.305099 0.946624 0.104010 -0.322300 0.946600 0.008453 0.222781 0.971223 0.084235 -0.310301 0.946562 -0.087937 0.183770 0.971178 0.151794 -0.270173 0.946510 -0.176423 0.125023 0.971122 0.203203 -0.205507 0.946446 -0.249014 0.052772 0.971053 0.232960 -0.122098 0.946368 -0.299133 -0.025302 0.970973 0.237847 -0.027343 0.946279 -0.322193 -0.100566 0.970891 0.217389 0.070905 0.946203 -0.315708 -0.164636 0.970826 0.174331 0.160621 0.946036 -0.281454 -0.183235 0.971165 0.152521 0.212416 0.943538 -0.254195 -0.216340 0.970794 0.103713 -0.191438 0.971283 0.141279 0.317326 0.942039 -0.108930 0.317615 0.946002 -0.064813 -0.237825 0.970887 0.028584 0.322163 0.946200 0.030260 -0.233625 0.971005 -0.050684 
						0.298436 0.946315 0.124189 -0.204384 0.971084 -0.123378 0.247740 0.946403 0.207237 -0.153421 0.971148 -0.182576 0.174669 0.946475 0.271433 -0.086156 0.971199 -0.222149 0.085876 0.946535 0.310962 -0.009785 0.971238 -0.237911 -0.010614 0.946580 0.322295 0.067556 0.971265 -0.228211 -0.106063 0.946611 0.304430 0.137609 0.971281 -0.194108 -0.191868 0.946629 0.259000 0.192922 0.971284 -0.139245 -0.260270 0.946633 0.190120 -0.001733 -0.009103 -0.999957 -0.310778 -0.009811 -0.950432 0.277064 -0.866977 -0.414231 0.383356 -0.848926 -0.363818 0.307500 -0.008325 -0.951512 0.489175 -0.811500 -0.319649 0.586595 -0.007620 -0.809845 0.618409 -0.730376 -0.290036 0.808225 -0.006898 -0.588833 0.801457 -0.522761 -0.290495 0.950678 -0.006122 -0.310119 0.959411 -0.134569 -0.247835 0.999984 -0.005594 -0.001065 0.868006 0.452549 -0.204362 0.951395 -0.006064 0.307912 0.496255 0.835619 -0.235525 0.810941 -0.018478 0.584836 0.269046 0.910864 -0.312954 0.600852 -0.107969 0.792035 0.438187 0.894911 -0.084419 0.309863 -0.004700 0.950769 0.574955 0.072815 0.814939 -0.211519 -0.893768 0.395522 -0.367235 -0.908839 0.197862 0.003006 -0.015789 0.999871 -0.409149 -0.906065 0.107901 -0.306133 -0.015705 0.951859 -0.428828 -0.903386 -0.000330 -0.585414 -0.014955 0.810596 -0.413811 -0.901962 -0.123386 -0.807340 -0.014226 0.589915 -0.364162 -0.900410 -0.238009 -0.950175 -0.013462 0.311425 -0.285488 -0.898373 -0.333800 -0.999916 -0.012741 0.002425 -0.184705 -0.895701 -0.404480 -0.951692 -0.012017 -0.306819 -0.071091 -0.891908 -0.446593 -0.810221 -0.011237 -0.586017 0.050764 -0.887299 -0.458393 -0.589374 -0.010527 -0.807792 0.167533 -0.879620 -0.445198 -0.003547 -0.023080 -0.999727 -0.311435 -0.016860 -0.950118 -0.308955 -0.001262 -0.951076 0.000369 -0.007301 -0.999973 0.304601 -0.029281 -0.952030 0.309633 -0.013384 -0.950762 0.582987 -0.035538 -0.811704 
						0.588470 -0.019467 -0.808285 0.804503 -0.041910 -0.592468 0.809513 -0.025726 -0.586538 0.947598 -0.048595 -0.315746 0.951064 -0.032291 -0.307303 0.998377 -0.056293 -0.008652 0.999208 -0.039749 0.002009 0.952052 -0.066977 0.298515 0.949114 -0.049514 0.311017 0.813696 -0.084827 0.575068 0.805477 -0.063699 0.589194 0.598970 -0.132845 0.789675 0.583633 -0.068085 0.809158 0.296825 0.076982 0.951824 0.566858 0.128304 0.813763 0.589190 0.075943 0.804418 0.311877 0.080284 0.946724 -0.007833 0.050963 0.998670 0.003333 0.065935 0.997818 -0.314290 0.037608 0.948582 -0.306053 0.052691 0.950555 -0.591090 0.028557 0.806100 -0.585457 0.043369 0.809543 -0.810746 0.021187 0.585015 -0.807424 0.035958 0.588875 -0.951644 0.014533 0.306859 -0.950188 0.029331 0.310293 -0.999966 0.008114 -0.001247 -0.999732 0.023099 0.001168 -0.950970 0.001801 -0.309279 -0.951184 0.016958 -0.308157 -0.809411 -0.004448 -0.587226 -0.809292 0.010868 -0.587306 -0.589075 -0.010648 -0.808008 -0.587974 0.004778 -0.808865 -0.587799 0.000129 -0.809007 -0.327676 0.193939 -0.924671 0.310391 0.030861 0.950108 0.588314 0.013986 0.808511 -0.778211 -0.193708 -0.597381 0.808924 -0.002918 0.587906 -0.863654 -0.377841 -0.333673 0.950564 -0.019456 0.309919 -0.835825 -0.544165 -0.072670 0.999344 -0.036175 0.001876 -0.713948 -0.686960 0.135515 0.950565 -0.053012 -0.305966 -0.537337 -0.802983 0.257850 0.809169 -0.069719 -0.583426 -0.353824 -0.890970 0.284571 0.589206 -0.086512 -0.803338 -0.207808 -0.951095 0.228547 0.312451 -0.103136 -0.944318 -0.131404 -0.983993 0.120379 0.006150 -0.118587 -0.992925 -0.139392 -0.990237 -0.001069 -0.301065 -0.117596 -0.946325 -0.194227 -0.979938 -0.044692 -0.589275 0.074307 -0.804508 0.042815 0.990277 -0.132356 0.019025 0.980312 -0.196538 -0.582299 -0.082676 -0.808760 -0.806695 0.121734 -0.578294 0.154261 0.984098 -0.088060 
						-0.943579 0.142743 -0.298803 0.280435 0.951427 -0.127056 -0.991421 0.130529 0.006770 0.378954 0.891480 -0.248308 -0.942975 0.114294 0.312625 0.410576 0.803563 -0.430945 -0.802165 0.097634 0.589067 0.349105 0.687549 -0.636712 -0.582448 0.081014 0.808820 0.189004 0.544667 -0.817077 -0.305199 0.064380 0.950110 -0.050502 0.378166 -0.924359 0.002467 0.047560 0.998865 -0.142166 0.988739 0.046734 -0.149650 0.988739 0.000939 0.000506 0.013739 -0.999906 -0.308542 0.012814 -0.951124 -0.142745 0.988738 -0.044950 0.309503 0.014827 -0.950783 -0.122112 0.988738 -0.086523 0.588181 0.015707 -0.808576 -0.089741 0.988737 -0.119775 0.809265 0.016618 -0.587209 -0.048735 0.988736 -0.141515 0.951109 0.017704 -0.308349 -0.003019 0.988735 -0.149648 0.999835 0.018149 0.000669 0.043096 0.988734 -0.143347 0.950776 0.015101 0.309511 0.084838 0.988732 -0.123337 0.809300 -0.022678 0.586958 0.104724 0.988359 -0.110359 0.578495 -0.233349 0.781596 0.138185 0.988317 -0.064293 0.143671 0.988730 -0.042096 0.308122 0.023167 0.951065 0.565926 0.225346 0.793062 0.149649 0.988734 0.003235 -0.000197 0.005355 0.999986 0.141448 0.988735 0.048941 -0.309195 0.005208 0.950984 0.119641 0.988736 0.089926 -0.587957 0.006121 0.808869 0.086336 0.988737 0.122249 -0.809149 0.007047 0.587561 0.044727 0.988738 0.142817 -0.951118 0.008095 0.308723 -0.001168 0.988738 0.149649 -0.999959 0.009025 -0.000333 -0.046954 0.988739 0.142094 -0.950896 0.009930 -0.309351 -0.088224 0.988739 0.120878 -0.808728 0.011032 -0.588079 -0.121012 0.988739 0.088041 -0.587388 0.011929 -0.809217 0.306910 0.013838 0.951638 -0.002328 0.014760 0.999888 -0.311355 0.015844 0.950162 -0.589862 0.016939 0.807326 -0.810556 0.018052 0.585383 -0.951805 0.018961 0.306117 -0.999790 0.020237 -0.003192 -0.949671 0.023100 -0.312398 -0.803939 0.045502 -0.592968 
						-0.537108 0.248708 -0.806014 -0.600338 -0.257072 -0.757303 -0.315402 -0.044664 -0.947906 -0.000191 -0.001212 -0.999999 0.309748 0.004898 -0.950806 0.588578 0.006316 -0.808416 0.809681 0.007414 -0.586823 0.951437 0.008533 -0.307725 0.999953 0.009622 0.001518 0.950478 0.010712 0.310606 0.807881 0.011642 0.589230 0.586112 0.012734 0.810130 -0.312571 0.027224 -0.949504 -0.005973 0.042110 -0.999095 0.045782 0.998951 -0.000545 0.043450 0.998951 -0.014429 0.300817 0.056984 -0.951978 0.043787 0.998951 0.013391 0.577995 0.071824 -0.812873 0.037651 0.998951 0.026067 0.798692 0.086627 -0.595472 0.027954 0.998951 0.036281 0.941609 0.101412 -0.321073 0.015610 0.998950 0.043067 0.993093 0.116164 -0.016477 0.001797 0.998950 0.045783 0.948370 0.131798 0.288486 -0.012183 0.998949 0.044181 0.811560 0.163147 0.561029 -0.025346 0.998950 0.038176 0.589910 0.350789 0.727292 -0.031906 0.998913 0.033972 0.509061 -0.351789 0.785558 0.283772 -0.157840 0.945812 -0.044220 0.998949 0.012063 -0.042615 0.998906 0.019231 -0.015609 -0.110041 0.993804 -0.045783 0.998949 -0.002036 -0.320097 -0.092058 0.942902 -0.043016 0.998950 -0.015766 -0.594839 -0.076997 0.800149 -0.036192 0.998950 -0.028076 -0.812602 -0.062100 0.579502 -0.025949 0.998951 -0.037738 -0.952044 -0.047359 0.302273 -0.013250 0.998951 -0.043834 -0.999466 -0.032344 -0.004587 0.000695 0.998951 -0.045783 -0.950144 -0.017445 -0.311322 0.014571 0.998951 -0.043405 -0.808801 -0.002549 -0.588077 0.027072 0.998951 -0.036922 -0.589158 0.012351 -0.807924 0.037010 0.998951 -0.026950 -0.891038 0.000000 0.453929 -0.891041 0.000000 0.453923 -0.891041 0.000000 0.453923 -0.891039 0.000000 0.453926 -0.891043 0.000000 0.453920 -0.891043 0.000000 0.453918 -0.891039 0.000000 0.453927 -0.522549 0.000000 0.852609 -0.891055 0.000000 0.453895 -0.891024 0.000000 0.453956 
						-0.891038 0.000001 0.453930 -0.891036 0.000001 0.453932 -0.891029 0.000001 0.453946 -0.891032 0.000001 0.453941 -0.891015 0.000001 0.453973 -0.891023 0.000001 0.453958 -0.891040 0.000000 0.453925 -0.891041 0.000000 0.453923 -0.891042 0.000000 0.453921 -0.891040 0.000000 0.453925 -0.891044 0.000000 0.453917 -0.891055 0.000000 0.453895 -0.891028 0.000000 0.453949 -0.891027 0.000000 0.453950 -0.891027 0.000000 0.453950 -0.891045 0.000000 0.453915 -0.891043 0.000000 0.453919 -0.891044 0.000000 0.453918 -0.891066 -0.000001 0.453874 -0.891145 -0.000001 0.453719 -0.891046 -0.000001 0.453914 -0.891040 -0.000000 0.453924 -0.891031 -0.000000 0.453943 -0.891034 -0.000000 0.453937 -0.891064 0.000000 0.453878 -0.891089 0.000000 0.453828 -0.891093 0.000000 0.453821 -0.891066 0.000000 0.453874 -0.891096 -0.000001 0.453814 -0.891068 -0.000001 0.453869 -0.891023 -0.000001 0.453958 -0.891051 0.000000 0.453904 -0.891044 0.000000 0.453918 -0.891032 0.000000 0.453941 -0.891036 0.000000 0.453932 -0.891041 -0.000000 0.453923 -0.891041 -0.000000 0.453923 -0.891066 0.000000 0.453875 -0.891033 0.000000 0.453938 -0.891056 0.000000 0.453894 -0.890963 0.000000 0.454077 -0.891021 0.000000 0.453963 -0.891050 -0.000000 0.453906 -0.891047 -0.000000 0.453910 -0.891042 -0.000000 0.453921 -0.891044 -0.000000 0.453918 -0.891040 0.000000 0.453925 -0.891022 0.000000 0.453960 -0.891016 0.000001 0.453971 -0.890933 0.000001 0.454136 -0.891032 0.000000 0.453940 -0.891035 0.000000 0.453934 -0.891046 0.000000 0.453912 -0.891039 0.000000 0.453928 -0.891012 0.000000 0.453980 0.000000 1.000000 0.000157 0.000000 1.000000 0.000162 0.000000 1.000000 0.000162 0.000000 1.000000 0.000157 -0.000158 1.000000 0.000000 -0.000158 1.000000 0.000000 -0.000158 1.000000 0.000000 -0.000158 1.000000 0.000000 0.000000 1.000000 0.000166 
						0.000000 1.000000 0.000166 0.000158 1.000000 0.000000 0.000158 1.000000 0.000000 0.000158 1.000000 0.000000 0.000158 1.000000 0.000000 0.000160 1.000000 -0.000000 0.000160 1.000000 -0.000000 0.000000 1.000000 -0.000167 0.000000 1.000000 -0.000166 0.000000 1.000000 -0.000166 0.000000 1.000000 -0.000167 0.000000 1.000000 -0.000158 0.000000 1.000000 -0.000158 -0.000159 1.000000 0.000000 -0.000159 1.000000 0.000000 0.000000 0.000000 -1.000000 0.000000 0.000000 -1.000000 0.000000 0.000000 -1.000000 0.000000 0.000000 -1.000000 1.000000 0.000000 -0.000002 1.000000 0.000000 -0.000002 1.000000 0.000000 -0.000002 1.000000 0.000000 -0.000002 0.000000 0.000000 -1.000000 0.000000 0.000000 -1.000000 -1.000000 -0.000000 -0.000000 -1.000000 -0.000000 -0.000000 -1.000000 -0.000013 -0.000000 -1.000000 -0.000000 -0.000000 -1.000000 -0.000215 -0.000000 -1.000000 -0.000240 -0.000000 0.000000 0.000000 1.000000 0.000000 0.000000 1.000000 0.000000 0.000000 1.000000 0.000000 0.000000 1.000000 0.000000 0.000000 1.000000 0.000000 0.000000 1.000000 1.000000 0.000000 0.000000 1.000000 0.000000 0.000000 -0.987118 0.159206 0.015829 -0.987119 0.159206 0.015817 -0.987119 0.159206 0.015819 -0.987118 0.159206 0.015828 -1.000000 0.000000 0.000000 -1.000000 0.000005 -0.000026 -1.000000 0.000008 -0.000038 -1.000000 0.000001 -0.000005 -0.987118 0.159206 0.015830 -0.987118 0.159206 0.015842 -0.999554 0.005240 0.029395 -0.999551 0.005261 0.029512 -0.999550 0.005266 0.029542 -0.999554 0.005244 0.029414 -0.999550 0.005267 0.029544 -0.999550 0.005266 0.029541 -0.999550 0.005266 0.029539 -0.987117 -0.159206 -0.015932 -0.987117 -0.159206 -0.015914 -0.987117 -0.159206 -0.015920 -0.987117 -0.159206 -0.015936 -0.987117 -0.159206 -0.015891 -0.987117 -0.159206 -0.015896 -1.000000 0.000005 -0.000027 -1.000000 0.000005 -0.000024 
						-0.987028 0.159968 0.013667 -0.987027 0.159968 0.013693 -0.987027 0.159968 0.013696 -0.987028 0.159968 0.013672 -1.000000 0.000116 -0.000645 -1.000000 0.000126 -0.000701 -1.000000 0.000130 -0.000727 -1.000000 0.000118 -0.000658 -0.987027 0.159968 0.013686 -0.987027 0.159968 0.013681 -0.999560 0.005847 0.029089 -0.999560 0.005847 0.029086 -0.999560 0.005847 0.029085 -0.999560 0.005847 0.029089 -0.999563 0.005826 0.028983 -0.999564 0.005817 0.028936 -0.999560 0.005843 0.029066 -0.987009 -0.159968 -0.014958 -0.987009 -0.159968 -0.014946 -0.987009 -0.159968 -0.014948 -0.987009 -0.159968 -0.014961 -0.987009 -0.159968 -0.014940 -0.987009 -0.159968 -0.014949 -1.000000 0.000103 -0.000574 -1.000000 0.000113 -0.000631 -1.000000 0.000116 -0.000645 -1.000000 0.000104 -0.000583 0.000000 0.920544 -0.390639 0.000000 0.923221 -0.384270 0.000000 0.898478 -0.439019 0.000000 0.896067 -0.443918 0.278953 0.960305 0.000000 0.317109 0.948389 0.000000 0.315419 0.948952 0.000000 0.276136 0.961118 0.000000 0.000000 0.923348 -0.383965 0.000000 0.899020 -0.437908 -0.166533 0.986036 0.000000 -0.163981 0.986463 0.000000 -0.161035 0.986949 0.000000 -0.163588 0.986529 0.000000 0.054085 0.998536 -0.000000 0.063128 0.998006 -0.000000 0.073557 0.997291 -0.000000 0.064521 0.997916 -0.000000 0.000000 0.959675 -0.281111 0.000000 0.932713 -0.360619 0.000000 0.898763 -0.438436 0.000000 0.933118 -0.359569 0.000000 0.914153 -0.405370 0.000000 0.879967 -0.475036 0.242285 0.970205 0.000000 0.238323 0.971186 0.000000 0.000000 -0.945247 -0.326355 0.000000 -0.922830 -0.385208 0.000000 -0.896138 -0.443776 0.000000 -0.922047 -0.387079 0.008891 -0.999960 0.000000 0.124673 -0.992198 0.000000 0.126678 -0.991944 0.000000 0.008295 -0.999966 0.000000 0.000000 -0.912679 -0.408678 0.000000 -0.888627 -0.458630 -0.341985 -0.939705 -0.000000 
						-0.292610 -0.956232 -0.000000 -0.278953 -0.960305 -0.000000 -0.327664 -0.944794 -0.000000 -0.244021 -0.969770 -0.000000 -0.231090 -0.972932 -0.000000 -0.000000 -0.923735 -0.383031 -0.000000 -0.932112 -0.362171 -0.000000 -0.906251 -0.422739 -0.000000 -0.898001 -0.439993 -0.000000 -0.936636 -0.350305 -0.000000 -0.911322 -0.411695 -0.102531 -0.994730 0.000000 -0.105725 -0.994395 0.000000 0.000000 0.220712 -0.975339 0.000000 0.206243 -0.978501 0.000000 0.146400 -0.989226 0.000000 0.159917 -0.987131 -0.054219 0.000004 -0.998529 -0.047940 0.000004 -0.998850 -0.045802 0.000004 -0.998951 -0.052081 0.000004 -0.998643 0.000000 0.157236 -0.987561 0.000000 0.100523 -0.994935 0.015079 0.000000 -0.999886 -0.007628 -0.000000 -0.999971 -0.007100 -0.000000 -0.999975 0.015043 0.000000 -0.999887 -0.027018 -0.000000 -0.999635 -0.025925 -0.000000 -0.999664 0.000000 0.240160 -0.970733 0.000000 0.189706 -0.981841 0.000000 0.129655 -0.991559 0.000000 0.170792 -0.985307 0.000002 0.196126 -0.980579 0.000002 0.149573 -0.988751 0.000002 0.127197 -0.991878 0.000002 0.173922 -0.984759 -0.011467 -0.000001 -0.999934 -0.016715 -0.000001 -0.999860 -0.018501 -0.000001 -0.999829 -0.013254 -0.000001 -0.999912 0.000000 -0.238077 -0.971246 0.000000 -0.203354 -0.979105 0.000000 -0.145909 -0.989298 0.000000 -0.172432 -0.985021 -0.006101 -0.000000 -0.999981 -0.029554 -0.000000 -0.999563 -0.029179 -0.000000 -0.999574 -0.006312 -0.000000 -0.999980 0.000000 -0.173447 -0.984843 0.000000 -0.121571 -0.992583 0.048139 0.000019 -0.998841 0.042056 0.000019 -0.999115 0.039973 0.000019 -0.999201 0.046056 0.000019 -0.998939 0.000065 0.000024 -1.000000 0.000785 0.000024 -1.000000 0.001032 0.000024 -0.999999 0.000312 0.000024 -1.000000 -0.000000 -0.287489 -0.957784 -0.000000 -0.237466 -0.971396 -0.000000 -0.162203 -0.986757 -0.000000 -0.215132 -0.976585 -0.000000 -0.168400 -0.985719 
						-0.000000 -0.108859 -0.994057 0.020779 0.000000 -0.999784 0.019982 0.000000 -0.999800 0.000000 -0.345865 -0.938284 0.000000 -0.300340 -0.953832 0.024469 -0.167519 -0.985565 0.043039 -0.167414 -0.984947 0.049090 -0.047119 -0.997682 0.044490 -0.047129 -0.997897 -0.018625 -0.167541 -0.985689 -0.006640 -0.167566 -0.985838 0.000064 -0.047178 -0.998886 -0.005960 -0.047177 -0.998869 -0.000000 -0.425186 -0.905106 -0.000000 -0.388799 -0.921323 0.000000 -0.302654 -0.953101 0.006594 -0.123431 -0.992331 0.018127 -0.123414 -0.992190 0.020906 -0.038605 -0.999036 0.018033 -0.038607 -0.999092 0.002373 -0.123436 -0.992350 -0.017309 -0.123417 -0.992204 -0.030060 -0.038597 -0.998803 -0.017908 -0.038608 -0.999094 0.000000 -0.395493 -0.918469 0.000000 -0.826107 -0.563513 0.000000 -0.839687 -0.543070 -0.350051 -0.936014 -0.036628 -0.314292 -0.948600 -0.037121 -0.251103 -0.958288 -0.136496 -0.325542 -0.936080 -0.133333 -0.246958 -0.968285 -0.037890 -0.221186 -0.974486 -0.038133 -0.192956 -0.971403 -0.138364 -0.000000 -0.845974 -0.533224 -0.000000 -0.842378 -0.538887 -0.000000 -0.850674 -0.525693 -0.101359 -0.994306 -0.032890 -0.095166 -0.994917 -0.032910 -0.080481 -0.990895 -0.107938 -0.091045 -0.989991 -0.107839 0.120288 -0.992196 -0.032820 0.116454 -0.992653 -0.032835 0.101628 -0.988972 -0.107728 0.115152 -0.987506 -0.107569 0.000000 -0.887265 -0.461259 0.000000 -0.722394 -0.691482 0.000000 -0.745154 -0.666892 -0.187086 -0.906260 -0.379067 -0.261995 -0.890324 -0.372401 -0.139037 -0.913588 -0.382132 -0.000000 -0.750770 -0.660563 -0.000000 -0.759504 -0.650503 -0.000000 -0.746057 -0.665882 -0.052303 -0.942117 -0.331181 -0.068199 -0.941211 -0.330863 0.068634 -0.941184 -0.330852 0.094938 -0.939147 -0.330136 0.000000 -0.812699 -0.582684 0.000000 -0.588638 -0.808396 0.000000 -0.630666 -0.776054 -0.093389 -0.729521 -0.677553 -0.157545 -0.723573 -0.672028 -0.078811 -0.730444 -0.678410 
						-0.113579 -0.727982 -0.676123 -0.000000 -0.643432 -0.765503 -0.000000 -0.664242 -0.747517 -0.000000 -0.611683 -0.791103 -0.024903 -0.757725 -0.652099 -0.043309 -0.757249 -0.651689 0.037991 -0.757412 -0.651831 0.067861 -0.756212 -0.650798 0.000000 -0.700696 -0.713460 0.000000 -0.445589 -0.895238 0.000000 -0.498401 -0.866947 -0.002191 -0.439464 -0.898258 -0.048032 -0.438958 -0.897223 -0.031427 -0.439248 -0.897816 -0.055991 -0.438775 -0.896851 -0.000000 -0.529705 -0.848182 -0.000000 -0.557056 -0.830475 0.000000 -0.458470 -0.888710 0.000961 -0.399639 -0.916672 -0.019035 -0.399566 -0.916507 0.008646 -0.399625 -0.916638 0.037310 -0.399362 -0.916034 0.000000 -0.559126 -0.829083 0.000000 0.344765 -0.938689 0.000000 0.284840 -0.958575 -0.011188 0.123246 -0.992313 -0.001773 0.123254 -0.992374 -0.004133 0.038578 -0.999247 0.005911 0.038577 -0.999238 -0.022842 0.123222 -0.992116 -0.030105 0.038560 -0.998803 0.000000 0.403943 -0.914784 0.000000 0.342165 -0.939640 -0.000001 0.392489 -0.919757 -0.000001 0.338165 -0.941087 -0.000001 0.239036 -0.971011 -0.000001 0.288895 -0.957361 0.024247 0.167582 -0.985560 0.004652 0.167629 -0.985839 -0.011556 0.047179 -0.998820 0.002403 0.047182 -0.998883 -0.012839 0.167617 -0.985769 -0.040423 0.167494 -0.985044 -0.055416 0.047112 -0.997351 -0.041537 0.047144 -0.998024 0.000000 0.362699 -0.931906 0.000000 0.838509 -0.544887 0.000000 0.839256 -0.543736 -0.148990 0.988299 -0.032667 -0.139358 0.989702 -0.032714 -0.119185 0.987047 -0.107390 -0.132428 0.985378 -0.107208 0.069101 0.997065 -0.032958 0.073557 0.996747 -0.032948 0.067270 0.991881 -0.107916 0.072212 0.991538 -0.107879 0.000000 0.822152 -0.569268 0.000000 0.895604 -0.444853 -0.000000 0.812367 -0.583146 -0.000000 0.848819 -0.528684 0.239217 0.970223 -0.037977 0.229925 0.972464 -0.038065 0.211337 0.967639 -0.137879 0.224653 0.964695 -0.137459 
						0.329837 0.943315 -0.036924 0.319541 0.946847 -0.037062 0.295364 0.945831 -0.134770 0.312626 0.940378 -0.133993 0.000000 0.842685 -0.538407 0.000000 0.731586 -0.681749 0.000000 0.739202 -0.673483 -0.084011 0.940202 -0.330094 -0.100868 0.938726 -0.329575 0.044178 0.942616 -0.330942 0.062042 0.941720 -0.330627 -0.000002 0.711405 -0.702782 -0.000002 0.819896 -0.572513 -0.000001 0.714679 -0.699453 -0.000001 0.764170 -0.645015 0.166265 0.909689 -0.380556 0.187834 0.906109 -0.379058 0.227375 0.898366 -0.375818 0.260010 0.890800 -0.372653 0.000000 0.755725 -0.654890 0.000000 0.593223 -0.805038 0.000000 0.618287 -0.785953 -0.051375 0.757210 -0.651148 -0.069869 0.756358 -0.650416 0.019927 0.758059 -0.651881 0.042275 0.757532 -0.651428 0.000000 0.607195 -0.794553 -0.000000 0.709169 -0.705038 0.000000 0.603013 -0.797732 0.000000 0.659758 -0.751478 0.105603 0.728611 -0.676738 0.133444 0.726155 -0.674457 0.125401 0.726925 -0.675170 0.171609 0.721839 -0.670447 0.000000 0.644322 -0.764755 0.000000 0.437824 -0.899061 0.000000 0.489056 -0.872252 -0.019307 0.399254 -0.916637 -0.041699 0.398981 -0.916011 -0.003778 0.399328 -0.916800 0.017892 0.399266 -0.916660 0.000002 0.495628 -0.868535 0.000002 0.569294 -0.822134 -0.000000 0.481210 -0.876605 0.000000 0.536653 -0.843803 0.046090 0.439028 -0.897290 0.073648 0.438302 -0.895806 0.022155 0.439387 -0.898025 0.068491 0.438464 -0.896135 0.000000 0.511966 -0.859006 -0.003052 0.085313 -0.996349 -0.003061 0.039917 -0.999198 -0.003043 -0.114438 -0.993426 -0.003056 -0.069252 -0.997594 0.015571 0.002719 -0.999875 -0.000527 0.002719 -0.999996 -0.029490 0.002718 -0.999561 -0.013339 0.002719 -0.999907 -0.025977 0.002717 -0.999659 -0.010112 0.002718 -0.999945 0.018420 0.002718 -0.999827 0.002498 0.002718 -0.999993 0.003039 0.108987 -0.994039 0.003051 0.065082 -0.997875 
						0.003042 -0.097625 -0.995219 0.003054 -0.047778 -0.998853 0.003055 0.036834 -0.999317 0.003031 -0.131105 -0.991364 -0.018478 -0.002519 -0.999826 -0.011514 -0.002519 -0.999931 0.001016 -0.002519 -0.999996 -0.005973 -0.002519 -0.999979 -0.046007 -0.002518 -0.998938 -0.016261 -0.002521 -0.999865 0.037261 -0.002519 -0.999302 0.007403 -0.002521 -0.999969 -0.003044 0.110473 -0.993874 -0.003060 -0.043806 -0.999035 
					</float_array>
					<technique_common>
						<accessor count="1038" offset="0" source="#meshId2-bitangents-array" stride="3">
							<param name="X" type="float" />
							<param name="Y" type="float" />
							<param name="Z" type="float" />
						</accessor>
					</technique_common>
				</source>
				<source id="meshId2-tex0" name="meshId2-tex0">
					<float_array id="meshId2-tex0-array" count="2076"> 
						0.323477 0.219144 0.327836 0.267033 0.305667 0.267103 0.301678 0.223180 0.323555 0.314929 0.301731 0.311031 0.310771 0.361286 0.289998 0.353545 0.289898 0.404607 0.270845 0.393273 0.261610 0.443493 0.244892 0.428933 0.226819 0.476689 0.212977 0.459372 0.186649 0.503123 0.176129 0.483608 0.142397 0.521940 0.135539 0.500859 0.095497 0.532527 0.092512 0.510562 0.047497 0.534540 0.048396 0.512381 0.000169 0.528236 0.004177 0.506184 0.000000 0.006180 0.047107 0.000008 0.048108 0.022040 0.003789 0.028046 0.095077 0.001923 0.092221 0.023892 0.141984 0.012431 0.135257 0.033553 0.186263 0.031175 0.175867 0.050755 0.226476 0.057542 0.212744 0.074947 0.261321 0.090681 0.244696 0.105347 0.289673 0.129521 0.270692 0.140975 0.310617 0.172808 0.289893 0.180680 0.533294 0.014593 0.571487 0.042336 0.599237 0.080523 0.613829 0.125417 0.613833 0.172622 0.599250 0.217519 0.571507 0.255712 0.533319 0.283462 0.488426 0.298054 0.441220 0.298058 0.396324 0.283475 0.358131 0.255732 0.330381 0.217544 0.315789 0.172651 0.315785 0.125445 0.330368 0.080549 0.358111 0.042356 0.396298 0.014606 0.441192 0.000014 0.488398 0.000010 0.291023 0.267070 0.287265 0.225768 
						0.287330 0.308378 0.276304 0.348358 0.258301 0.385719 0.233902 0.419255 0.203896 0.447884 0.169251 0.470681 0.131086 0.486910 0.090631 0.496051 0.049193 0.497827 0.008379 0.492051 0.048822 0.036652 0.007926 0.042314 0.090267 0.038395 0.130738 0.047480 0.168930 0.063651 0.203611 0.086393 0.233662 0.114975 0.258114 0.148473 0.276175 0.185806 0.347152 0.515846 0.385901 0.515535 0.385911 0.593360 0.348390 0.593661 0.424651 0.515836 0.423431 0.593652 0.463392 0.516750 0.460943 0.594537 0.502113 0.518275 0.498435 0.596014 0.540805 0.520412 0.535900 0.598083 0.579458 0.523160 0.573327 0.600743 0.618064 0.526518 0.610708 0.603995 0.656611 0.530485 0.648032 0.607836 0.695091 0.535061 0.685291 0.612267 0.733494 0.540244 0.722476 0.617286 0.771810 0.546033 0.759576 0.622891 0.000000 0.546127 0.038315 0.540328 0.049352 0.617367 0.012253 0.622982 0.076716 0.535136 0.086535 0.612339 0.115195 0.530551 0.123793 0.607900 0.153742 0.526574 0.161117 0.604049 0.192346 0.523206 0.198497 0.600788 0.230999 0.520449 0.235923 0.598119 0.269691 0.518303 0.273387 0.596041 0.308412 0.516768 0.310879 0.594555 0.310636 0.673824 0.346303 0.672974 0.347542 0.750790 
						0.313104 0.751610 0.274986 0.675237 0.278683 0.752974 0.239363 0.677213 0.244287 0.754882 0.203776 0.679751 0.209927 0.757333 0.168234 0.682852 0.175609 0.760327 0.132745 0.686513 0.141343 0.763862 0.097318 0.690735 0.107136 0.767938 0.061962 0.695515 0.072999 0.772554 0.026686 0.700854 0.038939 0.777709 0.702002 0.695437 0.737279 0.700767 0.725046 0.777625 0.690984 0.772478 0.666645 0.690665 0.656845 0.767871 0.631217 0.686452 0.622638 0.763803 0.595727 0.682799 0.588371 0.760276 0.560184 0.679707 0.554053 0.757291 0.524596 0.677178 0.519691 0.754848 0.488973 0.675210 0.485296 0.752949 0.453323 0.673806 0.450874 0.751593 0.417656 0.672965 0.416436 0.750781 0.381979 0.672688 0.381989 0.750513 0.885186 0.274428 0.884878 0.307859 0.807022 0.307362 0.807332 0.273466 0.885699 0.240995 0.807844 0.239574 0.886417 0.207561 0.808557 0.205689 0.887343 0.174122 0.809469 0.171815 0.888480 0.140668 0.810576 0.137959 0.889831 0.107184 0.811873 0.104136 0.891382 0.073636 0.813360 0.070381 0.893060 0.039949 0.815058 0.036784 0.894528 0.005879 0.817245 0.003707 0.893057 0.642299 0.894768 0.676056 0.818032 0.679067 0.815492 0.645829 0.891335 0.608746 
						0.813537 0.612199 0.889777 0.575280 0.811925 0.578424 0.888430 0.541846 0.810572 0.544587 0.887299 0.508424 0.809445 0.510721 0.886381 0.475002 0.808529 0.476839 0.885671 0.441577 0.807820 0.442950 0.885168 0.408150 0.807315 0.409056 0.884868 0.374721 0.807014 0.375159 0.884772 0.341291 0.806916 0.341260 0.309525 0.595311 0.346729 0.594426 0.347964 0.672242 0.311989 0.673097 0.272340 0.596783 0.276032 0.674520 0.235183 0.598842 0.240103 0.676512 0.198062 0.601488 0.204209 0.679070 0.160989 0.604720 0.168360 0.682195 0.123971 0.608537 0.132565 0.685886 0.087018 0.612938 0.096832 0.690142 0.050139 0.617923 0.061172 0.694962 0.013343 0.623489 0.025592 0.700345 0.717749 0.617876 0.754545 0.623437 0.742307 0.700295 0.706726 0.694917 0.680869 0.612896 0.671065 0.690102 0.643915 0.608500 0.635332 0.685851 0.606897 0.604688 0.599536 0.682165 0.569823 0.601461 0.563687 0.679045 0.532702 0.598821 0.527793 0.676491 0.495544 0.596767 0.491863 0.674505 0.458359 0.595300 0.455906 0.673087 0.421155 0.594421 0.419931 0.672237 0.383942 0.594130 0.383947 0.671955 0.948323 0.312097 0.949020 0.351164 0.928368 0.351453 0.927676 0.312613 0.947199 0.273041 
						0.926558 0.273782 0.945647 0.233999 0.925015 0.234966 0.943667 0.194976 0.923048 0.196169 0.941260 0.155978 0.920655 0.157396 0.938424 0.117009 0.917841 0.118650 0.935152 0.078072 0.914624 0.079929 0.931458 0.039124 0.911105 0.041191 0.928040 0.000008 0.906984 0.001982 0.932302 0.741391 0.928239 0.780880 0.907278 0.778120 0.911943 0.739430 0.936023 0.702445 0.915485 0.700698 0.939196 0.663495 0.918604 0.661975 0.941922 0.624516 0.921309 0.623223 0.944219 0.585511 0.923593 0.584444 0.946088 0.546483 0.925452 0.545642 0.947530 0.507437 0.926885 0.506821 0.948544 0.468377 0.927894 0.467988 0.949131 0.429308 0.928477 0.429145 0.949289 0.390236 0.928635 0.390299 0.299721 0.775230 0.337189 0.774831 0.337387 0.795505 0.300046 0.795902 0.262255 0.775861 0.262709 0.796531 0.224794 0.776725 0.225377 0.797391 0.187340 0.777822 0.188050 0.798484 0.149893 0.779151 0.150731 0.799808 0.112455 0.780715 0.113421 0.801362 0.075026 0.782526 0.076116 0.803129 0.037555 0.784582 0.038788 0.804999 0.000000 0.786088 0.000934 0.807294 0.711771 0.783823 0.749865 0.786051 0.747932 0.807168 0.710698 0.804238 0.674317 0.781734 0.673356 0.802342 0.636881 0.780017 
						0.636050 0.800671 0.599438 0.778554 0.598737 0.799216 0.561987 0.777324 0.561415 0.797991 0.524530 0.776327 0.524086 0.796997 0.487067 0.775563 0.486751 0.796235 0.449600 0.775031 0.449412 0.795704 0.412130 0.774732 0.412071 0.795406 0.374660 0.774665 0.374729 0.795339 0.991681 0.286571 0.991750 0.322349 0.971101 0.322414 0.971033 0.286649 0.991589 0.250793 0.970941 0.250884 0.991474 0.215015 0.970826 0.215119 0.991336 0.179236 0.970688 0.179354 0.991175 0.143459 0.970528 0.143590 0.990988 0.107681 0.970347 0.107824 0.990766 0.071901 0.970164 0.072053 0.990523 0.036070 0.970066 0.036247 0.990939 0.000104 0.969759 0.000010 0.990969 0.680207 0.990737 0.716636 0.969613 0.715884 0.970531 0.680096 0.991294 0.644366 0.970695 0.644297 0.991463 0.608578 0.970822 0.608533 0.991583 0.572798 0.970935 0.572769 0.991676 0.537019 0.971028 0.537004 0.991746 0.501241 0.971098 0.501239 0.991793 0.465463 0.971145 0.465474 0.991817 0.429684 0.971168 0.429709 0.991818 0.393906 0.971169 0.393944 0.991795 0.358128 0.971147 0.358179 0.794919 0.273293 0.794609 0.307264 0.774002 0.307162 0.774313 0.273067 0.795431 0.239327 0.774826 0.238976 0.796145 0.205367 
						0.775542 0.204891 0.797056 0.171418 0.776454 0.170813 0.798160 0.137485 0.777559 0.136744 0.799452 0.103576 0.778853 0.102678 0.800937 0.069697 0.780350 0.068587 0.802700 0.035815 0.782157 0.034390 0.805198 0.001574 0.784613 0.000008 0.803069 0.646865 0.805839 0.681279 0.785348 0.682864 0.782594 0.648485 0.801107 0.612910 0.780518 0.614151 0.799502 0.578978 0.778901 0.579964 0.798156 0.545034 0.777556 0.545840 0.797031 0.511080 0.776431 0.511739 0.796116 0.477119 0.775514 0.477644 0.795407 0.443152 0.774802 0.443550 0.794901 0.409182 0.774295 0.409454 0.794600 0.375210 0.773993 0.375357 0.794502 0.341237 0.773895 0.341259 0.277981 0.267076 0.274434 0.228108 0.958373 0.351080 0.958643 0.390255 0.274497 0.306049 0.958484 0.429430 0.264095 0.343770 0.957895 0.468600 0.247110 0.379021 0.956878 0.507762 0.224091 0.410663 0.955432 0.546911 0.195781 0.437674 0.953558 0.586041 0.163094 0.459184 0.951254 0.625149 0.127086 0.474498 0.948520 0.664230 0.088924 0.483127 0.945334 0.703274 0.049881 0.484802 0.941614 0.742203 0.011387 0.479346 0.937855 0.780535 0.049484 0.049672 0.010907 0.055018 0.937526 0.000509 0.940722 0.038431 0.088566 0.051322 
						0.944461 0.077293 0.126749 0.059897 0.947750 0.116312 0.162783 0.075154 0.950594 0.155382 0.195505 0.096610 0.953008 0.194483 0.223859 0.123576 0.954992 0.233608 0.246929 0.155181 0.956548 0.272752 0.263971 0.190404 0.957675 0.311911 0.337402 0.802137 0.300103 0.802533 0.999863 0.286586 0.999932 0.322369 0.262807 0.803162 0.999772 0.250802 0.225515 0.804022 0.999657 0.215019 0.188230 0.805113 0.999519 0.179235 0.150952 0.806436 0.999357 0.143452 0.113683 0.807989 0.999168 0.107671 0.076424 0.809749 0.998936 0.071902 0.039239 0.811609 0.998649 0.036236 0.002592 0.813960 0.999154 0.001419 0.746180 0.813723 0.710134 0.810805 0.999144 0.680166 0.999077 0.715463 0.672989 0.808955 0.999470 0.644427 0.635736 0.807294 0.999644 0.608640 0.598464 0.805842 0.999765 0.572855 0.561183 0.804618 0.999859 0.537071 0.523895 0.803626 0.999929 0.501287 0.486601 0.802865 0.999976 0.465504 0.449304 0.802335 0.999999 0.429720 0.412004 0.802038 1.000000 0.393936 0.374703 0.801971 0.999978 0.358153 0.962198 0.322401 0.962129 0.286641 0.962037 0.250882 0.961923 0.215123 0.961785 0.179364 0.961624 0.143605 0.961445 0.107846 0.961268 0.072091 0.961169 0.036410 
						0.960709 0.001313 0.960697 0.714438 0.961688 0.679814 0.961806 0.644209 0.961921 0.608472 0.962032 0.572715 0.962125 0.536956 0.962195 0.501197 0.962241 0.465438 0.962265 0.429679 0.962266 0.393919 0.962243 0.358160 0.919775 0.351526 0.919084 0.312780 0.299665 0.768547 0.337175 0.768148 0.917968 0.274043 0.262158 0.769179 0.916429 0.235321 0.224656 0.770043 0.914466 0.196618 0.187160 0.771141 0.912079 0.157939 0.149671 0.772471 0.909272 0.119287 0.112193 0.774038 0.906068 0.080666 0.074735 0.775858 0.902569 0.042128 0.037382 0.777945 0.898430 0.004192 0.000978 0.779314 0.898860 0.775798 0.903468 0.738387 0.712066 0.777154 0.749000 0.779173 0.906939 0.699910 0.674673 0.775065 0.910039 0.661295 0.637199 0.773342 0.912736 0.622638 0.599715 0.771876 0.915013 0.583953 0.562223 0.770645 0.916867 0.545244 0.524723 0.769647 0.918297 0.506518 0.487219 0.768881 0.919303 0.467779 0.449711 0.768349 0.919884 0.429030 0.412200 0.768049 0.920042 0.390278 0.374687 0.767982 0.030960 0.095821 0.058884 0.075536 0.108959 0.173832 0.078584 0.189306 0.091710 0.064873 0.139335 0.158358 0.029436 0.214344 0.015474 0.221456 0.000000 0.191081 0.000003 0.156567 
						0.159049 0.075544 0.186971 0.095833 0.202445 0.126208 0.188483 0.133321 0.217919 0.156583 0.217916 0.191098 0.186959 0.251843 0.159034 0.272128 0.126208 0.282791 0.058869 0.272121 0.030948 0.251832 0.010663 0.223907 0.186971 0.095833 0.207256 0.123757 0.217919 0.156583 0.126225 0.064876 0.155334 0.122061 0.134016 0.132921 0.091710 0.064873 0.134016 0.132921 0.145400 0.155268 0.126225 0.064876 0.172252 0.113442 0.155334 0.122061 0.159049 0.075544 0.188483 0.133321 0.183637 0.135789 0.172252 0.113442 0.188483 0.133321 0.217916 0.191098 0.195021 0.158137 0.217916 0.191098 0.207248 0.223922 0.178103 0.166756 0.195021 0.158137 0.156785 0.177616 0.178103 0.166756 0.156785 0.177616 0.010671 0.123742 0.039751 0.180805 0.022750 0.189465 0.034190 0.211922 0.010671 0.123742 0.030960 0.095821 0.061173 0.169892 0.039751 0.180805 0.072613 0.192348 0.061173 0.169892 0.126208 0.282791 0.084053 0.214805 0.126208 0.282791 0.091694 0.282789 0.062631 0.225718 0.084053 0.214805 0.045630 0.234378 0.676171 0.248869 0.695251 0.248866 0.695251 0.253086 0.676172 0.253089 0.650969 0.248873 0.676171 0.248869 0.676172 0.253089 0.650969 0.253093 0.719292 0.248862 
						0.719293 0.253082 0.719292 0.248862 0.744495 0.248858 0.744496 0.253078 0.719293 0.253082 0.769697 0.248854 0.769698 0.253074 0.582645 0.248884 0.606687 0.248880 0.606687 0.253100 0.582646 0.253104 0.625766 0.248877 0.625767 0.253097 0.625766 0.248877 0.625767 0.253097 0.769232 0.093082 0.769229 0.117007 0.765009 0.117007 0.765012 0.093082 0.769236 0.068002 0.769232 0.093082 0.765012 0.093082 0.765015 0.068002 0.769226 0.135994 0.765006 0.135994 0.769226 0.135994 0.769223 0.161074 0.765003 0.161074 0.765006 0.135994 0.769220 0.186155 0.765000 0.186154 0.769245 0.000010 0.769242 0.018997 0.765022 0.018997 0.765025 0.000010 0.769239 0.042922 0.765019 0.042922 0.769239 0.042922 0.765019 0.042922 0.217939 0.000691 0.237016 0.000389 0.237451 0.007141 0.223424 0.007363 0.217937 0.025893 0.217939 0.000691 0.223424 0.007363 0.223423 0.025893 0.261054 0.000009 0.255126 0.006861 0.261054 0.000009 0.261810 0.025200 0.255681 0.025384 0.255126 0.006861 0.261810 0.025200 0.262566 0.050391 0.256237 0.043906 0.261052 0.051782 0.237013 0.051399 0.237449 0.044647 0.255124 0.044929 0.217936 0.051096 0.223422 0.044424 0.217936 0.051096 0.223422 0.044424 
						0.266892 0.000596 0.290815 0.000269 0.290580 0.006999 0.272990 0.007240 0.266876 0.025676 0.266892 0.000596 0.272990 0.007240 0.272979 0.025680 0.309800 0.000009 0.304539 0.006808 0.309800 0.000009 0.310545 0.025079 0.305087 0.025241 0.304539 0.006808 0.311290 0.050148 0.305634 0.043673 0.305087 0.025241 0.309768 0.051398 0.290783 0.051114 0.290556 0.044384 0.304515 0.044593 0.266860 0.050757 0.272967 0.044121 0.266860 0.050757 0.266876 0.025676 0.272979 0.025680 0.272967 0.044121 0.667688 0.010407 0.680588 0.016065 0.676313 0.036540 0.663159 0.030119 0.649525 0.004460 0.667688 0.010407 0.663159 0.030119 0.645039 0.024265 0.695249 0.022936 0.692343 0.044805 0.695249 0.022936 0.709604 0.026236 0.709781 0.047974 0.692343 0.044805 0.709604 0.026236 0.723900 0.025184 0.727321 0.046565 0.709781 0.047974 0.723900 0.025184 0.737780 0.019846 0.743287 0.039130 0.727321 0.046565 0.750172 0.014484 0.756214 0.032917 0.631078 0.000000 0.626636 0.019989 0.693886 0.225927 0.679607 0.232243 0.675751 0.212437 0.692016 0.204359 0.708330 0.223544 0.693886 0.225927 0.692016 0.204359 0.709577 0.201910 0.667007 0.237983 0.662479 0.218643 0.667007 0.237983 
						0.649024 0.244241 0.644346 0.224480 0.662479 0.218643 0.630628 0.248877 0.625956 0.228734 0.749334 0.236788 0.736738 0.231421 0.742829 0.211423 0.755647 0.217559 0.722528 0.225515 0.727012 0.204009 0.722528 0.225515 0.727012 0.204009 0.658070 0.104660 0.672755 0.102366 0.673615 0.109959 0.658720 0.111363 0.638711 0.105508 0.658070 0.104660 0.658720 0.111363 0.639242 0.112092 0.690695 0.098453 0.691176 0.107818 0.690695 0.098453 0.709961 0.098118 0.709858 0.107486 0.691176 0.107818 0.729017 0.098790 0.728290 0.108056 0.729017 0.098790 0.746455 0.102749 0.745344 0.110286 0.728290 0.108056 0.746455 0.102749 0.760563 0.105456 0.759735 0.111731 0.745344 0.110286 0.619580 0.105690 0.638711 0.105508 0.639242 0.112092 0.620020 0.112381 0.690854 0.150915 0.672803 0.146921 0.673416 0.139237 0.691530 0.141569 0.709920 0.151594 0.690854 0.150915 0.691530 0.141569 0.709898 0.142213 0.658364 0.144469 0.658967 0.137771 0.658364 0.144469 0.639087 0.143707 0.639413 0.137152 0.658967 0.137771 0.639087 0.143707 0.620165 0.143706 0.620431 0.137136 0.639413 0.137152 0.760557 0.144064 0.746603 0.147032 0.745641 0.139525 0.759328 0.137880 0.728939 0.151137 
						0.728138 0.141822 0.728939 0.151137 0.728138 0.141822 0.671139 0.158591 0.657020 0.155512 0.657020 0.155512 0.638245 0.154876 0.639087 0.143707 0.658364 0.144469 0.638245 0.154876 0.619515 0.155030 0.620165 0.143706 0.639087 0.143707 0.762663 0.154646 0.748862 0.158392 0.730731 0.163967 0.730731 0.163967 0.710023 0.164332 0.709920 0.151594 0.728939 0.151137 0.710023 0.164332 0.689391 0.164075 0.690854 0.150915 0.709920 0.151594 0.689391 0.164075 0.659893 0.207495 0.673184 0.201158 0.662479 0.218643 0.644346 0.224480 0.641667 0.212567 0.659893 0.207495 0.644346 0.224480 0.625956 0.228734 0.623228 0.216225 0.746432 0.200296 0.759398 0.206691 0.729581 0.191689 0.727012 0.204009 0.709577 0.201910 0.709953 0.189823 0.729581 0.191689 0.709577 0.201910 0.692016 0.204359 0.690260 0.192171 0.709953 0.189823 0.690260 0.192171 0.657360 0.195014 0.670805 0.190359 0.639086 0.198694 0.657360 0.195014 0.620628 0.201411 0.749499 0.189641 0.762967 0.194304 0.731247 0.182837 0.710057 0.181495 0.731247 0.182837 0.688936 0.183306 0.710057 0.181495 0.688936 0.183306 0.655873 0.181724 0.669270 0.179957 0.637502 0.183631 0.655873 0.181724 0.619027 0.185235 
						0.637502 0.183631 0.751266 0.179326 0.764897 0.180803 0.731979 0.177145 0.710079 0.176356 0.731979 0.177145 0.688262 0.177555 0.710079 0.176356 0.688262 0.177555 0.655785 0.168249 0.669628 0.169533 0.637380 0.168534 0.655785 0.168249 0.618839 0.169202 0.637380 0.168534 0.750829 0.169049 0.764758 0.167140 0.731757 0.172067 0.710077 0.171862 0.731757 0.172067 0.688482 0.172378 0.710077 0.171862 0.688482 0.172378 0.671001 0.090719 0.689295 0.085440 0.689295 0.085440 0.710050 0.085413 0.709961 0.098118 0.690695 0.098453 0.730729 0.085857 0.729017 0.098790 0.730729 0.085857 0.748800 0.091413 0.748800 0.091413 0.762680 0.094929 0.760563 0.105456 0.746455 0.102749 0.618754 0.094025 0.637718 0.094213 0.638711 0.105508 0.619580 0.105690 0.637718 0.094213 0.656793 0.093702 0.658070 0.104660 0.638711 0.105508 0.656793 0.093702 0.690386 0.057315 0.673516 0.047948 0.692343 0.044805 0.709781 0.047974 0.709932 0.060073 0.690386 0.057315 0.709781 0.047974 0.727321 0.046565 0.729695 0.058541 0.709932 0.060073 0.746709 0.050059 0.729695 0.058541 0.759743 0.043572 0.746709 0.050059 0.626636 0.019989 0.645039 0.024265 0.642275 0.036169 0.623904 0.032320 
						0.645039 0.024265 0.663159 0.030119 0.660318 0.041398 0.642275 0.036169 0.660318 0.041398 0.688954 0.066301 0.670940 0.058863 0.710025 0.068377 0.688954 0.066301 0.731266 0.067194 0.710025 0.068377 0.749651 0.060513 0.731266 0.067194 0.763160 0.055712 0.749651 0.060513 0.639437 0.050033 0.621046 0.046929 0.657521 0.054063 0.639437 0.050033 0.657521 0.054063 0.688245 0.072063 0.669260 0.069343 0.710052 0.073474 0.688245 0.072063 0.731978 0.072768 0.710052 0.073474 0.751337 0.070658 0.731978 0.072768 0.765008 0.069016 0.751337 0.070658 0.637449 0.065139 0.618923 0.063068 0.655826 0.067511 0.637449 0.065139 0.655826 0.067511 0.688439 0.077202 0.669524 0.079793 0.710056 0.077924 0.688439 0.077202 0.731757 0.077778 0.710056 0.077924 0.750831 0.080823 0.731757 0.077778 0.764821 0.082522 0.750831 0.080823 0.636960 0.080374 0.618226 0.079390 0.655627 0.081029 0.636960 0.080374 0.655627 0.081029 0.673615 0.109959 0.691176 0.107818 0.691530 0.141569 0.673416 0.139237 0.691176 0.107818 0.709858 0.107486 0.709898 0.142213 0.691530 0.141569 0.709858 0.107486 0.728290 0.108056 0.728138 0.141822 0.709898 0.142213 0.728290 0.108056 0.745344 0.110286 
						0.745641 0.139525 0.728138 0.141822 0.759735 0.111731 0.759328 0.137880 0.620020 0.112381 0.639242 0.112092 0.639413 0.137152 0.620431 0.137136 0.639242 0.112092 0.658720 0.111363 0.658967 0.137771 0.639413 0.137152 0.658720 0.111363 0.658967 0.137771 
					</float_array>
					<technique_common>
						<accessor count="1038" offset="0" source="#meshId2-tex0-array" stride="2">
							<param name="S" type="float" />
							<param name="T" type="float" />
						</accessor>
					</technique_common>
				</source>
				<vertices id="meshId2-vertices">
					<input semantic="POSITION" source="#meshId2-positions" />
				</vertices>
				<polylist count="1126" material="defaultMaterial">
					<input offset="0" semantic="VERTEX" source="#meshId2-vertices" />
					<input offset="0" semantic="NORMAL" source="#meshId2-normals" />
					<input offset="0" semantic="TANGENT" source="#meshId2-tangents" />
					<input offset="0" semantic="BINORMAL" source="#meshId2-bitangents" />
					<input offset="0" semantic="TEXCOORD" source="#meshId2-tex0" set="0" />
					<vcount>
						3 3 3 3 3 3 3 3 3 3 3 3 3 3 3 3 3 3 3 3 3 3 3 3 3 3 3 3 3 3 3 3 3 3 3 3 3 3 3 3 3 3 3 3 3 3 3 3 3 3 3 3 3 3 3 3 3 3 3 3 3 3 3 3 
						3 3 3 3 3 3 3 3 3 3 3 3 3 3 3 3 3 3 3 3 3 3 3 3 3 3 3 3 3 3 3 3 3 3 3 3 3 3 3 3 3 3 3 3 3 3 3 3 3 3 3 3 3 3 3 3 3 3 3 3 3 3 3 3 
						3 3 3 3 3 3 3 3 3 3 3 3 3 3 3 3 3 3 3 3 3 3 3 3 3 3 3 3 3 3 3 3 3 3 3 3 3 3 3 3 3 3 3 3 3 3 3 3 3 3 3 3 3 3 3 3 3 3 3 3 3 3 3 3 
						3 3 3 3 3 3 3 3 3 3 3 3 3 3 3 3 3 3 3 3 3 3 3 3 3 3 3 3 3 3 3 3 3 3 3 3 3 3 3 3 3 3 3 3 3 3 3 3 3 3 3 3 3 3 3 3 3 3 3 3 3 3 3 3 
						3 3 3 3 3 3 3 3 3 3 3 3 3 3 3 3 3 3 3 3 3 3 3 3 3 3 3 3 3 3 3 3 3 3 3 3 3 3 3 3 3 3 3 3 3 3 3 3 3 3 3 3 3 3 3 3 3 3 3 3 3 3 3 3 
						3 3 3 3 3 3 3 3 3 3 3 3 3 3 3 3 3 3 3 3 3 3 3 3 3 3 3 3 3 3 3 3 3 3 3 3 3 3 3 3 3 3 3 3 3 3 3 3 3 3 3 3 3 3 3 3 3 3 3 3 3 3 3 3 
						3 3 3 3 3 3 3 3 3 3 3 3 3 3 3 3 3 3 3 3 3 3 3 3 3 3 3 3 3 3 3 3 3 3 3 3 3 3 3 3 3 3 3 3 3 3 3 3 3 3 3 3 3 3 3 3 3 3 3 3 3 3 3 3 
						3 3 3 3 3 3 3 3 3 3 3 3 3 3 3 3 3 3 3 3 3 3 3 3 3 3 3 3 3 3 3 3 3 3 3 3 3 3 3 3 3 3 3 3 3 3 3 3 3 3 3 3 3 3 3 3 3 3 3 3 3 3 3 3 
						3 3 3 3 3 3 3 3 3 3 3 3 3 3 3 3 3 3 3 3 3 3 3 3 3 3 3 3 3 3 3 3 3 3 3 3 3 3 3 3 3 3 3 3 3 3 3 3 3 3 3 3 3 3 3 3 3 3 3 3 3 3 3 3 
						3 3 3 3 3 3 3 3 3 3 3 3 3 3 3 3 3 3 3 3 3 3 3 3 3 3 3 3 3 3 3 3 3 3 3 3 3 3 3 3 3 3 3 3 3 3 3 3 3 3 3 3 3 3 3 3 3 3 3 3 3 3 3 3 
						3 3 3 3 3 3 3 3 3 3 3 3 3 3 3 3 3 3 3 3 3 3 3 3 3 3 3 3 3 3 3 3 3 3 3 3 3 3 3 3 3 3 3 3 3 3 3 3 3 3 3 3 3 3 3 3 3 3 3 3 3 3 3 3 
						3 3 3 3 3 3 3 3 3 3 3 3 3 3 3 3 3 3 3 3 3 3 3 3 3 3 3 3 3 3 3 3 3 3 3 3 3 3 3 3 3 3 3 3 3 3 3 3 3 3 3 3 3 3 3 3 3 3 3 3 3 3 3 3 
						3 3 3 3 3 3 3 3 3 3 3 3 3 3 3 3 3 3 3 3 3 3 3 3 3 3 3 3 3 3 3 3 3 3 3 3 3 3 3 3 3 3 3 3 3 3 3 3 3 3 3 3 3 3 3 3 3 3 3 3 3 3 3 3 
						3 3 3 3 3 3 3 3 3 3 3 3 3 3 3 3 3 3 3 3 3 3 3 3 3 3 3 3 3 3 3 3 3 3 3 3 3 3 3 3 3 3 3 3 3 3 3 3 3 3 3 3 3 3 3 3 3 3 3 3 3 3 3 3 
						3 3 3 3 3 3 3 3 3 3 3 3 3 3 3 3 3 3 3 3 3 3 3 3 3 3 3 3 3 3 3 3 3 3 3 3 3 3 3 3 3 3 3 3 3 3 3 3 3 3 3 3 3 3 3 3 3 3 3 3 3 3 3 3 
						3 3 3 3 3 3 3 3 3 3 3 3 3 3 3 3 3 3 3 3 3 3 3 3 3 3 3 3 3 3 3 3 3 3 3 3 3 3 3 3 3 3 3 3 3 3 3 3 3 3 3 3 3 3 3 3 3 3 3 3 3 3 3 3 
						3 3 3 3 3 3 3 3 3 3 3 3 3 3 3 3 3 3 3 3 3 3 3 3 3 3 3 3 3 3 3 3 3 3 3 3 3 3 3 3 3 3 3 3 3 3 3 3 3 3 3 3 3 3 3 3 3 3 3 3 3 3 3 3 
						3 3 3 3 3 3 3 3 3 3 3 3 3 3 3 3 3 3 3 3 3 3 3 3 3 3 3 3 3 3 3 3 3 3 3 3 3 3 
					</vcount>
					<p>
						3 0 1 1 2 3 2 1 4 4 5 2 5 4 6 6 7 5 7 6 8 8 9 7 9 8 10 10 11 9 11 10 12 12 13 11 13 12 14 14 15 13 15 14 16 16 17 15 17 16 18 18 19 17 19 18 20 20 21 19 21 20 22 22 23 21 27 24 25 25 26 27 26 25 28 28 29 26 29 28 30 30 31 29 31 30 32 32 33 31 33 32 34 34 35 33 35 34 36 36 37 35 37 36 38 38 39 37 39 38 40 40 41 39 41 40 0 0 3 41 61 42 43 61 43 44 61 44 45 61 45 46 61 46 47 61 47 48 61 48 49 61 49 50 61 50 51 61 51 52 61 52 53 61 53 54 61 54 55 61 55 56 61 56 57 61 57 58 61 58 59 59 60 61 63 3 2 2 62 63 62 2 5 5 64 62 64 5 7 7 65 64 
						65 7 9 9 66 65 66 9 11 11 67 66 67 11 13 13 68 67 68 13 15 15 69 68 69 15 17 17 70 69 70 17 19 19 71 70 71 19 21 21 72 71 72 21 23 23 73 72 75 27 26 26 74 75 74 26 29 29 76 74 76 29 31 31 77 76 77 31 33 33 78 77 78 33 35 35 79 78 79 35 37 37 80 79 80 37 39 39 81 80 81 39 41 41 82 81 82 41 3 3 63 82 86 83 84 84 85 86 85 84 87 87 88 85 88 87 89 89 90 88 90 89 91 91 92 90 92 91 93 93 94 92 94 93 95 95 96 94 96 95 97 97 98 96 98 97 99 99 100 98 100 99 101 101 102 100 102 101 103 103 104 102 104 103 105 105 106 104 110 107 108 108 109 110 109 108 111 111 112 109 112 111 113 113 114 112 114 113 115 115 116 114 
						116 115 117 117 118 116 118 117 119 119 120 118 120 119 121 121 122 120 122 121 123 123 124 122 124 123 83 83 86 124 128 125 126 126 127 128 130 129 125 125 128 130 132 131 129 129 130 132 134 133 131 131 132 134 136 135 133 133 134 136 138 137 135 135 136 138 140 139 137 137 138 140 142 141 139 139 140 142 144 143 141 141 142 144 148 145 146 146 147 148 150 149 145 145 148 150 152 151 149 149 150 152 154 153 151 151 152 154 156 155 153 153 154 156 158 157 155 155 156 158 160 159 157 157 158 160 162 161 159 159 160 162 164 163 161 161 162 164 166 165 163 163 164 166 127 126 165 165 166 127 170 167 168 168 169 170 172 171 167 167 170 172 174 173 171 171 172 174 176 175 173 173 174 176 178 177 175 175 176 178 180 179 177 177 178 180 182 181 179 179 180 182 
						184 183 181 181 182 184 186 185 183 183 184 186 190 187 188 188 189 190 192 191 187 187 190 192 194 193 191 191 192 194 196 195 193 193 194 196 198 197 195 195 196 198 200 199 197 197 198 200 202 201 199 199 200 202 204 203 201 201 202 204 206 205 203 203 204 206 208 207 205 205 206 208 169 168 207 207 208 169 212 209 210 210 211 212 214 213 209 209 212 214 216 215 213 213 214 216 218 217 215 215 216 218 220 219 217 217 218 220 222 221 219 219 220 222 224 223 221 221 222 224 226 225 223 223 224 226 228 227 225 225 226 228 232 229 230 230 231 232 234 233 229 229 232 234 236 235 233 233 234 236 238 237 235 235 236 238 240 239 237 237 238 240 242 241 239 239 240 242 244 243 241 241 242 244 246 245 243 243 244 246 248 247 245 245 246 248 250 249 247 247 248 250 
						211 210 249 249 250 211 254 251 252 252 253 254 256 255 251 251 254 256 258 257 255 255 256 258 260 259 257 257 258 260 262 261 259 259 260 262 264 263 261 261 262 264 266 265 263 263 264 266 268 267 265 265 266 268 270 269 267 267 268 270 274 271 272 272 273 274 276 275 271 271 274 276 278 277 275 275 276 278 280 279 277 277 278 280 282 281 279 279 280 282 284 283 281 281 282 284 286 285 283 283 284 286 288 287 285 285 286 288 290 289 287 287 288 290 292 291 289 289 290 292 253 252 291 291 292 253 296 293 294 294 295 296 298 297 293 293 296 298 300 299 297 297 298 300 302 301 299 299 300 302 304 303 301 301 302 304 306 305 303 303 304 306 308 307 305 305 306 308 310 309 307 307 308 310 312 311 309 309 310 312 316 313 314 314 315 316 318 317 313 313 316 318 
						320 319 317 317 318 320 322 321 319 319 320 322 324 323 321 321 322 324 326 325 323 323 324 326 328 327 325 325 326 328 330 329 327 327 328 330 332 331 329 329 330 332 334 333 331 331 332 334 295 294 333 333 334 295 338 335 336 336 337 338 340 339 335 335 338 340 342 341 339 339 340 342 344 343 341 341 342 344 346 345 343 343 344 346 348 347 345 345 346 348 350 349 347 347 348 350 352 351 349 349 350 352 354 353 351 351 352 354 358 355 356 356 357 358 360 359 355 355 358 360 362 361 359 359 360 362 364 363 361 361 362 364 366 365 363 363 364 366 368 367 365 365 366 368 370 369 367 367 368 370 372 371 369 369 370 372 374 373 371 371 372 374 376 375 373 373 374 376 337 336 375 375 376 337 380 377 378 378 379 380 382 381 377 377 380 382 384 383 381 381 382 384 
						386 385 383 383 384 386 388 387 385 385 386 388 390 389 387 387 388 390 392 391 389 389 390 392 394 393 391 391 392 394 396 395 393 393 394 396 400 397 398 398 399 400 402 401 397 397 400 402 404 403 401 401 402 404 406 405 403 403 404 406 408 407 405 405 406 408 410 409 407 407 408 410 412 411 409 409 410 412 414 413 411 411 412 414 416 415 413 413 414 416 418 417 415 415 416 418 379 378 417 417 418 379 420 63 62 62 419 420 422 291 252 252 421 422 419 62 64 64 423 419 424 289 291 291 422 424 423 64 65 65 425 423 426 287 289 289 424 426 425 65 66 66 427 425 428 285 287 287 426 428 427 66 67 67 429 427 430 283 285 285 428 430 429 67 68 68 431 429 432 281 283 283 430 432 431 68 69 69 433 431 434 279 281 281 432 434 433 69 70 70 435 433 
						436 277 279 279 434 436 435 70 71 71 437 435 438 275 277 277 436 438 437 71 72 72 439 437 440 271 275 275 438 440 439 72 73 73 441 439 442 272 271 271 440 442 444 75 74 74 443 444 446 267 269 269 445 446 443 74 76 76 447 443 448 265 267 267 446 448 447 76 77 77 449 447 450 263 265 265 448 450 449 77 78 78 451 449 452 261 263 263 450 452 451 78 79 79 453 451 454 259 261 261 452 454 453 79 80 80 455 453 456 257 259 259 454 456 455 80 81 81 457 455 458 255 257 257 456 458 457 81 82 82 459 457 460 251 255 255 458 460 459 82 63 63 420 459 421 252 251 251 460 421 462 296 295 295 461 462 464 336 335 335 463 464 465 298 296 296 462 465 463 335 339 339 466 463 467 300 298 298 465 467 466 339 341 341 468 466 469 302 300 300 467 469 
						468 341 343 343 470 468 471 304 302 302 469 471 470 343 345 345 472 470 473 306 304 304 471 473 472 345 347 347 474 472 475 308 306 306 473 475 474 347 349 349 476 474 477 310 308 308 475 477 476 349 351 351 478 476 479 312 310 310 477 479 478 351 353 353 480 478 482 316 315 315 481 482 484 356 355 355 483 484 485 318 316 316 482 485 483 355 359 359 486 483 487 320 318 318 485 487 486 359 361 361 488 486 489 322 320 320 487 489 488 361 363 363 490 488 491 324 322 322 489 491 490 363 365 365 492 490 493 326 324 324 491 493 492 365 367 367 494 492 495 328 326 326 493 495 494 367 369 369 496 494 497 330 328 328 495 497 496 369 371 371 498 496 499 332 330 330 497 499 498 371 373 373 500 498 501 334 332 332 499 501 500 373 375 375 502 500 461 295 334 334 501 461 
						502 375 336 336 464 502 504 338 337 337 503 504 169 378 377 377 170 169 505 340 338 338 504 505 170 377 381 381 172 170 506 342 340 340 505 506 172 381 383 383 174 172 507 344 342 342 506 507 174 383 385 385 176 174 508 346 344 344 507 508 176 385 387 387 178 176 509 348 346 346 508 509 178 387 389 389 180 178 510 350 348 348 509 510 180 389 391 391 182 180 511 352 350 350 510 511 182 391 393 393 184 182 512 354 352 352 511 512 184 393 395 395 186 184 514 358 357 357 513 514 189 398 397 397 190 189 515 360 358 358 514 515 190 397 401 401 192 190 516 362 360 360 515 516 192 401 403 403 194 192 517 364 362 362 516 517 194 403 405 405 196 194 518 366 364 364 517 518 196 405 407 407 198 196 519 368 366 366 518 519 198 407 409 409 200 198 520 370 368 368 519 520 
						200 409 411 411 202 200 521 372 370 370 520 521 202 411 413 413 204 202 522 374 372 372 521 522 204 413 415 415 206 204 523 376 374 374 522 523 206 415 417 417 208 206 503 337 376 376 523 503 208 417 378 378 169 208 525 254 253 253 524 525 527 294 293 293 526 527 528 256 254 254 525 528 526 293 297 297 529 526 530 258 256 256 528 530 529 297 299 299 531 529 532 260 258 258 530 532 531 299 301 301 533 531 534 262 260 260 532 534 533 301 303 303 535 533 536 264 262 262 534 536 535 303 305 305 537 535 538 266 264 264 536 538 537 305 307 307 539 537 540 268 266 266 538 540 539 307 309 309 541 539 542 270 268 268 540 542 541 309 311 311 543 541 545 274 273 273 544 545 547 314 313 313 546 547 548 276 274 274 545 548 546 313 317 317 549 546 550 278 276 276 548 550 
						549 317 319 319 551 549 552 280 278 278 550 552 551 319 321 321 553 551 554 282 280 280 552 554 553 321 323 323 555 553 556 284 282 282 554 556 555 323 325 325 557 555 558 286 284 284 556 558 557 325 327 327 559 557 560 288 286 286 558 560 559 327 329 329 561 559 562 290 288 288 560 562 561 329 331 331 563 561 564 292 290 290 562 564 563 331 333 333 565 563 524 253 292 292 564 524 565 333 294 294 527 565 569 566 567 567 568 569 568 567 570 570 571 568 575 572 573 573 574 575 579 576 577 577 578 579 581 579 578 578 580 581 583 568 571 571 582 583 584 569 568 568 583 584 572 585 586 586 573 572 586 587 574 574 573 586 578 588 589 589 590 578 593 570 591 591 592 593 596 571 594 594 595 596 599 597 576 576 598 599 603 600 601 601 602 603 602 604 605 605 606 602 
						610 607 608 608 609 610 612 608 582 582 611 612 613 582 571 571 596 613 616 575 614 614 615 616 617 572 575 575 616 617 621 618 619 619 620 621 623 566 569 569 622 623 622 569 624 624 625 622 629 626 627 627 628 629 628 627 585 585 630 628 630 585 572 572 617 630 634 631 632 632 633 634 638 635 636 636 637 638 633 632 639 639 640 633 644 641 642 642 643 644 643 642 645 645 646 643 650 647 648 648 649 650 649 648 651 651 652 649 654 653 635 635 638 654 658 655 656 656 657 658 662 659 660 660 661 662 657 656 663 663 664 657 668 665 666 666 667 668 667 666 669 669 670 667 674 671 672 672 673 674 673 672 675 675 676 673 678 677 659 659 662 678 682 679 680 680 681 682 686 683 684 684 685 686 681 680 687 687 688 681 692 689 690 690 691 692 691 693 694 694 695 691 
						699 696 697 697 698 699 698 697 700 700 701 698 703 702 683 683 686 703 707 704 705 705 706 707 711 708 709 709 710 711 706 705 712 712 713 706 717 714 715 715 716 717 720 715 718 718 719 720 724 721 722 722 723 724 723 722 725 725 726 723 730 727 728 728 729 730 734 731 732 732 733 734 738 735 736 736 737 738 733 732 739 739 740 733 744 741 742 742 743 744 748 745 746 746 747 748 752 749 750 750 751 752 751 750 753 753 754 751 756 755 735 735 738 756 760 757 758 758 759 760 764 761 762 762 763 764 759 758 765 765 766 759 770 767 768 768 769 770 769 768 771 771 772 769 776 773 774 774 775 776 775 774 777 777 778 775 780 779 761 761 764 780 784 781 782 782 783 784 788 785 786 786 787 788 783 782 789 789 790 783 794 791 792 792 793 794 793 792 795 795 796 793 
						800 797 798 798 799 800 804 801 802 802 803 804 808 805 806 806 807 808 812 809 810 810 811 812 816 813 814 814 815 816 811 810 817 817 818 811 822 819 820 820 821 822 826 823 824 824 825 826 830 827 828 828 829 830 829 828 831 831 832 829 834 833 813 813 816 834 810 835 836 836 817 810 840 837 838 838 839 840 844 841 842 842 843 844 827 845 846 846 828 827 828 846 847 847 831 828 851 848 849 849 850 851 855 852 853 853 854 855 809 856 835 835 810 809 858 759 766 766 857 858 862 859 860 860 861 862 861 863 864 864 865 861 867 776 775 775 866 867 866 775 778 778 868 866 872 869 870 870 871 872 876 873 874 874 875 876 877 760 759 759 858 877 879 858 857 857 878 879 881 862 861 861 880 881 880 861 865 865 882 880 884 867 866 866 883 884 883 866 868 868 885 883 
						887 872 871 871 886 887 889 876 875 875 888 889 890 877 858 858 879 890 892 879 878 878 891 892 894 881 880 880 893 894 896 880 882 882 895 896 898 884 883 883 897 898 897 883 885 885 899 897 901 887 886 886 900 901 903 889 888 888 902 903 904 890 879 879 892 904 906 892 891 891 905 906 908 894 893 893 907 908 910 896 895 895 909 910 912 898 897 897 911 912 911 897 899 899 913 911 915 901 900 900 914 915 917 903 902 902 916 917 918 904 892 892 906 918 835 906 905 905 836 835 837 908 907 907 838 837 841 910 909 909 842 841 845 912 911 911 846 845 846 911 913 913 847 846 848 915 914 914 849 848 852 917 916 916 853 852 856 918 906 906 835 856 782 919 920 920 789 782 924 921 922 922 923 924 923 922 925 925 926 923 797 927 928 928 798 797 932 929 930 930 931 932 
						936 933 934 934 935 936 940 937 938 938 939 940 781 941 919 919 782 781 943 733 740 740 942 943 947 944 945 945 946 947 951 948 949 949 950 951 953 752 751 751 952 953 955 751 754 754 954 955 959 956 957 957 958 959 963 960 961 961 962 963 964 734 733 733 943 964 966 943 942 942 965 966 968 947 946 946 967 968 970 951 950 950 969 970 972 953 952 952 971 972 974 955 954 954 973 974 976 959 958 958 975 976 978 963 962 962 977 978 979 964 943 943 966 979 981 966 965 965 980 981 983 968 967 967 982 983 985 970 969 969 984 985 987 972 971 971 986 987 989 974 973 973 988 989 991 976 975 975 990 991 993 978 977 977 992 993 994 979 966 966 981 994 996 981 980 980 995 996 998 983 982 982 997 998 1000 985 984 984 999 1000 1002 987 986 986 1001 1002 1004 989 988 988 1003 1004 
						1006 991 990 990 1005 1006 1008 993 992 992 1007 1008 1009 994 981 981 996 1009 919 996 995 995 920 919 921 998 997 997 922 921 922 1000 999 999 925 922 927 1002 1001 1001 928 927 929 1004 1003 1003 930 929 933 1006 1005 1005 934 933 937 1008 1007 1007 938 937 941 1009 996 996 919 941 1013 1010 1011 1011 1012 1013 1017 1014 1015 1015 1016 1017 1021 1018 1019 1019 1020 1021 1025 1022 1023 1023 1024 1025 1024 1023 1026 1026 1027 1024 1031 1028 1029 1029 1030 1031 1035 1032 1033 1033 1034 1035 1037 1036 1010 1010 1013 1037 
					</p>
				</polylist>
			</mesh>
		</geometry>
		<geometry id="meshId3" name="meshId3_name" >
			<mesh>
				<source id="meshId3-positions" name="meshId3-positions">
					<float_array id="meshId3-positions-array" count="3273"> 
						-2.028790 0.000000 12.326686 -1.700585 0.000000 12.375630 -1.700585 0.688184 12.375631 -2.028790 0.688184 12.326687 -1.404502 0.000000 12.517669 -1.404502 0.688184 12.517670 -1.169554 0.000000 12.738901 -1.169554 0.688184 12.738902 -1.169554 0.000000 12.738901 -1.018683 0.000000 13.017669 -1.018683 0.688184 13.017670 -1.169554 0.688184 12.738902 -0.966702 0.000000 13.326687 -0.966702 0.688184 13.326687 -1.018683 0.000000 13.635704 -1.018683 0.688184 13.635704 -1.169554 0.000000 13.914471 -1.169554 0.688184 13.914471 -1.169554 0.000000 13.914471 -1.404502 0.000000 14.135704 -1.404502 0.688184 14.135704 -1.169554 0.688184 13.914471 -1.700585 0.000000 14.277743 -1.700585 0.688184 14.277743 -2.028790 0.000000 14.326687 -2.028790 0.688184 14.326687 7.904195 0.000000 14.326687 8.213212 0.000000 14.277743 8.213212 0.688184 14.277743 7.904195 0.688184 14.326687 8.491979 0.000000 14.135704 8.491979 0.688184 14.135704 8.713212 0.000000 13.914472 8.713212 0.688184 13.914472 8.713212 0.000000 13.914472 8.855250 0.000000 13.635704 8.855250 0.688184 13.635704 8.713212 0.688184 13.914472 8.904195 0.000000 13.326687 8.904195 0.688184 13.326687 8.855250 0.000000 13.017669 8.855250 0.688184 13.017670 8.713212 0.000000 12.738902 8.713212 0.688184 12.738903 8.713212 0.000000 12.738902 8.491979 0.000000 12.517669 8.491979 0.688184 12.517670 8.713212 0.688184 12.738903 8.213212 0.000000 12.375630 8.213212 0.688184 12.375631 7.904195 0.000000 12.326686 7.904195 0.688184 12.326687 -2.028790 0.000000 12.326686 -2.028790 0.688184 12.326687 -2.028790 0.688184 11.924707 -2.028790 0.000000 11.924707 -2.028790 0.688184 14.728667 -2.028790 0.688184 14.326687 -2.028790 0.000000 14.326687 -2.028790 0.000000 14.728666 7.904195 0.000000 14.326687 7.904195 0.688184 14.326687 7.904195 0.688184 14.728667 7.904195 0.000000 14.728666 
						7.904195 0.688184 11.924707 7.904195 0.688184 12.326687 7.904195 0.000000 12.326686 7.904195 0.000000 11.924707 -2.028790 0.000000 11.924707 -2.028790 0.688184 11.924707 -0.801188 0.688184 11.924707 -0.801188 0.000000 11.924707 -0.801188 0.688184 14.728668 -2.028790 0.688184 14.728667 -2.028790 0.000000 14.728666 -0.801188 0.000000 14.728667 -2.028790 6.881841 11.924707 -2.028790 6.881841 12.326686 -0.801188 6.881841 12.326687 -0.801188 6.881841 11.924707 -1.700585 6.881841 12.375630 -0.801186 6.881841 12.375631 -1.404502 6.881841 12.517669 -0.801183 6.881841 12.517670 -1.169554 6.881841 12.738901 -0.801180 6.881841 12.738902 -1.018683 6.881841 13.017669 -0.801180 6.881841 13.017670 -1.018683 6.881841 13.017669 -0.966702 6.881841 13.326687 -0.801179 6.881841 13.326687 -1.018683 6.881841 13.635704 -0.801180 6.881841 13.635704 -1.169554 6.881841 13.914471 -0.801180 6.881841 13.914471 -1.404502 6.881841 14.135704 -0.801183 6.881841 14.135704 -1.700585 6.881841 14.277743 -0.801186 6.881841 14.277743 -2.028790 6.881841 14.326687 -0.801188 6.881841 14.326687 -2.028790 6.881841 14.728666 -0.801188 6.881841 14.728667 -2.028790 0.000000 14.728666 -2.028790 0.000000 14.326687 -0.801188 0.000000 14.326687 -0.801188 0.000000 14.728667 -1.700585 0.000000 14.277743 -0.801186 0.000000 14.277743 -1.404502 0.000000 14.135704 -0.801183 0.000000 14.135704 -1.169554 0.000000 13.914471 -0.801180 0.000000 13.914471 -1.018683 0.000000 13.635704 -0.801180 0.000000 13.635704 -0.966702 0.000000 13.326687 -0.801179 0.000000 13.326687 -1.018683 0.000000 13.017669 -0.801180 0.000000 13.017670 -1.169554 0.000000 12.738901 -0.801180 0.000000 12.738902 -1.404502 0.000000 12.517669 -0.801183 0.000000 12.517670 -1.700585 0.000000 12.375630 -0.801186 0.000000 12.375631 -2.028790 0.000000 12.326686 -0.801188 0.000000 12.326687 -2.028790 0.000000 11.924707 
						-0.801188 0.000000 11.924707 7.406697 0.000000 11.924707 7.406697 0.688184 11.924707 7.904195 0.688184 11.924707 7.904195 0.000000 11.924707 7.406697 0.000000 12.326686 7.406697 0.000000 11.924707 7.904195 0.000000 11.924707 7.904195 0.000000 12.326686 7.406701 0.000000 12.375630 8.213212 0.000000 12.375630 7.406705 0.000000 12.517669 8.491979 0.000000 12.517669 7.406707 0.000000 12.738902 8.713212 0.000000 12.738902 7.406709 0.000000 13.017669 8.855250 0.000000 13.017669 7.406709 0.000000 13.326687 8.904195 0.000000 13.326687 7.406709 0.000000 13.635704 8.855250 0.000000 13.635704 7.406707 0.000000 13.914471 8.713212 0.000000 13.914472 7.406705 0.000000 14.135704 8.491979 0.000000 14.135704 7.406701 0.000000 14.277743 8.213212 0.000000 14.277743 7.406697 0.000000 14.326687 7.904195 0.000000 14.326687 7.406697 0.000000 14.728666 7.904195 0.000000 14.728666 7.904195 0.688184 14.728667 7.406697 0.688184 14.728667 7.406697 0.000000 14.728666 7.904195 0.000000 14.728666 7.406697 6.881841 14.326687 7.406697 6.881841 14.728666 7.904195 6.881841 14.728666 7.904195 6.881841 14.326687 7.406701 6.881841 14.277743 8.213212 6.881841 14.277743 7.406705 6.881841 14.135704 8.491979 6.881841 14.135704 7.406707 6.881841 13.914471 8.713212 6.881841 13.914472 7.406709 6.881841 13.635704 8.855250 6.881841 13.635704 7.406709 6.881841 13.326687 8.904195 6.881841 13.326687 7.406709 6.881841 13.017669 8.855250 6.881841 13.017669 7.406707 6.881841 12.738902 8.713212 6.881841 12.738902 7.406705 6.881841 12.517669 8.491979 6.881841 12.517669 7.406701 6.881841 12.375630 8.213212 6.881841 12.375630 7.406697 6.881841 12.326686 7.904195 6.881841 12.326686 7.406697 6.881841 11.924707 7.406697 6.881841 12.326686 7.904195 6.881841 12.326686 7.904195 6.881841 11.924707 0.224797 0.688184 11.924707 
						0.224797 0.000000 11.924707 0.224797 0.000000 11.924707 0.224797 0.000000 12.326687 0.224800 0.000000 12.375630 0.224803 0.000000 12.517670 0.224806 0.000000 12.738902 0.224806 0.000000 13.017670 0.224807 0.000000 13.326687 0.224806 0.000000 13.635704 0.224806 0.000000 13.914471 0.224803 0.000000 14.135704 0.224800 0.000000 14.277743 0.224797 0.000000 14.326687 0.224797 0.000000 14.728667 0.224797 0.688184 14.728667 0.224797 0.000000 14.728667 0.224797 6.881841 14.728667 0.224797 6.881841 14.326687 0.224800 6.881841 14.277743 0.224803 6.881841 14.135704 0.224806 6.881841 13.914471 0.224806 6.881841 13.635704 0.224807 6.881841 13.326687 0.224806 6.881841 13.017670 0.224806 6.881841 12.738902 0.224803 6.881841 12.517670 0.224800 6.881841 12.375630 0.224797 6.881841 12.326687 0.224797 6.881841 11.924707 3.302754 0.000000 11.924707 3.302754 0.688184 11.924707 4.328740 0.688184 11.924707 4.328740 0.000000 11.924707 3.302754 0.000000 12.326687 3.302754 0.000000 11.924707 4.328740 0.000000 11.924707 4.328740 0.000000 12.326687 3.302758 0.000000 12.375630 4.328744 0.000000 12.375630 3.302762 0.000000 12.517670 4.328748 0.000000 12.517670 3.302762 0.000000 12.738902 4.328750 0.000000 12.738902 3.302764 0.000000 13.017670 4.328750 0.000000 13.017670 3.302766 0.000000 13.326687 4.328752 0.000000 13.326687 3.302764 0.000000 13.635704 4.328750 0.000000 13.635704 3.302762 0.000000 13.914471 4.328750 0.000000 13.914471 3.302762 0.000000 14.135704 4.328748 0.000000 14.135704 3.302758 0.000000 14.277743 4.328744 0.000000 14.277743 3.302754 0.000000 14.326687 4.328740 0.000000 14.326687 3.302754 0.000000 14.728667 4.328740 0.000000 14.728667 4.328740 0.688184 14.728667 3.302754 0.688184 14.728667 3.302754 0.000000 14.728667 4.328740 0.000000 14.728667 3.302754 6.881841 14.326687 
						3.302754 6.881841 14.728667 4.328740 6.881841 14.728667 4.328740 6.881841 14.326687 3.302758 6.881841 14.277743 4.328744 6.881841 14.277743 3.302762 6.881841 14.135704 4.328748 6.881841 14.135704 3.302762 6.881841 13.914471 4.328750 6.881841 13.914471 3.302764 6.881841 13.635704 4.328750 6.881841 13.635704 3.302766 6.881841 13.326687 4.328752 6.881841 13.326687 3.302764 6.881841 13.017670 4.328750 6.881841 13.017670 3.302762 6.881841 12.738902 4.328750 6.881841 12.738902 3.302762 6.881841 12.517670 4.328748 6.881841 12.517670 3.302758 6.881841 12.375630 4.328744 6.881841 12.375630 3.302754 6.881841 12.326687 4.328740 6.881841 12.326687 3.302754 6.881841 11.924707 4.328740 6.881841 11.924707 1.250783 0.000000 11.924707 1.250783 0.688184 11.924707 2.276769 0.688184 11.924707 2.276769 0.000000 11.924707 1.250783 0.000000 12.326687 1.250783 0.000000 11.924707 2.276769 0.000000 11.924707 2.276769 0.000000 12.326687 1.250786 0.000000 12.375630 2.276772 0.000000 12.375630 1.250789 0.000000 12.517670 2.276775 0.000000 12.517670 1.250792 0.000000 12.738902 2.276777 0.000000 12.738902 1.250793 0.000000 13.017670 2.276778 0.000000 13.017670 1.250793 0.000000 13.326687 2.276780 0.000000 13.326687 1.250793 0.000000 13.635704 2.276778 0.000000 13.635704 1.250792 0.000000 13.914471 2.276777 0.000000 13.914471 1.250789 0.000000 14.135704 2.276775 0.000000 14.135704 1.250786 0.000000 14.277743 2.276772 0.000000 14.277743 1.250783 0.000000 14.326687 2.276769 0.000000 14.326687 1.250783 0.000000 14.728667 2.276769 0.000000 14.728667 2.276769 0.688184 14.728667 1.250783 0.688184 14.728667 1.250783 0.000000 14.728667 2.276769 0.000000 14.728667 1.250783 6.881841 14.326687 1.250783 6.881841 14.728667 2.276769 6.881841 14.728667 2.276769 6.881841 14.326687 1.250786 6.881841 14.277743 
						2.276772 6.881841 14.277743 1.250789 6.881841 14.135704 2.276775 6.881841 14.135704 1.250792 6.881841 13.914471 2.276777 6.881841 13.914471 1.250793 6.881841 13.635704 2.276778 6.881841 13.635704 1.250793 6.881841 13.326687 2.276780 6.881841 13.326687 1.250793 6.881841 13.017670 2.276778 6.881841 13.017670 1.250792 6.881841 12.738902 2.276777 6.881841 12.738902 1.250789 6.881841 12.517670 2.276775 6.881841 12.517670 1.250786 6.881841 12.375630 2.276772 6.881841 12.375630 1.250783 6.881841 12.326687 2.276769 6.881841 12.326687 1.250783 6.881841 11.924707 2.276769 6.881841 11.924707 5.354726 0.000000 11.924707 5.354726 0.688184 11.924707 6.278113 0.688184 11.924707 6.278113 0.000000 11.924707 5.354726 0.000000 12.326687 5.354726 0.000000 11.924707 6.278113 0.000000 11.924707 6.278113 0.000000 12.326687 5.354730 0.000000 12.375630 6.278117 0.000000 12.375630 5.354732 0.000000 12.517670 6.278119 0.000000 12.517670 5.354735 0.000000 12.738902 6.278123 0.000000 12.738902 5.354735 0.000000 13.017670 6.278123 0.000000 13.017670 5.354737 0.000000 13.326687 6.278123 0.000000 13.326687 5.354735 0.000000 13.635704 6.278123 0.000000 13.635704 5.354735 0.000000 13.914471 6.278123 0.000000 13.914471 5.354732 0.000000 14.135704 6.278119 0.000000 14.135704 5.354730 0.000000 14.277743 6.278117 0.000000 14.277743 5.354726 0.000000 14.326687 6.278113 0.000000 14.326687 5.354726 0.000000 14.728667 6.278113 0.000000 14.728667 6.278113 0.688184 14.728667 5.354726 0.688184 14.728667 5.354726 0.000000 14.728667 6.278113 0.000000 14.728667 5.354726 6.881841 14.326687 5.354726 6.881841 14.728667 6.278113 6.881841 14.728667 6.278113 6.881841 14.326687 5.354730 6.881841 14.277743 6.278117 6.881841 14.277743 5.354732 6.881841 14.135704 6.278119 6.881841 14.135704 5.354735 6.881841 13.914471 
						6.278123 6.881841 13.914471 5.354735 6.881841 13.635704 6.278123 6.881841 13.635704 5.354737 6.881841 13.326687 6.278123 6.881841 13.326687 5.354735 6.881841 13.017670 6.278123 6.881841 13.017670 5.354735 6.881841 12.738902 6.278123 6.881841 12.738902 5.354732 6.881841 12.517670 6.278119 6.881841 12.517670 5.354730 6.881841 12.375630 6.278117 6.881841 12.375630 5.354726 6.881841 12.326687 6.278113 6.881841 12.326687 5.354726 6.881841 11.924707 6.278113 6.881841 11.924707 7.201501 0.000000 11.924707 7.201501 0.688184 11.924707 7.201501 0.000000 12.326687 7.201501 0.000000 11.924707 7.201505 0.000000 12.375630 7.201509 0.000000 12.517670 7.201509 0.000000 12.738902 7.201510 0.000000 13.017669 7.201512 0.000000 13.326687 7.201510 0.000000 13.635704 7.201509 0.000000 13.914471 7.201509 0.000000 14.135704 7.201505 0.000000 14.277743 7.201501 0.000000 14.326687 7.201501 0.000000 14.728666 7.201501 0.688184 14.728666 7.201501 0.000000 14.728666 7.201501 6.881841 14.326687 7.201501 6.881841 14.728666 7.201505 6.881841 14.277743 7.201509 6.881841 14.135704 7.201509 6.881841 13.914471 7.201510 6.881841 13.635704 7.201512 6.881841 13.326687 7.201510 6.881841 13.017669 7.201509 6.881841 12.738902 7.201509 6.881841 12.517670 7.201505 6.881841 12.375630 7.201501 6.881841 12.326687 7.201501 6.881841 11.924707 7.201501 6.881841 12.326687 -2.028790 6.881841 12.326686 -2.028790 6.881841 11.924707 -2.028790 6.881841 11.924707 -0.801188 6.881841 11.924707 0.224797 6.881841 11.924707 1.075854 2.170481 12.113684 0.399727 2.170481 12.113684 0.399727 6.252070 12.113684 1.075854 6.252070 12.113684 1.250783 6.881841 11.924707 2.276769 6.881841 11.924707 3.127820 2.170481 12.113684 2.451700 2.170481 12.113684 2.451700 6.252070 12.113684 3.127820 6.252070 12.113684 3.302754 6.881841 11.924707 
						4.328740 6.881841 11.924707 5.179793 2.170481 12.113684 4.503673 2.170481 12.113684 4.503673 6.252070 12.113684 5.179793 6.252070 12.113684 5.354726 6.881841 11.924707 6.278113 6.881841 11.924707 7.044065 2.170481 12.113684 6.435550 2.170481 12.113684 6.435550 6.252070 12.113684 7.044065 6.252070 12.113684 7.201501 6.881841 11.924707 7.406697 6.881841 11.924707 7.904195 6.881841 11.924707 7.904195 6.881841 12.326686 7.904195 6.881841 11.924707 7.904195 6.881841 12.326686 8.213212 6.881841 12.375630 8.491979 6.881841 12.517669 8.713212 6.881841 12.738902 8.713212 6.881841 12.738902 8.855250 6.881841 13.017669 8.904195 6.881841 13.326687 8.855250 6.881841 13.635704 8.713212 6.881841 13.914472 8.713212 6.881841 13.914472 8.491979 6.881841 14.135704 8.213212 6.881841 14.277743 7.904195 6.881841 14.326687 7.904195 6.881841 14.326687 7.904195 6.881841 14.728666 7.406697 6.881841 14.728666 7.904195 6.881841 14.728666 7.201501 6.881841 14.728666 6.435550 6.252070 14.539690 6.435550 2.170481 14.539690 7.044065 2.170481 14.539690 7.044065 6.252070 14.539690 5.354726 6.881841 14.728667 6.278113 6.881841 14.728667 4.503673 6.252070 14.539690 4.503673 2.170480 14.539690 5.179793 2.170480 14.539690 5.179793 6.252070 14.539690 3.302754 6.881841 14.728667 4.328740 6.881841 14.728667 2.451700 6.252070 14.539690 2.451700 2.170481 14.539690 3.127820 2.170481 14.539690 3.127820 6.252070 14.539690 1.250783 6.881841 14.728667 2.276769 6.881841 14.728667 0.399727 6.252070 14.539690 0.399727 2.170480 14.539690 1.075854 2.170480 14.539690 1.075854 6.252070 14.539690 -0.801188 6.881841 14.728667 0.224797 6.881841 14.728667 -2.028790 6.881841 14.728666 -2.028790 6.881841 14.326687 -2.028790 6.881841 14.728666 -2.028790 6.881841 14.326687 -1.700585 6.881841 14.277743 -1.404502 6.881841 14.135704 
						-1.169554 6.881841 13.914471 -1.169554 6.881841 13.914471 -1.018683 6.881841 13.635704 -0.966702 6.881841 13.326687 -1.018683 6.881841 13.017669 -1.169554 6.881841 12.738901 -1.169554 6.881841 12.738901 -1.404502 6.881841 12.517669 -1.700585 6.881841 12.375630 -2.028790 6.881841 12.326686 3.302754 0.000000 11.924707 3.302754 0.000000 12.326687 3.302754 0.688184 12.326687 3.302754 0.688184 11.924707 3.302754 0.000000 12.326687 3.302758 0.000000 12.375630 3.302758 0.688184 12.375630 3.302754 0.688184 12.326687 3.302758 0.000000 12.375630 3.302762 0.000000 12.517670 3.302762 0.688184 12.517670 3.302758 0.688184 12.375630 3.302762 0.000000 12.517670 3.302762 0.000000 12.738902 3.302762 0.688184 12.738902 3.302762 0.688184 12.517670 3.302764 0.000000 13.017670 3.302764 0.688184 13.017670 3.302762 0.688184 12.738902 3.302764 0.000000 13.017670 3.302766 0.000000 13.326687 3.302766 0.688184 13.326687 3.302764 0.000000 13.635704 3.302764 0.688184 13.635704 3.302766 0.688184 13.326687 3.302764 0.000000 13.635704 3.302762 0.000000 13.914471 3.302762 0.688184 13.914471 3.302764 0.688184 13.635704 3.302762 0.000000 13.914471 3.302762 0.000000 14.135704 3.302762 0.688184 14.135704 3.302762 0.000000 14.135704 3.302758 0.000000 14.277743 3.302758 0.688184 14.277743 3.302762 0.688184 14.135704 3.302758 0.000000 14.277743 3.302754 0.000000 14.326687 3.302754 0.688184 14.326687 3.302758 0.688184 14.277743 3.302754 0.000000 14.326687 3.302754 0.000000 14.728667 3.302754 0.688184 14.728667 3.302754 0.688184 14.326687 1.250783 0.000000 11.924707 1.250783 0.000000 12.326687 1.250783 0.688184 12.326687 1.250783 0.688184 11.924707 1.250783 0.000000 12.326687 1.250786 0.000000 12.375630 1.250786 0.688184 12.375630 1.250783 0.688184 12.326687 1.250786 0.000000 12.375630 1.250789 0.000000 12.517670 
						1.250789 0.688184 12.517670 1.250786 0.688184 12.375630 1.250789 0.000000 12.517670 1.250792 0.000000 12.738902 1.250792 0.688184 12.738902 1.250789 0.688184 12.517670 1.250793 0.000000 13.017670 1.250793 0.688184 13.017670 1.250793 0.000000 13.017670 1.250793 0.000000 13.326687 1.250793 0.688184 13.326687 1.250793 0.000000 13.635704 1.250793 0.688184 13.635704 1.250792 0.000000 13.914471 1.250792 0.688184 13.914471 1.250789 0.000000 14.135704 1.250789 0.688184 14.135704 1.250789 0.000000 14.135704 1.250786 0.000000 14.277743 1.250786 0.688184 14.277743 1.250789 0.688184 14.135704 1.250786 0.000000 14.277743 1.250783 0.000000 14.326687 1.250783 0.688184 14.326687 1.250786 0.688184 14.277743 1.250783 0.000000 14.326687 1.250783 0.000000 14.728667 1.250783 0.688184 14.728667 1.250783 0.688184 14.326687 5.354726 0.000000 11.924707 5.354726 0.000000 12.326687 5.354726 0.688184 12.326687 5.354726 0.688184 11.924707 5.354726 0.000000 12.326687 5.354730 0.000000 12.375630 5.354730 0.688184 12.375630 5.354726 0.688184 12.326687 5.354730 0.000000 12.375630 5.354732 0.000000 12.517670 5.354732 0.688184 12.517670 5.354730 0.688184 12.375630 5.354735 0.000000 12.738902 5.354735 0.688184 12.738902 5.354735 0.000000 13.017670 5.354735 0.688184 13.017670 5.354735 0.688184 12.738902 5.354735 0.000000 13.017670 5.354737 0.000000 13.326687 5.354737 0.688184 13.326687 5.354735 0.000000 13.635704 5.354735 0.688184 13.635704 5.354737 0.688184 13.326687 5.354735 0.000000 13.635704 5.354735 0.000000 13.914471 5.354735 0.688184 13.914471 5.354735 0.688184 13.635704 5.354735 0.000000 13.914471 5.354732 0.000000 14.135704 5.354732 0.688184 14.135704 5.354730 0.000000 14.277743 5.354730 0.688184 14.277743 5.354732 0.688184 14.135704 5.354730 0.000000 14.277743 5.354726 0.000000 14.326687 
						5.354726 0.688184 14.326687 5.354730 0.688184 14.277743 5.354726 0.000000 14.326687 5.354726 0.000000 14.728667 5.354726 0.688184 14.728667 5.354726 0.688184 14.326687 7.201501 0.000000 11.924707 7.201501 0.000000 12.326687 7.201501 0.688184 12.326687 7.201501 0.688184 11.924707 7.201501 0.000000 12.326687 7.201505 0.000000 12.375630 7.201505 0.688184 12.375630 7.201501 0.688184 12.326687 7.201505 0.000000 12.375630 7.201509 0.000000 12.517670 7.201509 0.688184 12.517670 7.201505 0.688184 12.375630 7.201509 0.000000 12.517670 7.201509 0.000000 12.738902 7.201509 0.688184 12.738902 7.201509 0.688184 12.517670 7.201510 0.000000 13.017669 7.201510 0.688184 13.017669 7.201509 0.688184 12.738902 7.201510 0.000000 13.017669 7.201512 0.000000 13.326687 7.201512 0.688184 13.326687 7.201510 0.000000 13.635704 7.201510 0.688184 13.635704 7.201512 0.688184 13.326687 7.201510 0.000000 13.635704 7.201509 0.000000 13.914471 7.201509 0.688184 13.914471 7.201510 0.688184 13.635704 7.201509 0.000000 13.914471 7.201509 0.000000 14.135704 7.201509 0.688184 14.135704 7.201509 0.000000 14.135704 7.201505 0.000000 14.277743 7.201505 0.688184 14.277743 7.201509 0.688184 14.135704 7.201505 0.000000 14.277743 7.201501 0.000000 14.326687 7.201501 0.688184 14.326687 7.201505 0.688184 14.277743 7.201501 0.000000 14.326687 7.201501 0.000000 14.728666 7.201501 0.688184 14.728666 7.201501 0.688184 14.326687 6.278113 0.000000 12.326687 6.278113 0.000000 11.924707 6.278113 0.688184 11.924707 6.278113 0.688184 12.326687 6.278117 0.000000 12.375630 6.278113 0.000000 12.326687 6.278113 0.688184 12.326687 6.278117 0.688184 12.375630 6.278119 0.000000 12.517670 6.278117 0.000000 12.375630 6.278117 0.688184 12.375630 6.278119 0.688184 12.517670 6.278123 0.000000 12.738902 6.278119 0.000000 12.517670 
						6.278119 0.688184 12.517670 6.278123 0.688184 12.738902 6.278123 0.000000 13.017670 6.278123 0.000000 12.738902 6.278123 0.688184 13.017670 6.278123 0.000000 13.326687 6.278123 0.688184 13.017670 6.278123 0.688184 13.326687 6.278123 0.000000 13.635704 6.278123 0.000000 13.326687 6.278123 0.688184 13.635704 6.278123 0.000000 13.914471 6.278123 0.000000 13.635704 6.278123 0.688184 13.635704 6.278123 0.688184 13.914471 6.278119 0.000000 14.135704 6.278123 0.688184 13.914471 6.278119 0.688184 14.135704 6.278117 0.000000 14.277743 6.278119 0.000000 14.135704 6.278119 0.688184 14.135704 6.278117 0.688184 14.277743 6.278113 0.000000 14.326687 6.278117 0.000000 14.277743 6.278117 0.688184 14.277743 6.278113 0.688184 14.326687 6.278113 0.000000 14.728667 6.278113 0.000000 14.326687 6.278113 0.688184 14.326687 6.278113 0.688184 14.728667 4.328740 0.000000 12.326687 4.328740 0.000000 11.924707 4.328740 0.688184 11.924707 4.328740 0.688184 12.326687 4.328744 0.000000 12.375630 4.328740 0.000000 12.326687 4.328740 0.688184 12.326687 4.328744 0.688184 12.375630 4.328748 0.000000 12.517670 4.328744 0.000000 12.375630 4.328744 0.688184 12.375630 4.328748 0.688184 12.517670 4.328750 0.000000 12.738902 4.328748 0.000000 12.517670 4.328748 0.688184 12.517670 4.328750 0.688184 12.738902 4.328750 0.000000 13.017670 4.328750 0.000000 12.738902 4.328750 0.688184 13.017670 4.328752 0.000000 13.326687 4.328750 0.688184 13.017670 4.328752 0.688184 13.326687 4.328750 0.000000 13.635704 4.328752 0.000000 13.326687 4.328750 0.688184 13.635704 4.328750 0.000000 13.914471 4.328750 0.688184 13.635704 4.328750 0.688184 13.914471 4.328748 0.000000 14.135704 4.328748 0.688184 14.135704 4.328744 0.000000 14.277743 4.328748 0.000000 14.135704 4.328748 0.688184 14.135704 4.328744 0.688184 14.277743 
						4.328740 0.000000 14.326687 4.328744 0.000000 14.277743 4.328744 0.688184 14.277743 4.328740 0.688184 14.326687 4.328740 0.000000 14.728667 4.328740 0.000000 14.326687 4.328740 0.688184 14.326687 4.328740 0.688184 14.728667 2.276769 0.000000 12.326687 2.276769 0.000000 11.924707 2.276769 0.688184 11.924707 2.276769 0.688184 12.326687 2.276772 0.000000 12.375630 2.276769 0.000000 12.326687 2.276769 0.688184 12.326687 2.276772 0.688184 12.375630 2.276775 0.000000 12.517670 2.276772 0.000000 12.375630 2.276772 0.688184 12.375630 2.276775 0.688184 12.517670 2.276777 0.000000 12.738902 2.276775 0.000000 12.517670 2.276775 0.688184 12.517670 2.276777 0.688184 12.738902 2.276778 0.000000 13.017670 2.276777 0.000000 12.738902 2.276778 0.688184 13.017670 2.276780 0.000000 13.326687 2.276778 0.688184 13.017670 2.276780 0.688184 13.326687 2.276778 0.000000 13.635704 2.276780 0.000000 13.326687 2.276778 0.688184 13.635704 2.276777 0.000000 13.914471 2.276778 0.688184 13.635704 2.276777 0.688184 13.914471 2.276775 0.000000 14.135704 2.276775 0.688184 14.135704 2.276772 0.000000 14.277743 2.276775 0.000000 14.135704 2.276775 0.688184 14.135704 2.276772 0.688184 14.277743 2.276769 0.000000 14.326687 2.276772 0.000000 14.277743 2.276772 0.688184 14.277743 2.276769 0.688184 14.326687 2.276769 0.000000 14.728667 2.276769 0.000000 14.326687 2.276769 0.688184 14.326687 2.276769 0.688184 14.728667 0.224797 0.000000 12.326687 0.224797 0.000000 11.924707 0.224797 0.688184 11.924707 0.224797 0.688184 12.326687 0.224800 0.000000 12.375630 0.224797 0.000000 12.326687 0.224797 0.688184 12.326687 0.224800 0.688184 12.375630 0.224803 0.000000 12.517670 0.224800 0.000000 12.375630 0.224800 0.688184 12.375630 0.224803 0.688184 12.517670 0.224806 0.000000 12.738902 0.224803 0.000000 12.517670 
						0.224803 0.688184 12.517670 0.224806 0.688184 12.738902 0.224806 0.000000 13.017670 0.224806 0.688184 13.017670 0.224807 0.000000 13.326687 0.224806 0.688184 13.017670 0.224807 0.688184 13.326687 0.224806 0.000000 13.635704 0.224807 0.000000 13.326687 0.224806 0.688184 13.635704 0.224806 0.000000 13.914471 0.224806 0.688184 13.635704 0.224806 0.688184 13.914471 0.224803 0.000000 14.135704 0.224803 0.688184 14.135704 0.224800 0.000000 14.277743 0.224803 0.000000 14.135704 0.224803 0.688184 14.135704 0.224800 0.688184 14.277743 0.224797 0.000000 14.326687 0.224800 0.000000 14.277743 0.224800 0.688184 14.277743 0.224797 0.688184 14.326687 0.224797 0.000000 14.728667 0.224797 0.000000 14.326687 0.224797 0.688184 14.326687 0.224797 0.688184 14.728667 1.250783 0.688184 11.924707 1.250783 0.688184 12.326687 0.224797 0.688184 12.326687 0.224797 0.688184 11.924707 1.250786 0.688184 12.375630 0.224800 0.688184 12.375630 1.250789 0.688184 12.517670 0.224803 0.688184 12.517670 1.250792 0.688184 12.738902 0.224806 0.688184 12.738902 1.250793 0.688184 13.017670 0.224806 0.688184 13.017670 1.250793 0.688184 13.326687 0.224807 0.688184 13.326687 1.250793 0.688184 13.635704 0.224806 0.688184 13.635704 1.250792 0.688184 13.914471 0.224806 0.688184 13.914471 1.250789 0.688184 14.135704 0.224803 0.688184 14.135704 1.250786 0.688184 14.277743 0.224800 0.688184 14.277743 1.250783 0.688184 14.326687 0.224797 0.688184 14.326687 1.250783 0.688184 14.728667 0.224797 0.688184 14.728667 3.302754 0.688184 11.924707 3.302754 0.688184 12.326687 2.276769 0.688184 12.326687 2.276769 0.688184 11.924707 3.302758 0.688184 12.375630 2.276772 0.688184 12.375630 3.302762 0.688184 12.517670 2.276775 0.688184 12.517670 3.302762 0.688184 12.738902 2.276777 0.688184 12.738902 3.302764 0.688184 13.017670 
						2.276778 0.688184 13.017670 3.302766 0.688184 13.326687 2.276780 0.688184 13.326687 3.302764 0.688184 13.635704 2.276778 0.688184 13.635704 3.302762 0.688184 13.914471 2.276777 0.688184 13.914471 3.302762 0.688184 14.135704 2.276775 0.688184 14.135704 3.302758 0.688184 14.277743 2.276772 0.688184 14.277743 3.302754 0.688184 14.326687 2.276769 0.688184 14.326687 3.302754 0.688184 14.728667 2.276769 0.688184 14.728667 5.354726 0.688184 11.924707 5.354726 0.688184 12.326687 4.328740 0.688184 12.326687 4.328740 0.688184 11.924707 5.354730 0.688184 12.375630 4.328744 0.688184 12.375630 5.354732 0.688184 12.517670 4.328748 0.688184 12.517670 5.354735 0.688184 12.738902 4.328750 0.688184 12.738902 5.354735 0.688184 13.017670 4.328750 0.688184 13.017670 5.354737 0.688184 13.326687 4.328752 0.688184 13.326687 5.354735 0.688184 13.635704 4.328750 0.688184 13.635704 5.354735 0.688184 13.914471 4.328750 0.688184 13.914471 5.354732 0.688184 14.135704 4.328748 0.688184 14.135704 5.354730 0.688184 14.277743 4.328744 0.688184 14.277743 5.354726 0.688184 14.326687 4.328740 0.688184 14.326687 5.354726 0.688184 14.728667 4.328740 0.688184 14.728667 7.201501 0.688184 11.924707 7.201501 0.688184 12.326687 6.278113 0.688184 12.326687 6.278113 0.688184 11.924707 7.201505 0.688184 12.375630 6.278117 0.688184 12.375630 7.201509 0.688184 12.517670 6.278119 0.688184 12.517670 7.201509 0.688184 12.738902 6.278123 0.688184 12.738902 7.201510 0.688184 13.017669 6.278123 0.688184 13.017670 7.201512 0.688184 13.326687 6.278123 0.688184 13.326687 7.201510 0.688184 13.635704 6.278123 0.688184 13.635704 7.201509 0.688184 13.914471 6.278123 0.688184 13.914471 7.201509 0.688184 14.135704 6.278119 0.688184 14.135704 7.201505 0.688184 14.277743 6.278117 0.688184 14.277743 7.201501 0.688184 14.326687 
						6.278113 0.688184 14.326687 7.201501 0.688184 14.728666 6.278113 0.688184 14.728667 1.250783 0.688184 11.924707 0.224797 0.688184 11.924707 0.399727 2.170481 12.113684 1.075854 2.170481 12.113684 0.224797 0.688184 11.924707 0.224797 6.881841 11.924707 0.399727 6.252070 12.113684 0.399727 2.170481 12.113684 0.224797 6.881841 11.924707 1.250783 6.881841 11.924707 1.075854 6.252070 12.113684 0.399727 6.252070 12.113684 1.250783 6.881841 11.924707 1.250783 0.688184 11.924707 1.075854 2.170481 12.113684 1.075854 6.252070 12.113684 3.302754 0.688184 11.924707 2.276769 0.688184 11.924707 2.451700 2.170481 12.113684 3.127820 2.170481 12.113684 2.276769 0.688184 11.924707 2.276769 6.881841 11.924707 2.451700 6.252070 12.113684 2.451700 2.170481 12.113684 2.276769 6.881841 11.924707 3.302754 6.881841 11.924707 3.127820 6.252070 12.113684 2.451700 6.252070 12.113684 3.302754 6.881841 11.924707 3.302754 0.688184 11.924707 3.127820 2.170481 12.113684 3.127820 6.252070 12.113684 5.354726 0.688184 11.924707 4.328740 0.688184 11.924707 4.503673 2.170481 12.113684 5.179793 2.170481 12.113684 4.328740 0.688184 11.924707 4.328740 6.881841 11.924707 4.503673 6.252070 12.113684 4.503673 2.170481 12.113684 4.328740 6.881841 11.924707 5.354726 6.881841 11.924707 5.179793 6.252070 12.113684 4.503673 6.252070 12.113684 5.354726 6.881841 11.924707 5.354726 0.688184 11.924707 5.179793 2.170481 12.113684 5.179793 6.252070 12.113684 7.201501 0.688184 11.924707 6.278113 0.688184 11.924707 6.435550 2.170481 12.113684 7.044065 2.170481 12.113684 6.278113 0.688184 11.924707 6.278113 6.881841 11.924707 6.435550 6.252070 12.113684 6.435550 2.170481 12.113684 6.278113 6.881841 11.924707 7.201501 6.881841 11.924707 7.044065 6.252070 12.113684 6.435550 6.252070 12.113684 7.201501 6.881841 11.924707 
						7.201501 0.688184 11.924707 7.044065 2.170481 12.113684 7.044065 6.252070 12.113684 6.278113 6.881841 14.728667 6.278113 0.688184 14.728667 6.435550 2.170481 14.539690 6.435550 6.252070 14.539690 6.278113 0.688184 14.728667 7.201501 0.688184 14.728666 7.044065 2.170481 14.539690 6.435550 2.170481 14.539690 7.201501 0.688184 14.728666 7.201501 6.881841 14.728666 7.044065 6.252070 14.539690 7.044065 2.170481 14.539690 7.201501 6.881841 14.728666 6.278113 6.881841 14.728667 6.435550 6.252070 14.539690 7.044065 6.252070 14.539690 4.328740 6.881841 14.728667 4.328740 0.688184 14.728667 4.503673 2.170480 14.539690 4.503673 6.252070 14.539690 4.328740 0.688184 14.728667 5.354726 0.688184 14.728667 5.179793 2.170480 14.539690 4.503673 2.170480 14.539690 5.354726 0.688184 14.728667 5.354726 6.881841 14.728667 5.179793 6.252070 14.539690 5.179793 2.170480 14.539690 5.354726 6.881841 14.728667 4.328740 6.881841 14.728667 4.503673 6.252070 14.539690 5.179793 6.252070 14.539690 2.276769 6.881841 14.728667 2.276769 0.688184 14.728667 2.451700 2.170481 14.539690 2.451700 6.252070 14.539690 2.276769 0.688184 14.728667 3.302754 0.688184 14.728667 3.127820 2.170481 14.539690 2.451700 2.170481 14.539690 3.302754 0.688184 14.728667 3.302754 6.881841 14.728667 3.127820 6.252070 14.539690 3.127820 2.170481 14.539690 3.302754 6.881841 14.728667 2.276769 6.881841 14.728667 2.451700 6.252070 14.539690 3.127820 6.252070 14.539690 0.224797 6.881841 14.728667 0.224797 0.688184 14.728667 0.399727 2.170480 14.539690 0.399727 6.252070 14.539690 0.224797 0.688184 14.728667 1.250783 0.688184 14.728667 1.075854 2.170480 14.539690 0.399727 2.170480 14.539690 1.250783 0.688184 14.728667 1.250783 6.881841 14.728667 1.075854 6.252070 14.539690 1.075854 2.170480 14.539690 1.250783 6.881841 14.728667 
						0.224797 6.881841 14.728667 0.399727 6.252070 14.539690 1.075854 6.252070 14.539690 
					</float_array>
					<technique_common>
						<accessor count="1091" offset="0" source="#meshId3-positions-array" stride="3">
							<param name="X" type="float" />
							<param name="Y" type="float" />
							<param name="Z" type="float" />
						</accessor>
					</technique_common>
				</source>
				<source id="meshId3-normals" name="meshId3-normals">
					<float_array id="meshId3-normals-array" count="3273"> 
						-0.147494 -0.000002 0.989063 -0.292538 0.000000 0.956254 -0.292538 0.000000 0.956254 -0.147494 0.000000 0.989063 -0.564613 0.000000 0.825356 -0.564613 0.000000 0.825356 -0.791702 -0.000001 0.610907 -0.791702 0.000000 0.610907 -0.791702 -0.000001 0.610907 -0.945290 0.000000 0.326231 -0.945290 0.000000 0.326231 -0.791702 0.000000 0.610907 -1.000000 0.000000 0.000001 -1.000000 0.000000 0.000001 -0.945290 0.000000 -0.326231 -0.945290 0.000000 -0.326231 -0.791702 0.000000 -0.610908 -0.791702 0.000000 -0.610907 -0.791702 0.000000 -0.610908 -0.564614 0.000000 -0.825355 -0.564614 0.000000 -0.825355 -0.791702 0.000000 -0.610907 -0.292538 0.000000 -0.956254 -0.292538 -0.000000 -0.956254 -0.147494 0.000001 -0.989063 -0.147494 0.000000 -0.989063 0.156434 0.000000 0.987688 0.309017 0.000000 0.951056 0.309017 0.000000 0.951056 0.156434 0.000000 0.987688 0.587785 0.000001 0.809017 0.587785 0.000000 0.809017 0.809017 0.000001 0.587785 0.809017 0.000000 0.587785 0.809017 0.000001 0.587785 0.951056 0.000001 0.309017 0.951057 0.000000 0.309016 0.809017 0.000000 0.587785 1.000000 0.000001 0.000000 1.000000 0.000000 0.000000 0.951056 0.000001 -0.309017 0.951056 0.000000 -0.309017 0.809017 0.000002 -0.587785 0.809017 0.000000 -0.587785 0.809017 0.000002 -0.587785 0.587786 0.000001 -0.809016 0.587786 0.000000 -0.809016 0.809017 0.000000 -0.587785 0.309017 0.000000 -0.951056 0.309017 0.000000 -0.951056 0.156434 0.000000 -0.987688 0.156434 0.000000 -0.987688 -1.000000 0.000000 0.000000 -1.000000 0.000000 0.000000 -1.000000 0.000000 0.000000 -1.000000 0.000000 0.000000 -1.000000 0.000000 0.000000 -1.000000 0.000000 0.000000 -1.000000 0.000000 0.000000 -1.000000 0.000000 0.000000 1.000000 0.000000 0.000000 1.000000 0.000000 0.000000 1.000000 0.000000 0.000000 1.000000 0.000000 0.000000 
						1.000000 0.000000 0.000000 1.000000 0.000000 0.000000 1.000000 0.000000 0.000000 1.000000 0.000000 0.000000 0.000000 0.000000 -1.000000 0.000000 0.000000 -1.000000 0.000000 0.000000 -1.000000 0.000000 0.000000 -1.000000 0.000000 0.000000 1.000000 -0.000001 0.000000 1.000000 -0.000001 0.000000 1.000000 0.000000 0.000000 1.000000 0.000000 1.000000 0.000000 0.000000 1.000000 0.000000 0.000000 1.000000 0.000000 0.000000 1.000000 0.000000 0.000000 1.000000 0.000000 0.000000 1.000000 0.000000 0.000000 1.000000 0.000000 0.000000 1.000000 0.000000 0.000000 1.000000 0.000000 0.000000 1.000000 0.000000 0.000000 1.000000 0.000000 0.000000 1.000000 0.000000 -0.000002 1.000000 0.000000 -0.000002 1.000000 0.000000 0.000000 1.000000 0.000000 0.000000 1.000000 0.000000 0.000000 1.000000 0.000000 0.000000 1.000000 0.000000 0.000000 1.000000 0.000000 0.000000 1.000000 0.000000 0.000000 1.000000 0.000000 0.000000 1.000000 0.000000 0.000000 1.000000 0.000000 0.000000 1.000000 0.000000 0.000000 1.000000 0.000000 0.000000 1.000000 0.000000 0.000000 1.000000 0.000000 -0.000000 -1.000000 -0.000000 -0.000000 -1.000000 -0.000000 0.000000 -1.000000 0.000000 0.000000 -1.000000 0.000000 -0.000000 -1.000000 -0.000000 0.000000 -1.000000 0.000000 -0.000000 -1.000000 -0.000000 0.000000 -1.000000 0.000000 -0.000000 -1.000000 -0.000000 0.000000 -1.000000 0.000000 -0.000000 -1.000000 -0.000000 0.000000 -1.000000 0.000000 -0.000000 -1.000000 -0.000000 0.000000 -1.000000 0.000000 0.000000 -1.000000 0.000000 0.000000 -1.000000 0.000000 0.000000 -1.000000 0.000000 0.000000 -1.000000 0.000000 0.000000 -1.000000 0.000000 0.000000 -1.000000 0.000000 0.000000 -1.000000 0.000000 0.000000 -1.000000 0.000000 0.000000 -1.000000 0.000000 0.000000 -1.000000 0.000000 -0.000000 -1.000000 -0.000000 
						0.000000 -1.000000 0.000000 0.000000 0.000000 -1.000000 0.000000 0.000000 -1.000000 0.000000 0.000000 -1.000000 0.000000 0.000000 -1.000000 0.000000 -1.000000 0.000000 0.000000 -1.000000 0.000000 0.000000 -1.000000 0.000000 0.000000 -1.000000 0.000000 0.000000 -1.000000 0.000000 0.000000 -1.000000 0.000000 0.000000 -1.000000 0.000000 0.000000 -1.000000 0.000000 0.000000 -1.000000 0.000000 0.000000 -1.000000 0.000000 0.000000 -1.000000 0.000000 0.000000 -1.000000 0.000000 0.000000 -1.000000 0.000000 0.000000 -1.000000 0.000000 0.000000 -1.000000 0.000000 0.000000 -1.000000 0.000000 0.000000 -1.000000 0.000000 0.000000 -1.000000 0.000000 0.000000 -1.000000 0.000000 0.000000 -1.000000 0.000000 0.000000 -1.000000 0.000000 0.000000 -1.000000 0.000000 0.000000 -1.000000 0.000000 0.000000 -1.000000 0.000000 0.000000 -1.000000 0.000000 0.000000 -1.000000 0.000000 0.000000 0.000000 1.000000 -0.000001 0.000000 1.000000 -0.000001 -0.000001 1.000000 0.000000 -0.000001 1.000000 0.000000 1.000000 0.000000 0.000000 1.000000 0.000000 0.000000 1.000000 0.000000 0.000000 1.000000 0.000000 0.000000 1.000000 0.000000 0.000000 1.000000 0.000000 0.000000 1.000000 0.000000 0.000000 1.000000 0.000000 0.000000 1.000000 0.000000 0.000000 1.000000 0.000000 0.000000 1.000000 0.000000 0.000000 1.000000 0.000000 0.000000 1.000000 0.000000 0.000000 1.000000 0.000000 0.000000 1.000000 0.000000 0.000000 1.000000 0.000000 0.000000 1.000000 0.000000 0.000000 1.000000 0.000000 0.000000 1.000000 0.000000 0.000000 1.000000 0.000000 0.000000 1.000000 0.000000 0.000000 1.000000 0.000000 0.000000 1.000000 0.000000 0.000000 1.000000 0.000000 -0.000001 1.000000 0.000000 -0.000001 1.000000 0.000000 0.000000 1.000000 0.000000 0.000000 1.000000 0.000000 0.000000 0.000000 -1.000000 
						0.000000 0.000000 -1.000000 0.000000 -1.000000 0.000000 0.000000 -1.000000 0.000000 0.000000 -1.000000 0.000000 0.000000 -1.000000 0.000000 0.000000 -1.000000 0.000000 0.000000 -1.000000 0.000000 0.000000 -1.000000 0.000000 0.000000 -1.000000 0.000000 0.000000 -1.000000 0.000000 0.000000 -1.000000 0.000000 0.000000 -1.000000 0.000000 0.000000 -1.000000 0.000000 0.000000 -1.000000 0.000000 0.000000 0.000000 1.000000 0.000000 0.000000 1.000000 0.000000 1.000000 0.000000 0.000000 1.000000 0.000000 0.000000 1.000000 0.000000 0.000000 1.000000 0.000000 0.000000 1.000000 0.000000 0.000000 1.000000 0.000000 0.000000 1.000000 0.000000 0.000000 1.000000 0.000000 0.000000 1.000000 0.000000 0.000000 1.000000 0.000000 0.000000 1.000000 0.000000 0.000000 1.000000 0.000000 0.000000 1.000000 0.000000 0.000000 0.000000 -1.000000 0.000000 0.000000 -1.000000 0.000000 0.000000 -1.000000 0.000000 0.000000 -1.000000 0.000000 -1.000000 0.000000 0.000000 -1.000000 0.000000 0.000000 -1.000000 0.000000 0.000000 -1.000000 0.000000 0.000000 -1.000000 0.000000 0.000000 -1.000000 0.000000 0.000000 -1.000000 0.000000 0.000000 -1.000000 0.000000 0.000000 -1.000000 0.000000 0.000000 -1.000000 0.000000 0.000000 -1.000000 0.000000 0.000000 -1.000000 0.000000 0.000000 -1.000000 0.000000 0.000000 -1.000000 0.000000 0.000000 -1.000000 0.000000 0.000000 -1.000000 0.000000 0.000000 -1.000000 0.000000 0.000000 -1.000000 0.000000 0.000000 -1.000000 0.000000 0.000000 -1.000000 0.000000 0.000000 -1.000000 0.000000 0.000000 -1.000000 0.000000 0.000000 -1.000000 0.000000 0.000000 -1.000000 0.000000 0.000000 -1.000000 0.000000 0.000000 -1.000000 0.000000 0.000000 0.000000 1.000000 0.000000 0.000000 1.000000 0.000000 0.000000 1.000000 0.000000 0.000000 1.000000 0.000000 1.000000 0.000000 
						0.000000 1.000000 0.000000 0.000000 1.000000 0.000000 0.000000 1.000000 0.000000 0.000000 1.000000 0.000000 0.000000 1.000000 0.000000 0.000000 1.000000 0.000000 0.000000 1.000000 0.000000 0.000000 1.000000 0.000000 0.000000 1.000000 0.000000 0.000000 1.000000 0.000000 0.000000 1.000000 0.000000 0.000000 1.000000 0.000000 0.000000 1.000000 0.000000 0.000000 1.000000 0.000000 0.000000 1.000000 0.000000 0.000000 1.000000 0.000000 0.000000 1.000000 0.000000 0.000000 1.000000 0.000000 0.000000 1.000000 0.000000 0.000000 1.000000 0.000000 0.000000 1.000000 0.000000 0.000000 1.000000 0.000000 0.000000 1.000000 0.000000 0.000000 1.000000 0.000000 0.000000 1.000000 0.000000 0.000000 0.000000 -1.000000 0.000000 0.000000 -1.000000 0.000000 0.000000 -1.000000 0.000000 0.000000 -1.000000 0.000000 -1.000000 0.000000 0.000000 -1.000000 0.000000 0.000000 -1.000000 0.000000 0.000000 -1.000000 0.000000 0.000000 -1.000000 0.000000 0.000000 -1.000000 0.000000 0.000000 -1.000000 0.000000 0.000000 -1.000000 0.000000 0.000000 -1.000000 0.000000 0.000000 -1.000000 0.000000 0.000000 -1.000000 0.000000 0.000000 -1.000000 0.000000 0.000000 -1.000000 0.000000 0.000000 -1.000000 0.000000 0.000000 -1.000000 0.000000 0.000000 -1.000000 0.000000 0.000000 -1.000000 0.000000 0.000000 -1.000000 0.000000 0.000000 -1.000000 0.000000 0.000000 -1.000000 0.000000 0.000000 -1.000000 0.000000 0.000000 -1.000000 0.000000 0.000000 -1.000000 0.000000 0.000000 -1.000000 0.000000 0.000000 -1.000000 0.000000 0.000000 -1.000000 0.000000 0.000000 0.000000 1.000000 0.000000 0.000000 1.000000 0.000000 0.000000 1.000000 0.000000 0.000000 1.000000 0.000000 1.000000 0.000000 0.000000 1.000000 0.000000 0.000000 1.000000 0.000000 0.000000 1.000000 0.000000 0.000000 1.000000 0.000000 
						0.000000 1.000000 0.000000 0.000000 1.000000 0.000000 0.000000 1.000000 0.000000 0.000000 1.000000 0.000000 0.000000 1.000000 0.000000 0.000000 1.000000 0.000000 0.000000 1.000000 0.000000 0.000000 1.000000 0.000000 0.000000 1.000000 0.000000 0.000000 1.000000 0.000000 0.000000 1.000000 0.000000 0.000000 1.000000 0.000000 0.000000 1.000000 0.000000 0.000000 1.000000 0.000000 0.000000 1.000000 0.000000 0.000000 1.000000 0.000000 0.000000 1.000000 0.000000 0.000000 1.000000 0.000000 0.000000 1.000000 0.000000 0.000000 1.000000 0.000000 0.000000 1.000000 0.000000 0.000000 0.000000 -1.000000 0.000000 0.000000 -1.000000 0.000000 0.000000 -1.000000 0.000000 0.000000 -1.000000 0.000000 -1.000000 0.000000 0.000000 -1.000000 0.000000 0.000000 -1.000000 0.000000 0.000000 -1.000000 0.000000 0.000000 -1.000000 0.000000 0.000000 -1.000000 0.000000 0.000000 -1.000000 0.000000 0.000000 -1.000000 0.000000 0.000000 -1.000000 0.000000 0.000000 -1.000000 0.000000 0.000000 -1.000000 0.000000 0.000000 -1.000000 0.000000 0.000000 -1.000000 0.000000 0.000000 -1.000000 0.000000 0.000000 -1.000000 0.000000 0.000000 -1.000000 0.000000 0.000000 -1.000000 0.000000 0.000000 -1.000000 0.000000 0.000000 -1.000000 0.000000 0.000000 -1.000000 0.000000 0.000000 -1.000000 0.000000 0.000000 -1.000000 0.000000 0.000000 -1.000000 0.000000 0.000000 -1.000000 0.000000 0.000000 -1.000000 0.000000 0.000000 -1.000000 0.000000 0.000000 0.000000 1.000000 0.000000 0.000000 1.000000 0.000000 0.000000 1.000000 0.000000 0.000000 1.000000 0.000000 1.000000 0.000000 0.000000 1.000000 0.000000 0.000000 1.000000 0.000000 0.000000 1.000000 0.000000 0.000000 1.000000 0.000000 0.000000 1.000000 0.000000 0.000000 1.000000 0.000000 0.000000 1.000000 0.000000 0.000000 1.000000 0.000000 
						0.000000 1.000000 0.000000 0.000000 1.000000 0.000000 0.000000 1.000000 0.000000 0.000000 1.000000 0.000000 0.000000 1.000000 0.000000 0.000000 1.000000 0.000000 0.000000 1.000000 0.000000 0.000000 1.000000 0.000000 0.000000 1.000000 0.000000 0.000000 1.000000 0.000000 0.000000 1.000000 0.000000 0.000000 1.000000 0.000000 0.000000 1.000000 0.000000 0.000000 1.000000 0.000000 0.000000 1.000000 0.000000 0.000000 1.000000 0.000000 0.000000 1.000000 0.000000 0.000000 0.000000 -1.000000 0.000000 0.000000 -1.000000 0.000000 -1.000000 0.000000 0.000000 -1.000000 0.000000 0.000000 -1.000000 0.000000 0.000000 -1.000000 0.000000 0.000000 -1.000000 0.000000 0.000000 -1.000000 0.000000 0.000000 -1.000000 0.000000 0.000000 -1.000000 0.000000 0.000000 -1.000000 0.000000 0.000000 -1.000000 0.000000 0.000000 -1.000000 0.000000 0.000000 -1.000000 0.000000 0.000000 -1.000000 0.000000 -0.000002 0.000000 1.000000 -0.000002 -0.000002 1.000000 -0.000001 1.000000 0.000000 -0.000001 1.000000 0.000000 0.000000 1.000000 0.000000 0.000000 1.000000 0.000000 0.000000 1.000000 0.000000 0.000000 1.000000 0.000000 0.000000 1.000000 0.000000 0.000000 1.000000 0.000000 0.000000 1.000000 0.000000 0.000000 1.000000 0.000000 0.000000 1.000000 0.000000 0.000000 1.000000 0.000000 -0.000001 1.000000 0.000000 -0.000001 1.000000 0.000000 -1.000000 0.000000 0.000000 -1.000000 0.000000 0.000000 0.000000 0.000000 -1.000000 0.000000 0.000000 -1.000000 0.000000 0.000000 -1.000000 0.000000 0.000000 -1.000000 0.000000 0.000000 -1.000000 0.000000 0.000000 -1.000000 0.000000 0.000000 -1.000000 0.000000 0.000000 -1.000000 0.000000 0.000000 -1.000000 0.000000 0.000000 -1.000000 0.000000 0.000000 -1.000000 0.000000 0.000000 -1.000000 0.000000 0.000000 -1.000000 0.000000 0.000000 -1.000000 
						0.000000 0.000000 -1.000000 0.000000 0.000000 -1.000000 0.000000 0.000000 -1.000000 0.000000 0.000000 -1.000000 0.000000 0.000000 -1.000000 0.000000 0.000000 -1.000000 0.000000 0.000000 -1.000000 0.000000 0.000000 -1.000000 0.000000 0.000000 -1.000000 0.000000 0.000000 -1.000000 0.000000 0.000000 -1.000000 0.000000 0.000000 -1.000000 0.000000 0.000000 -1.000000 0.000000 0.000000 -1.000000 1.000000 0.000000 0.000000 1.000000 0.000000 0.000000 0.156434 0.000000 -0.987688 0.309017 0.000000 -0.951056 0.587786 0.000000 -0.809017 0.809017 0.000000 -0.587785 0.809017 0.000000 -0.587785 0.951056 0.000000 -0.309017 1.000000 0.000000 0.000000 0.951057 0.000000 0.309016 0.809017 0.000000 0.587785 0.809017 0.000000 0.587785 0.587785 0.000000 0.809017 0.309017 0.000000 0.951056 0.156434 0.000000 0.987688 1.000000 0.000000 0.000000 1.000000 0.000000 0.000000 -0.000001 0.000000 1.000000 0.000000 0.000000 1.000000 -0.000002 0.000000 1.000000 0.000002 0.000000 1.000000 0.000002 0.000000 1.000000 0.000002 0.000000 1.000000 0.000002 0.000000 1.000000 0.000000 0.000000 1.000000 0.000000 0.000000 1.000000 0.000000 0.000000 1.000000 0.000000 0.000000 1.000000 0.000000 0.000000 1.000000 0.000000 0.000000 1.000000 0.000000 0.000000 1.000000 0.000000 0.000000 1.000000 0.000000 0.000000 1.000000 0.000000 0.000000 1.000000 0.000000 0.000000 1.000000 0.000000 0.000000 1.000000 0.000000 0.000000 1.000000 0.000000 0.000000 1.000000 0.000000 0.000000 1.000000 0.000000 0.000000 1.000000 0.000000 0.000000 1.000000 0.000000 0.000000 1.000000 0.000000 0.000000 1.000000 0.000000 0.000000 1.000000 -0.000001 0.000000 1.000000 -1.000000 0.000000 0.000000 -1.000000 0.000000 0.000000 -0.147494 -0.000000 -0.989063 -0.292538 -0.000000 -0.956254 -0.564614 0.000000 -0.825355 
						-0.791702 0.000000 -0.610907 -0.791702 0.000000 -0.610907 -0.945290 0.000000 -0.326231 -1.000000 0.000000 0.000000 -0.945290 0.000000 0.326231 -0.791703 0.000000 0.610907 -0.791703 0.000000 0.610907 -0.564613 0.000000 0.825356 -0.292538 0.000000 0.956254 -0.147494 0.000000 0.989063 -1.000000 0.000000 0.000000 -1.000000 0.000000 0.000000 -1.000000 0.000000 0.000000 -1.000000 0.000000 0.000000 -1.000000 0.000000 0.000078 -1.000000 0.000000 0.000078 -1.000000 0.000000 0.000078 -1.000000 0.000000 0.000078 -1.000000 0.000000 0.000022 -1.000000 0.000000 0.000022 -1.000000 0.000000 0.000022 -1.000000 0.000000 0.000022 -1.000000 0.000000 0.000009 -1.000000 0.000000 0.000009 -1.000000 0.000000 0.000009 -1.000000 0.000000 0.000009 -1.000000 0.000000 0.000006 -1.000000 0.000000 0.000006 -1.000000 0.000000 0.000006 -1.000000 0.000000 0.000002 -1.000000 0.000000 0.000002 -1.000000 0.000000 0.000002 -1.000000 0.000000 -0.000002 -1.000000 0.000000 -0.000002 -1.000000 0.000000 -0.000002 -1.000000 0.000000 -0.000006 -1.000000 0.000000 -0.000006 -1.000000 0.000000 -0.000006 -1.000000 0.000000 -0.000006 -1.000000 0.000000 -0.000009 -1.000000 0.000000 -0.000009 -1.000000 0.000000 -0.000009 -1.000000 0.000000 -0.000022 -1.000000 0.000000 -0.000022 -1.000000 0.000000 -0.000022 -1.000000 0.000000 -0.000022 -1.000000 0.000000 -0.000078 -1.000000 0.000000 -0.000078 -1.000000 0.000000 -0.000078 -1.000000 0.000000 -0.000078 -1.000000 0.000000 0.000000 -1.000000 0.000000 0.000000 -1.000000 0.000000 0.000000 -1.000000 0.000000 0.000000 -1.000000 0.000000 0.000000 -1.000000 0.000000 0.000000 -1.000000 0.000000 0.000000 -1.000000 0.000000 0.000000 -1.000000 0.000000 0.000071 -1.000000 0.000000 0.000071 -1.000000 0.000000 0.000071 -1.000000 0.000000 0.000071 -1.000000 0.000000 0.000022 -1.000000 0.000000 0.000022 
						-1.000000 0.000000 0.000022 -1.000000 0.000000 0.000022 -1.000000 0.000000 0.000006 -1.000000 0.000000 0.000006 -1.000000 0.000000 0.000006 -1.000000 0.000000 0.000006 -1.000000 0.000000 0.000006 -1.000000 0.000000 0.000006 -1.000000 0.000000 0.000002 -1.000000 0.000000 0.000002 -1.000000 0.000000 0.000002 -1.000000 0.000000 -0.000002 -1.000000 0.000000 -0.000002 -1.000000 0.000000 -0.000006 -1.000000 0.000000 -0.000006 -1.000000 0.000000 -0.000006 -1.000000 0.000000 -0.000006 -1.000000 0.000000 -0.000022 -1.000000 0.000000 -0.000022 -1.000000 0.000000 -0.000022 -1.000000 0.000000 -0.000022 -1.000000 0.000000 -0.000071 -1.000000 0.000000 -0.000071 -1.000000 0.000000 -0.000071 -1.000000 0.000000 -0.000071 -1.000000 0.000000 0.000000 -1.000000 0.000000 0.000000 -1.000000 0.000000 0.000000 -1.000000 0.000000 0.000000 -1.000000 0.000000 0.000000 -1.000000 0.000000 0.000000 -1.000000 0.000000 0.000000 -1.000000 0.000000 0.000000 -1.000000 0.000000 0.000078 -1.000000 0.000000 0.000078 -1.000000 0.000000 0.000078 -1.000000 0.000000 0.000078 -1.000000 0.000000 0.000020 -1.000000 0.000000 0.000020 -1.000000 0.000000 0.000020 -1.000000 0.000000 0.000020 -1.000000 0.000000 0.000011 -1.000000 0.000000 0.000011 -1.000000 0.000000 0.000005 -1.000000 0.000000 0.000005 -1.000000 0.000000 0.000005 -1.000000 0.000000 0.000003 -1.000000 0.000000 0.000003 -1.000000 0.000000 0.000003 -1.000000 0.000000 -0.000003 -1.000000 0.000000 -0.000003 -1.000000 0.000000 -0.000003 -1.000000 0.000000 -0.000005 -1.000000 0.000000 -0.000005 -1.000000 0.000000 -0.000005 -1.000000 0.000000 -0.000005 -1.000000 0.000000 -0.000011 -1.000000 0.000000 -0.000011 -1.000000 0.000000 -0.000011 -1.000000 0.000000 -0.000020 -1.000000 0.000000 -0.000020 -1.000000 0.000000 -0.000020 -1.000000 0.000000 -0.000078 -1.000000 0.000000 -0.000078 
						-1.000000 0.000000 -0.000078 -1.000000 0.000000 -0.000078 -1.000000 0.000000 0.000000 -1.000000 0.000000 0.000000 -1.000000 0.000000 0.000000 -1.000000 0.000000 0.000000 -1.000000 0.000000 0.000000 -1.000000 0.000000 0.000000 -1.000000 0.000000 0.000000 -1.000000 0.000000 0.000000 -1.000000 0.000000 0.000078 -1.000000 0.000000 0.000078 -1.000000 0.000000 0.000078 -1.000000 0.000000 0.000078 -1.000000 0.000000 0.000027 -1.000000 0.000000 0.000027 -1.000000 0.000000 0.000027 -1.000000 0.000000 0.000027 -1.000000 0.000000 0.000009 -1.000000 0.000000 0.000009 -1.000000 0.000000 0.000009 -1.000000 0.000000 0.000009 -1.000000 0.000000 0.000006 -1.000000 0.000000 0.000006 -1.000000 0.000000 0.000006 -1.000000 0.000000 0.000001 -1.000000 0.000000 0.000001 -1.000000 0.000000 0.000001 -1.000000 0.000000 -0.000001 -1.000000 0.000000 -0.000001 -1.000000 0.000000 -0.000001 -1.000000 0.000000 -0.000006 -1.000000 0.000000 -0.000006 -1.000000 0.000000 -0.000006 -1.000000 0.000000 -0.000006 -1.000000 0.000000 -0.000009 -1.000000 0.000000 -0.000009 -1.000000 0.000000 -0.000009 -1.000000 0.000000 -0.000027 -1.000000 0.000000 -0.000027 -1.000000 0.000000 -0.000027 -1.000000 0.000000 -0.000027 -1.000000 0.000000 -0.000078 -1.000000 0.000000 -0.000078 -1.000000 0.000000 -0.000078 -1.000000 0.000000 -0.000078 -1.000000 0.000000 0.000000 -1.000000 0.000000 0.000000 -1.000000 0.000000 0.000000 -1.000000 0.000000 0.000000 1.000000 0.000000 0.000000 1.000000 0.000000 0.000000 1.000000 0.000000 0.000000 1.000000 0.000000 0.000000 1.000000 0.000000 -0.000078 1.000000 0.000000 -0.000078 1.000000 0.000000 -0.000078 1.000000 0.000000 -0.000078 1.000000 0.000000 -0.000024 1.000000 0.000000 -0.000024 1.000000 0.000000 -0.000024 1.000000 0.000000 -0.000024 1.000000 0.000000 -0.000009 1.000000 0.000000 -0.000009 
						1.000000 0.000000 -0.000009 1.000000 0.000000 -0.000009 1.000000 0.000000 -0.000007 1.000000 0.000000 -0.000007 1.000000 0.000000 -0.000007 1.000000 0.000000 -0.000002 1.000000 0.000000 -0.000002 1.000000 0.000000 -0.000002 1.000000 0.000000 0.000002 1.000000 0.000000 0.000002 1.000000 0.000000 0.000002 1.000000 0.000000 0.000007 1.000000 0.000000 0.000007 1.000000 0.000000 0.000007 1.000000 0.000000 0.000007 1.000000 0.000000 0.000009 1.000000 0.000000 0.000009 1.000000 0.000000 0.000009 1.000000 0.000000 0.000024 1.000000 0.000000 0.000024 1.000000 0.000000 0.000024 1.000000 0.000000 0.000024 1.000000 0.000000 0.000078 1.000000 0.000000 0.000078 1.000000 0.000000 0.000078 1.000000 0.000000 0.000078 1.000000 0.000000 0.000000 1.000000 0.000000 0.000000 1.000000 0.000000 0.000000 1.000000 0.000000 0.000000 1.000000 0.000000 0.000000 1.000000 0.000000 0.000000 1.000000 0.000000 0.000000 1.000000 0.000000 0.000000 1.000000 0.000000 -0.000078 1.000000 0.000000 -0.000078 1.000000 0.000000 -0.000078 1.000000 0.000000 -0.000078 1.000000 0.000000 -0.000024 1.000000 0.000000 -0.000024 1.000000 0.000000 -0.000024 1.000000 0.000000 -0.000024 1.000000 0.000000 -0.000009 1.000000 0.000000 -0.000009 1.000000 0.000000 -0.000009 1.000000 0.000000 -0.000009 1.000000 0.000000 -0.000005 1.000000 0.000000 -0.000005 1.000000 0.000000 -0.000005 1.000000 0.000000 -0.000003 1.000000 0.000000 -0.000003 1.000000 0.000000 -0.000003 1.000000 0.000000 0.000003 1.000000 0.000000 0.000003 1.000000 0.000000 0.000003 1.000000 0.000000 0.000005 1.000000 0.000000 0.000005 1.000000 0.000000 0.000005 1.000000 0.000000 0.000009 1.000000 0.000000 0.000009 1.000000 0.000000 0.000024 1.000000 0.000000 0.000024 1.000000 0.000000 0.000024 1.000000 0.000000 0.000024 
						1.000000 0.000000 0.000078 1.000000 0.000000 0.000078 1.000000 0.000000 0.000078 1.000000 0.000000 0.000078 1.000000 0.000000 0.000000 1.000000 0.000000 0.000000 1.000000 0.000000 0.000000 1.000000 0.000000 0.000000 1.000000 0.000000 0.000000 1.000000 0.000000 0.000000 1.000000 0.000000 0.000000 1.000000 0.000000 0.000000 1.000000 0.000000 -0.000080 1.000000 0.000000 -0.000080 1.000000 0.000000 -0.000080 1.000000 0.000000 -0.000080 1.000000 0.000000 -0.000020 1.000000 0.000000 -0.000020 1.000000 0.000000 -0.000020 1.000000 0.000000 -0.000020 1.000000 0.000000 -0.000009 1.000000 0.000000 -0.000009 1.000000 0.000000 -0.000009 1.000000 0.000000 -0.000009 1.000000 0.000000 -0.000005 1.000000 0.000000 -0.000005 1.000000 0.000000 -0.000005 1.000000 0.000000 -0.000002 1.000000 0.000000 -0.000002 1.000000 0.000000 -0.000002 1.000000 0.000000 0.000002 1.000000 0.000000 0.000002 1.000000 0.000000 0.000002 1.000000 0.000000 0.000005 1.000000 0.000000 0.000005 1.000000 0.000000 0.000005 1.000000 0.000000 0.000009 1.000000 0.000000 0.000009 1.000000 0.000000 0.000020 1.000000 0.000000 0.000020 1.000000 0.000000 0.000020 1.000000 0.000000 0.000020 1.000000 0.000000 0.000080 1.000000 0.000000 0.000080 1.000000 0.000000 0.000080 1.000000 0.000000 0.000080 1.000000 0.000000 0.000000 1.000000 0.000000 0.000000 1.000000 0.000000 0.000000 1.000000 0.000000 0.000000 1.000000 0.000000 0.000000 1.000000 0.000000 0.000000 1.000000 0.000000 0.000000 1.000000 0.000000 0.000000 1.000000 0.000000 -0.000064 1.000000 0.000000 -0.000064 1.000000 0.000000 -0.000064 1.000000 0.000000 -0.000064 1.000000 0.000000 -0.000022 1.000000 0.000000 -0.000022 1.000000 0.000000 -0.000022 1.000000 0.000000 -0.000022 1.000000 0.000000 -0.000006 1.000000 0.000000 -0.000006 
						1.000000 0.000000 -0.000006 1.000000 0.000000 -0.000006 1.000000 0.000000 -0.000006 1.000000 0.000000 -0.000006 1.000000 0.000000 -0.000002 1.000000 0.000000 -0.000002 1.000000 0.000000 -0.000002 1.000000 0.000000 0.000002 1.000000 0.000000 0.000002 1.000000 0.000000 0.000002 1.000000 0.000000 0.000006 1.000000 0.000000 0.000006 1.000000 0.000000 0.000006 1.000000 0.000000 0.000006 1.000000 0.000000 0.000006 1.000000 0.000000 0.000022 1.000000 0.000000 0.000022 1.000000 0.000000 0.000022 1.000000 0.000000 0.000022 1.000000 0.000000 0.000064 1.000000 0.000000 0.000064 1.000000 0.000000 0.000064 1.000000 0.000000 0.000064 1.000000 0.000000 0.000000 1.000000 0.000000 0.000000 1.000000 0.000000 0.000000 1.000000 0.000000 0.000000 0.000000 -1.000000 0.000000 0.000000 -1.000000 0.000000 0.000000 -1.000000 0.000000 0.000000 -1.000000 0.000000 0.000000 -1.000000 0.000000 0.000000 -1.000000 0.000000 0.000000 -1.000000 0.000000 0.000000 -1.000000 0.000000 0.000000 -1.000000 0.000000 0.000000 -1.000000 0.000000 0.000000 -1.000000 0.000000 0.000000 -1.000000 0.000000 0.000000 -1.000000 0.000000 0.000000 -1.000000 0.000000 0.000000 -1.000000 0.000000 0.000000 -1.000000 0.000000 0.000000 -1.000000 0.000000 0.000000 -1.000000 0.000000 0.000000 -1.000000 0.000000 0.000000 -1.000000 0.000000 0.000000 -1.000000 0.000000 0.000000 -1.000000 0.000000 0.000000 -1.000000 0.000000 0.000000 -1.000000 0.000000 0.000000 -1.000000 0.000000 0.000000 -1.000000 0.000000 0.000000 -1.000000 0.000000 0.000000 -1.000000 0.000000 0.000000 -1.000000 0.000000 0.000000 -1.000000 0.000000 0.000000 -1.000000 0.000000 0.000000 -1.000000 0.000000 0.000000 -1.000000 0.000000 0.000000 -1.000000 0.000000 0.000000 -1.000000 0.000000 0.000000 -1.000000 0.000000 0.000000 -1.000000 0.000000 
						0.000000 -1.000000 0.000000 0.000000 -1.000000 0.000000 0.000000 -1.000000 0.000000 0.000000 -1.000000 0.000000 0.000000 -1.000000 0.000000 0.000000 -1.000000 0.000000 0.000000 -1.000000 0.000000 0.000000 -1.000000 0.000000 0.000000 -1.000000 0.000000 0.000000 -1.000000 0.000000 0.000000 -1.000000 0.000000 0.000000 -1.000000 0.000000 0.000000 -1.000000 0.000000 0.000000 -1.000000 0.000000 0.000000 -1.000000 0.000000 0.000000 -1.000000 0.000000 0.000000 -1.000000 0.000000 0.000000 -1.000000 0.000000 0.000000 -1.000000 0.000000 0.000000 -1.000000 0.000000 0.000000 -1.000000 0.000000 0.000000 -1.000000 0.000000 0.000000 -1.000000 0.000000 0.000000 -1.000000 0.000000 0.000000 -1.000000 0.000000 0.000000 -1.000000 0.000000 0.000000 -1.000000 0.000000 0.000000 -1.000000 0.000000 0.000000 -1.000000 0.000000 0.000000 -1.000000 0.000000 0.000000 -1.000000 0.000000 0.000000 -1.000000 0.000000 0.000000 -1.000000 0.000000 0.000000 -1.000000 0.000000 0.000000 -1.000000 0.000000 0.000000 -1.000000 0.000000 0.000000 -1.000000 0.000000 0.000000 -1.000000 0.000000 0.000000 -1.000000 0.000000 0.000000 -1.000000 0.000000 0.000000 -1.000000 0.000000 0.000000 -1.000000 0.000000 0.000000 -1.000000 0.000000 0.000000 -1.000000 0.000000 0.000000 -1.000000 0.000000 0.000000 -1.000000 0.000000 0.000000 -1.000000 0.000000 0.000000 -1.000000 0.000000 0.000000 -1.000000 0.000000 0.000000 -1.000000 0.000000 0.000000 -1.000000 0.000000 0.000000 -1.000000 0.000000 0.000000 -1.000000 0.000000 -0.000000 -1.000000 -0.000000 -0.000000 -1.000000 -0.000000 0.000000 -1.000000 0.000000 0.000000 -1.000000 0.000000 0.000000 -1.000000 0.000000 0.000000 -1.000000 0.000000 0.000000 -1.000000 0.000000 0.000000 -1.000000 0.000000 0.000000 -1.000000 0.000000 0.000000 -1.000000 0.000000 0.000000 -1.000000 0.000000 
						0.000000 -1.000000 0.000000 0.000000 -1.000000 0.000000 0.000000 -1.000000 0.000000 0.000000 0.126466 -0.991971 0.000000 0.126466 -0.991971 0.000000 0.126466 -0.991971 0.000000 0.126466 -0.991971 0.733856 0.000000 -0.679305 0.733856 0.000000 -0.679305 0.733856 0.000000 -0.679305 0.733856 0.000000 -0.679305 0.000000 -0.287412 -0.957807 0.000000 -0.287412 -0.957807 0.000000 -0.287412 -0.957807 0.000000 -0.287412 -0.957807 -0.733855 0.000000 -0.679306 -0.733855 0.000000 -0.679306 -0.733855 0.000000 -0.679306 -0.733855 0.000000 -0.679306 0.000000 0.126467 -0.991971 0.000000 0.126467 -0.991971 0.000000 0.126467 -0.991971 0.000000 0.126467 -0.991971 0.733852 0.000000 -0.679310 0.733852 0.000000 -0.679310 0.733852 0.000000 -0.679310 0.733852 0.000000 -0.679310 0.000000 -0.287413 -0.957807 0.000000 -0.287413 -0.957807 0.000000 -0.287413 -0.957807 0.000000 -0.287413 -0.957807 -0.733850 0.000000 -0.679312 -0.733850 0.000000 -0.679312 -0.733850 0.000000 -0.679312 -0.733850 0.000000 -0.679312 0.000000 0.126465 -0.991971 0.000000 0.126465 -0.991971 0.000000 0.126465 -0.991971 0.000000 0.126465 -0.991971 0.733849 0.000000 -0.679313 0.733849 0.000000 -0.679313 0.733849 0.000000 -0.679313 0.733849 0.000000 -0.679313 0.000000 -0.287412 -0.957807 0.000000 -0.287412 -0.957807 0.000000 -0.287412 -0.957807 0.000000 -0.287412 -0.957807 -0.733851 0.000000 -0.679311 -0.733851 0.000000 -0.679311 -0.733851 0.000000 -0.679311 -0.733851 0.000000 -0.679311 0.000000 0.126466 -0.991971 0.000000 0.126466 -0.991971 0.000000 0.126466 -0.991971 0.000000 0.126466 -0.991971 0.768310 0.000000 -0.640078 0.768310 0.000000 -0.640078 0.768310 0.000000 -0.640078 0.768310 0.000000 -0.640078 0.000000 -0.287410 -0.957808 0.000000 -0.287410 -0.957808 0.000000 -0.287410 -0.957808 0.000000 -0.287410 -0.957808 -0.768310 0.000000 -0.640078 
						-0.768310 0.000000 -0.640078 -0.768310 0.000000 -0.640078 -0.768310 0.000000 -0.640078 0.768310 0.000000 0.640078 0.768310 0.000000 0.640078 0.768310 0.000000 0.640078 0.768309 0.000000 0.640079 0.000001 0.126467 0.991971 0.000001 0.126467 0.991971 0.000001 0.126467 0.991971 0.000001 0.126466 0.991971 -0.768311 0.000000 0.640077 -0.768311 0.000000 0.640077 -0.768311 0.000000 0.640077 -0.768311 0.000000 0.640077 0.000001 -0.287413 0.957807 0.000001 -0.287413 0.957807 0.000001 -0.287413 0.957807 0.000001 -0.287413 0.957807 0.733849 0.000000 0.679313 0.733849 0.000000 0.679313 0.733849 0.000000 0.679313 0.733849 0.000000 0.679313 0.000000 0.126466 0.991971 0.000000 0.126466 0.991971 0.000000 0.126466 0.991971 0.000000 0.126466 0.991971 -0.733852 0.000000 0.679310 -0.733852 0.000000 0.679310 -0.733852 0.000000 0.679310 -0.733852 0.000000 0.679310 0.000000 -0.287413 0.957807 0.000000 -0.287413 0.957807 0.000000 -0.287413 0.957807 0.000000 -0.287413 0.957807 0.733852 0.000000 0.679310 0.733852 0.000000 0.679310 0.733852 0.000000 0.679310 0.733852 0.000000 0.679310 0.000000 0.126465 0.991971 0.000000 0.126465 0.991971 0.000000 0.126465 0.991971 0.000000 0.126465 0.991971 -0.733850 0.000000 0.679312 -0.733850 0.000000 0.679312 -0.733850 0.000000 0.679312 -0.733850 0.000000 0.679312 0.000000 -0.287412 0.957807 0.000000 -0.287412 0.957807 0.000000 -0.287412 0.957807 0.000000 -0.287412 0.957807 0.733856 0.000000 0.679305 0.733856 0.000000 0.679305 0.733856 0.000000 0.679305 0.733856 0.000000 0.679305 0.000000 0.126466 0.991971 0.000000 0.126466 0.991971 0.000000 0.126466 0.991971 0.000000 0.126466 0.991971 -0.733855 0.000000 0.679306 -0.733855 0.000000 0.679306 -0.733855 0.000000 0.679306 -0.733855 0.000000 0.679306 0.000000 -0.287412 0.957807 
						0.000000 -0.287412 0.957807 0.000000 -0.287412 0.957807 0.000000 -0.287412 0.957807 
					</float_array>
					<technique_common>
						<accessor count="1091" offset="0" source="#meshId3-normals-array" stride="3">
							<param name="X" type="float" />
							<param name="Y" type="float" />
							<param name="Z" type="float" />
						</accessor>
					</technique_common>
				</source>
				<source id="meshId3-tangents" name="meshId3-tangents">
					<float_array id="meshId3-tangents-array" count="3273"> 
						0.989063 0.000000 0.147494 0.956254 0.000000 0.292538 0.956254 0.000000 0.292538 0.989063 0.000000 0.147494 0.825356 -0.000032 0.564613 0.825356 -0.000032 0.564613 0.610907 -0.000064 0.791702 0.610907 -0.000064 0.791702 -0.610907 0.000063 -0.791702 -0.326231 0.000032 -0.945290 -0.326231 0.000032 -0.945290 -0.610907 0.000064 -0.791702 -0.000001 0.000033 -1.000000 -0.000001 0.000033 -1.000000 0.326231 0.000065 -0.945290 0.326231 0.000066 -0.945290 0.610908 0.000064 -0.791702 0.610907 0.000066 -0.791702 -0.610908 0.000190 0.791702 -0.825355 0.000189 0.564614 -0.825355 0.000189 0.564614 -0.610907 0.000190 0.791702 -0.956254 0.000186 0.292538 -0.956254 0.000187 0.292538 -0.989063 0.000183 0.147494 -0.989063 0.000184 0.147494 0.987688 0.000000 -0.156434 0.951057 0.000000 -0.309017 0.951057 0.000000 -0.309017 0.987688 0.000000 -0.156434 0.809017 -0.000000 -0.587785 0.809017 -0.000029 -0.587785 0.587785 -0.000018 -0.809017 0.587785 -0.000066 -0.809017 0.587785 -0.000133 -0.809017 0.309017 -0.000131 -0.951057 0.309016 -0.000130 -0.951057 0.587785 -0.000132 -0.809017 0.000000 -0.000131 -1.000000 0.000000 -0.000159 -1.000000 -0.309017 -0.000173 -0.951056 -0.309017 -0.000168 -0.951057 -0.587785 -0.000178 -0.809017 -0.587785 -0.000128 -0.809017 -0.587785 0.000066 -0.809017 -0.809016 0.000065 -0.587786 -0.809016 0.000066 -0.587786 -0.587784 0.000065 -0.809018 -0.951057 0.000098 -0.309017 -0.951057 0.000099 -0.309017 -0.987688 0.000129 -0.156434 -0.987688 0.000129 -0.156434 0.000000 0.000000 -1.000000 0.000000 0.000000 -1.000000 0.000000 0.000000 -1.000000 0.000000 0.000000 -1.000000 0.000000 0.000000 -1.000000 0.000000 0.000000 -1.000000 0.000000 0.000000 -1.000000 0.000000 0.000000 -1.000000 0.000000 0.000000 -1.000000 0.000000 0.000000 -1.000000 0.000000 0.000000 -1.000000 0.000000 0.000000 -1.000000 
						0.000000 0.000000 -1.000000 0.000000 0.000000 -1.000000 0.000000 0.000000 -1.000000 0.000000 0.000000 -1.000000 0.002698 0.999996 0.000000 0.004249 0.999991 0.000000 0.004272 0.999991 0.000000 0.002599 0.999997 0.000000 0.006152 0.999981 0.000000 0.006118 0.999981 0.000000 0.004456 0.999990 0.000000 0.004382 0.999990 0.000000 0.000048 0.000000 -1.000000 0.000056 0.000000 -1.000000 0.000198 0.000000 -1.000000 0.000051 0.000000 -1.000000 0.000119 0.000000 -1.000000 0.000162 0.000000 -1.000000 0.000014 0.000000 -1.000000 0.000038 0.000000 -1.000000 0.000092 0.000000 -1.000000 0.000068 0.000000 -1.000000 0.000042 0.000000 -1.000000 0.000063 0.000000 -1.000000 0.000060 0.000000 -1.000000 0.000061 0.000000 -1.000000 0.000066 0.000000 -1.000000 0.000083 0.000000 -1.000000 0.000073 0.000000 -1.000000 0.000067 0.000000 -1.000000 0.000045 0.000000 -1.000000 0.000148 0.000000 -1.000000 0.000092 0.000000 -1.000000 -0.000030 0.000000 -1.000000 0.000107 0.000000 -1.000000 0.000044 0.000000 -1.000000 0.000053 0.000000 -1.000000 0.000051 0.000000 -1.000000 0.000049 0.000000 -1.000000 -1.000000 0.000000 -0.000100 -1.000000 0.000000 -0.000100 -1.000000 0.000000 -0.000106 -1.000000 0.000000 -0.000109 -1.000000 0.000000 -0.000101 -1.000000 0.000000 -0.000103 -1.000000 0.000000 -0.000109 -1.000000 0.000000 -0.000101 -1.000000 0.000000 -0.000104 -1.000000 0.000000 -0.000112 -1.000000 0.000000 -0.000162 -1.000000 0.000000 -0.000129 -1.000000 0.000000 -0.000036 -1.000000 0.000000 -0.000059 -1.000000 0.000000 -0.000085 -1.000000 0.000000 -0.000100 -1.000000 0.000000 -0.000109 -1.000000 0.000000 -0.000103 -1.000000 0.000000 -0.000103 -1.000000 0.000000 -0.000098 -1.000000 0.000000 -0.000092 -1.000000 0.000000 -0.000097 -1.000000 0.000000 -0.000099 -1.000000 0.000000 -0.000099 -1.000000 0.000000 -0.000100 
						-1.000000 0.000000 -0.000099 -0.005013 0.999987 0.000000 -0.008198 0.999966 0.000000 -0.008264 0.999966 0.000000 -0.005226 0.999986 0.000000 -1.000000 0.000000 -0.000093 -1.000000 0.000000 -0.000087 -1.000000 0.000000 -0.000082 -1.000000 0.000000 -0.000080 -1.000000 0.000000 -0.000098 -1.000000 0.000000 -0.000099 -1.000000 0.000000 -0.000095 -1.000000 0.000000 -0.000094 -1.000000 0.000000 -0.000100 -1.000000 0.000000 -0.000093 -1.000000 0.000000 -0.000105 -1.000000 0.000000 -0.000106 -1.000000 0.000000 -0.000102 -1.000000 0.000000 -0.000109 -1.000000 0.000000 -0.000099 -1.000000 0.000000 -0.000103 -1.000000 0.000000 -0.000101 -1.000000 0.000000 -0.000102 -1.000000 0.000000 -0.000098 -1.000000 0.000000 -0.000106 -1.000000 0.000000 -0.000105 -1.000000 0.000000 -0.000094 -1.000000 0.000000 -0.000110 -1.000000 0.000000 -0.000109 -1.000000 0.000000 -0.000110 -1.000000 0.000000 -0.000122 -0.007360 0.999973 0.000000 -0.007305 0.999973 -0.000000 -0.004162 0.999991 0.000001 -0.004364 0.999990 0.000001 0.000057 0.000000 -1.000000 0.000050 0.000000 -1.000000 0.000050 0.000000 -1.000000 0.000249 0.000000 -1.000000 0.000041 0.000000 -1.000000 -0.000057 0.000000 -1.000000 0.000064 0.000000 -1.000000 0.000073 0.000000 -1.000000 0.000089 0.000000 -1.000000 0.000086 0.000000 -1.000000 0.000073 0.000000 -1.000000 0.000062 0.000000 -1.000000 0.000057 0.000000 -1.000000 0.000066 0.000000 -1.000000 0.000073 0.000000 -1.000000 0.000073 0.000000 -1.000000 0.000018 0.000000 -1.000000 0.000045 0.000000 -1.000000 0.000068 0.000000 -1.000000 0.000027 0.000000 -1.000000 0.000025 0.000000 -1.000000 0.000161 0.000000 -1.000000 -0.000058 0.000000 -1.000000 -0.000233 0.000000 -1.000000 0.000101 0.000000 -1.000000 0.000100 0.000000 -1.000000 0.000100 0.000000 -1.000000 0.000100 0.000000 -1.000000 0.004084 0.999992 0.000000 
						0.002048 0.999998 0.000000 -1.000000 0.000000 -0.000099 -1.000000 0.000000 -0.000099 -1.000000 0.000000 -0.000098 -1.000000 0.000000 -0.000098 -1.000000 0.000000 -0.000099 -1.000000 0.000000 -0.000099 -1.000000 0.000000 -0.000099 -1.000000 0.000000 -0.000099 -1.000000 0.000000 -0.000099 -1.000000 0.000000 -0.000099 -1.000000 0.000000 -0.000099 -1.000000 0.000000 -0.000098 -1.000000 0.000000 -0.000103 0.005946 0.999982 0.000000 0.003798 0.999993 0.000000 0.000050 0.000000 -1.000000 0.000053 0.000000 -1.000000 0.000042 0.000000 -1.000000 0.000063 0.000000 -1.000000 0.000086 0.000000 -1.000000 0.000071 0.000000 -1.000000 0.000066 0.000000 -1.000000 0.000033 0.000000 -1.000000 0.000043 0.000000 -1.000000 0.000099 0.000000 -1.000000 0.000034 0.000000 -1.000000 -0.000001 0.000000 -1.000000 0.000050 0.000000 -1.000000 0.000235 1.000000 0.000000 -0.000864 1.000000 0.000000 -0.001548 0.999999 0.000000 -0.001261 0.999999 0.000000 -1.000000 0.000000 -0.000099 -1.000000 0.000000 -0.000099 -1.000000 0.000000 -0.000099 -1.000000 0.000000 -0.000099 -1.000000 0.000000 -0.000099 -1.000000 0.000000 -0.000099 -1.000000 0.000000 -0.000099 -1.000000 0.000000 -0.000099 -1.000000 0.000000 -0.000099 -1.000000 0.000000 -0.000099 -1.000000 0.000000 -0.000099 -1.000000 0.000000 -0.000099 -1.000000 0.000000 -0.000099 -1.000000 0.000000 -0.000099 -1.000000 0.000000 -0.000099 -1.000000 0.000000 -0.000099 -1.000000 0.000000 -0.000098 -1.000000 0.000000 -0.000099 -1.000000 0.000000 -0.000097 -1.000000 0.000000 -0.000098 -1.000000 0.000000 -0.000098 -1.000000 0.000000 -0.000097 -1.000000 0.000000 -0.000106 -1.000000 0.000000 -0.000098 -1.000000 0.000000 -0.000119 -1.000000 0.000000 -0.000103 -0.000099 1.000000 0.000000 0.000577 1.000000 0.000000 0.001552 0.999999 0.000000 0.000073 1.000000 0.000000 0.000068 0.000000 -1.000000 
						0.000051 0.000000 -1.000000 0.000050 0.000000 -1.000000 0.000068 0.000000 -1.000000 0.000125 0.000000 -1.000000 0.000058 0.000000 -1.000000 0.000085 0.000000 -1.000000 0.000068 0.000000 -1.000000 0.000039 0.000000 -1.000000 0.000049 0.000000 -1.000000 0.000077 0.000000 -1.000000 0.000041 0.000000 -1.000000 0.000062 0.000000 -1.000000 0.000065 0.000000 -1.000000 0.000062 0.000000 -1.000000 0.000064 0.000000 -1.000000 0.000079 0.000000 -1.000000 0.000078 0.000000 -1.000000 0.000033 0.000000 -1.000000 0.000096 0.000000 -1.000000 0.000152 0.000000 -1.000000 0.000011 0.000000 -1.000000 0.000188 0.000000 -1.000000 -0.000012 0.000000 -1.000000 0.000050 0.000000 -1.000000 0.000050 0.000000 -1.000000 0.001816 0.999998 0.000000 0.001632 0.999999 0.000000 0.001006 1.000000 0.000000 0.000446 1.000000 0.000000 -1.000000 0.000000 -0.000098 -1.000000 0.000000 -0.000099 -1.000000 0.000000 -0.000099 -1.000000 0.000000 -0.000099 -1.000000 0.000000 -0.000097 -1.000000 0.000000 -0.000098 -1.000000 0.000000 -0.000098 -1.000000 0.000000 -0.000097 -1.000000 0.000000 -0.000099 -1.000000 0.000000 -0.000098 -1.000000 0.000000 -0.000099 -1.000000 0.000000 -0.000099 -1.000000 0.000000 -0.000107 -1.000000 0.000000 -0.000099 -1.000000 0.000000 -0.000110 -1.000000 0.000000 -0.000111 -1.000000 0.000000 -0.000098 -1.000000 0.000000 -0.000106 -1.000000 0.000000 -0.000099 -1.000000 0.000000 -0.000098 -1.000000 0.000000 -0.000099 -1.000000 0.000000 -0.000099 -1.000000 0.000000 -0.000106 -1.000000 0.000000 -0.000099 -1.000000 0.000000 -0.000119 -1.000000 0.000000 -0.000103 0.002687 0.999996 0.000000 0.003315 0.999995 0.000000 0.003367 0.999994 0.000000 0.001996 0.999998 0.000000 0.000054 0.000000 -1.000000 0.000051 0.000000 -1.000000 0.000050 0.000000 -1.000000 0.000068 0.000000 -1.000000 0.000106 0.000000 -1.000000 
						0.000056 0.000000 -1.000000 0.000086 0.000000 -1.000000 0.000059 0.000000 -1.000000 0.000049 0.000000 -1.000000 0.000086 0.000000 -1.000000 0.000068 0.000000 -1.000000 0.000045 0.000000 -1.000000 0.000065 0.000000 -1.000000 0.000035 0.000000 -1.000000 0.000066 0.000000 -1.000000 0.000064 0.000000 -1.000000 0.000070 0.000000 -1.000000 0.000076 0.000000 -1.000000 0.000033 0.000000 -1.000000 0.000101 0.000000 -1.000000 0.000165 0.000000 -1.000000 0.000019 0.000000 -1.000000 0.000197 0.000000 -1.000000 -0.000015 0.000000 -1.000000 0.000051 0.000000 -1.000000 0.000050 0.000000 -1.000000 -0.001699 0.999999 0.000000 -0.003670 0.999993 0.000000 -0.004198 0.999991 0.000000 -0.002841 0.999996 0.000000 -1.000000 0.000000 -0.000087 -1.000000 0.000000 -0.000093 -1.000000 0.000000 -0.000110 -1.000000 0.000000 -0.000096 -1.000000 0.000000 -0.000087 -1.000000 0.000000 -0.000087 -1.000000 0.000000 -0.000087 -1.000000 0.000000 -0.000087 -1.000000 0.000000 -0.000096 -1.000000 0.000000 -0.000087 -1.000000 0.000000 -0.000110 -1.000000 0.000000 -0.000101 -1.000000 0.000000 -0.000101 -1.000000 0.000000 -0.000110 -1.000000 0.000000 -0.000096 -1.000000 0.000000 -0.000096 -1.000000 0.000000 -0.000110 -1.000000 0.000000 -0.000101 -1.000000 0.000000 -0.000100 -1.000000 0.000000 -0.000110 -1.000000 0.000000 -0.000098 -1.000000 0.000000 -0.000097 -1.000000 0.000000 -0.000109 -1.000000 0.000000 -0.000099 -1.000000 0.000000 -0.000108 -1.000000 0.000000 -0.000109 -0.003032 0.999995 0.000000 -0.002535 0.999997 0.000000 -0.000674 1.000000 0.000000 -0.001748 0.999999 0.000000 0.000054 0.000000 -1.000000 0.000050 0.000000 -1.000000 0.000050 0.000000 -1.000000 0.000068 0.000000 -1.000000 0.000039 0.000000 -1.000000 0.000048 0.000000 -1.000000 0.000062 0.000000 -1.000000 0.000060 0.000000 -1.000000 0.000088 0.000000 -1.000000 
						0.000092 0.000000 -1.000000 0.000070 0.000000 -1.000000 0.000066 0.000000 -1.000000 0.000066 0.000000 -1.000000 0.000069 0.000000 -1.000000 0.000064 0.000000 -1.000000 0.000065 0.000000 -1.000000 0.000072 0.000000 -1.000000 0.000031 0.000000 -1.000000 0.000033 0.000000 -1.000000 0.000060 0.000000 -1.000000 -0.000036 0.000000 -1.000000 0.000020 0.000000 -1.000000 0.000022 0.000000 -1.000000 0.000008 0.000000 -1.000000 0.000094 0.000000 -1.000000 0.000100 0.000000 -1.000000 -0.004840 0.999988 0.000000 -0.008152 0.999967 0.000000 -1.000000 0.000000 -0.000098 -1.000000 0.000000 -0.000095 -1.000000 0.000000 -0.000098 -1.000000 0.000000 -0.000096 -1.000000 0.000000 -0.000100 -1.000000 0.000000 -0.000100 -1.000000 0.000000 -0.000099 -1.000000 0.000000 -0.000095 -1.000000 0.000000 -0.000100 -1.000000 0.000000 -0.000100 -1.000000 0.000000 -0.000097 -1.000000 0.000000 -0.000095 -1.000000 0.000000 -0.000100 -0.007263 0.999974 -0.000000 -0.003989 0.999992 0.000002 0.000050 0.000000 -1.000000 0.000050 0.000000 -1.000000 0.000044 0.000000 -1.000000 0.000061 0.000000 -1.000000 0.000086 0.000000 -1.000000 0.000052 0.000000 -1.000000 0.000059 0.000000 -1.000000 0.000065 0.000000 -1.000000 0.000034 0.000000 -1.000000 0.000098 0.000000 -1.000000 0.000028 0.000000 -1.000000 -0.000057 0.000000 -1.000000 0.000101 0.000000 -1.000000 0.000101 0.000000 -1.000000 0.000000 0.000000 -1.000000 0.000000 0.000000 -1.000000 0.005642 0.999984 0.000000 0.005776 0.999983 0.000000 0.005940 0.999982 0.000000 0.002285 0.999997 0.000000 0.002604 0.999997 0.000000 0.005341 0.999986 0.000000 0.005022 0.999987 0.000000 0.001279 0.999999 0.000000 0.001395 0.999999 0.000000 -0.001363 0.999999 0.000000 -0.001078 0.999999 0.000000 0.001371 0.999999 0.000000 0.001085 0.999999 0.000000 -0.002170 0.999998 0.000000 
						-0.002040 0.999998 0.000000 -0.004919 0.999988 0.000000 -0.004616 0.999989 0.000000 -0.002023 0.999998 0.000000 -0.002326 0.999997 0.000000 -0.005676 0.999984 0.000000 -0.005591 0.999984 0.000000 -0.010432 0.999946 0.000000 -0.010047 0.999950 0.000000 -0.006350 0.999980 0.000000 -0.006735 0.999977 0.000000 -0.011326 0.999936 0.000000 -0.011284 0.999936 0.000000 -0.011239 0.999937 0.000000 0.000000 0.000000 -1.000000 0.000000 0.000000 -1.000000 -0.987688 0.000130 -0.156434 -0.951057 0.000098 -0.309017 -0.809017 0.000066 -0.587786 -0.587784 0.000067 -0.809018 -0.587785 -0.000131 -0.809017 -0.309017 -0.000163 -0.951057 0.000000 -0.000163 -1.000000 0.309016 -0.000129 -0.951057 0.587785 -0.000128 -0.809017 0.587785 -0.000067 -0.809017 0.809017 -0.000033 -0.587785 0.951057 0.000000 -0.309017 0.987688 0.000000 -0.156434 0.000000 0.000000 -1.000000 0.000000 0.000000 -1.000000 -0.010352 0.999946 -0.000000 -0.010310 0.999947 0.000000 -0.010392 0.999946 -0.000000 -0.004853 0.999988 0.000000 -0.008792 0.999961 0.000000 -0.009202 0.999958 0.000000 -0.005263 0.999986 0.000000 -0.004420 0.999990 0.000000 -0.004340 0.999991 0.000000 -0.000246 1.000000 0.000000 -0.003097 0.999995 0.000000 -0.003430 0.999994 0.000000 -0.000579 1.000000 0.000000 -0.000586 1.000000 0.000000 -0.000460 1.000000 0.000000 0.003422 0.999994 0.000000 0.000765 1.000000 0.000000 0.000455 1.000000 0.000000 0.003112 0.999995 0.000000 0.003101 0.999995 0.000000 0.003217 0.999995 0.000000 0.007573 0.999971 0.000000 0.004680 0.999989 0.000000 0.004342 0.999991 0.000000 0.007235 0.999974 0.000000 0.007745 0.999970 0.000000 0.007918 0.999969 0.000000 0.007603 0.999971 0.000000 0.000000 0.000000 -1.000000 0.000000 0.000000 -1.000000 -0.989063 0.000183 0.147494 -0.956254 0.000187 0.292538 -0.825355 0.000190 0.564614 
						-0.610907 0.000192 0.791702 0.610907 0.000066 -0.791702 0.326231 0.000065 -0.945290 0.000000 0.000032 -1.000000 -0.326231 0.000033 -0.945290 -0.610907 0.000066 -0.791702 0.610907 -0.000065 0.791703 0.825356 -0.000032 0.564613 0.956254 0.000000 0.292538 0.989063 0.000000 0.147494 0.000000 1.000000 -0.000088 0.000000 1.000000 -0.000098 0.000000 1.000000 -0.000117 0.000000 1.000000 -0.000107 -0.000000 1.000000 -0.000117 -0.000000 1.000000 -0.000117 -0.000000 1.000000 -0.000117 -0.000000 1.000000 -0.000117 -0.000000 1.000000 -0.000117 -0.000000 1.000000 -0.000117 -0.000000 1.000000 -0.000117 -0.000000 1.000000 -0.000117 -0.000000 1.000000 -0.000117 -0.000000 1.000000 -0.000117 -0.000000 1.000000 -0.000117 -0.000000 1.000000 -0.000117 -0.000000 1.000000 -0.000110 -0.000000 1.000000 -0.000088 -0.000000 1.000000 -0.000095 -0.000000 1.000000 -0.000088 -0.000000 1.000000 -0.000088 -0.000000 1.000000 -0.000088 0.000000 1.000000 -0.000096 0.000000 1.000000 -0.000117 0.000000 1.000000 -0.000109 0.000000 1.000000 -0.000117 0.000000 1.000000 -0.000110 0.000000 1.000000 -0.000089 0.000000 1.000000 -0.000096 0.000000 1.000000 -0.000089 0.000000 1.000000 -0.000089 0.000000 1.000000 -0.000089 0.000000 1.000000 -0.000089 0.000000 1.000000 -0.000093 0.000000 1.000000 -0.000119 0.000000 1.000000 -0.000115 0.000000 1.000000 -0.000119 0.000000 1.000000 -0.000118 0.000000 1.000000 -0.000088 0.000000 1.000000 -0.000089 0.000000 1.000000 -0.000088 0.000000 1.000000 -0.000088 0.000000 1.000000 -0.000088 0.000000 1.000000 -0.000088 0.000000 1.000000 -0.000088 0.000000 1.000000 -0.000098 0.000000 1.000000 -0.000117 0.000000 1.000000 -0.000107 -0.000000 1.000000 -0.000117 -0.000000 1.000000 -0.000117 -0.000000 1.000000 -0.000119 -0.000000 1.000000 -0.000119 -0.000000 1.000000 -0.000119 -0.000000 1.000000 -0.000119 
						-0.000000 1.000000 -0.000119 -0.000000 1.000000 -0.000119 -0.000000 1.000000 -0.000119 -0.000000 1.000000 -0.000118 -0.000000 1.000000 -0.000106 -0.000000 1.000000 -0.000118 -0.000000 1.000000 -0.000110 -0.000000 1.000000 -0.000088 -0.000000 1.000000 -0.000088 -0.000000 1.000000 -0.000088 -0.000000 1.000000 -0.000088 0.000000 1.000000 -0.000088 0.000000 1.000000 -0.000088 0.000000 1.000000 -0.000089 0.000000 1.000000 -0.000089 0.000000 1.000000 -0.000089 0.000000 1.000000 -0.000088 0.000000 1.000000 -0.000088 0.000000 1.000000 -0.000091 0.000000 1.000000 -0.000117 0.000000 1.000000 -0.000113 0.000000 1.000000 -0.000117 0.000000 1.000000 -0.000116 0.000000 1.000000 -0.000089 0.000000 1.000000 -0.000091 0.000000 1.000000 -0.000089 0.000000 1.000000 -0.000089 0.000000 1.000000 -0.000088 0.000000 1.000000 -0.000088 0.000000 1.000000 -0.000088 0.000000 1.000000 -0.000098 0.000000 1.000000 -0.000119 0.000000 1.000000 -0.000108 -0.000000 1.000000 -0.000119 -0.000000 1.000000 -0.000119 -0.000000 1.000000 -0.000117 -0.000000 1.000000 -0.000117 -0.000000 1.000000 -0.000117 -0.000000 1.000000 -0.000117 -0.000000 1.000000 -0.000117 -0.000000 1.000000 -0.000117 -0.000000 1.000000 -0.000117 -0.000000 1.000000 -0.000117 -0.000000 1.000000 -0.000110 -0.000000 1.000000 -0.000088 -0.000000 1.000000 -0.000095 -0.000000 1.000000 -0.000088 -0.000000 1.000000 -0.000088 -0.000000 1.000000 -0.000088 0.000000 1.000000 -0.000096 0.000000 1.000000 -0.000117 0.000000 1.000000 -0.000109 0.000000 1.000000 -0.000117 0.000000 1.000000 -0.000110 0.000000 1.000000 -0.000088 0.000000 1.000000 -0.000095 0.000000 1.000000 -0.000088 0.000000 1.000000 -0.000088 0.000000 1.000000 -0.000089 0.000000 1.000000 -0.000093 0.000000 1.000000 -0.000117 0.000000 1.000000 -0.000114 0.000000 1.000000 -0.000117 0.000000 1.000000 -0.000116 
						0.000000 1.000000 -0.000088 0.000000 1.000000 -0.000089 0.000000 1.000000 -0.000088 0.000000 1.000000 -0.000088 0.000000 1.000000 -0.000089 0.000000 1.000000 -0.000089 0.000000 1.000000 -0.000117 0.000000 1.000000 -0.000117 0.000000 1.000000 -0.000117 0.000000 1.000000 -0.000117 -0.000000 1.000000 -0.000117 -0.000000 1.000000 -0.000116 -0.000000 1.000000 -0.000088 -0.000000 1.000000 -0.000089 -0.000000 1.000000 -0.000088 -0.000000 1.000000 -0.000091 -0.000000 1.000000 -0.000117 -0.000000 1.000000 -0.000113 -0.000000 1.000000 -0.000117 -0.000000 1.000000 -0.000117 -0.000000 1.000000 -0.000117 -0.000000 1.000000 -0.000117 -0.000000 1.000000 -0.000110 -0.000000 1.000000 -0.000088 -0.000000 1.000000 -0.000095 -0.000000 1.000000 -0.000088 -0.000000 1.000000 -0.000088 -0.000000 1.000000 -0.000088 0.000000 1.000000 -0.000096 0.000000 1.000000 -0.000117 0.000000 1.000000 -0.000109 0.000000 1.000000 -0.000117 0.000000 1.000000 -0.000110 0.000000 1.000000 -0.000088 0.000000 1.000000 -0.000095 0.000000 1.000000 -0.000088 0.000000 1.000000 -0.000088 0.000000 1.000000 -0.000088 0.000000 1.000000 -0.000088 0.000000 1.000000 -0.000088 0.000000 1.000000 -0.000088 0.000000 1.000000 -0.000088 0.000000 1.000000 -0.000088 0.000000 1.000000 -0.000088 0.000000 1.000000 -0.000089 0.000000 1.000000 -0.000089 0.000000 1.000000 -0.000089 0.000000 1.000000 -0.000089 0.000000 1.000000 -0.000088 0.000000 1.000000 -0.000088 0.000000 -1.000000 -0.000117 0.000000 -1.000000 -0.000108 0.000000 -1.000000 -0.000089 0.000000 -1.000000 -0.000099 -0.000000 -1.000000 -0.000117 -0.000000 -1.000000 -0.000117 -0.000000 -1.000000 -0.000117 -0.000000 -1.000000 -0.000117 -0.000000 -1.000000 -0.000117 -0.000000 -1.000000 -0.000117 -0.000000 -1.000000 -0.000117 -0.000000 -1.000000 -0.000117 -0.000000 -1.000000 -0.000117 -0.000000 -1.000000 -0.000117 
						-0.000000 -1.000000 -0.000117 -0.000000 -1.000000 -0.000117 -0.000000 -1.000000 -0.000089 -0.000000 -1.000000 -0.000096 -0.000000 -1.000000 -0.000110 -0.000000 -1.000000 -0.000089 -0.000000 -1.000000 -0.000089 -0.000000 -1.000000 -0.000089 0.000000 -1.000000 -0.000117 0.000000 -1.000000 -0.000110 0.000000 -1.000000 -0.000097 0.000000 -1.000000 -0.000088 0.000000 -1.000000 -0.000095 0.000000 -1.000000 -0.000117 0.000000 -1.000000 -0.000110 0.000000 -1.000000 -0.000088 0.000000 -1.000000 -0.000088 0.000000 -1.000000 -0.000088 0.000000 -1.000000 -0.000117 0.000000 -1.000000 -0.000113 0.000000 -1.000000 -0.000088 0.000000 -1.000000 -0.000091 0.000000 -1.000000 -0.000088 0.000000 -1.000000 -0.000089 0.000000 -1.000000 -0.000117 0.000000 -1.000000 -0.000116 0.000000 -1.000000 -0.000089 0.000000 -1.000000 -0.000089 0.000000 -1.000000 -0.000088 0.000000 -1.000000 -0.000088 0.000000 -1.000000 -0.000089 0.000000 -1.000000 -0.000099 0.000000 -1.000000 -0.000117 0.000000 -1.000000 -0.000108 -0.000000 -1.000000 -0.000117 -0.000000 -1.000000 -0.000116 -0.000000 -1.000000 -0.000089 -0.000000 -1.000000 -0.000091 -0.000000 -1.000000 -0.000088 -0.000000 -1.000000 -0.000091 -0.000000 -1.000000 -0.000117 -0.000000 -1.000000 -0.000113 -0.000000 -1.000000 -0.000089 -0.000000 -1.000000 -0.000089 -0.000000 -1.000000 -0.000088 -0.000000 -1.000000 -0.000088 -0.000000 -1.000000 -0.000117 -0.000000 -1.000000 -0.000110 -0.000000 -1.000000 -0.000096 -0.000000 -1.000000 -0.000117 -0.000000 -1.000000 -0.000117 -0.000000 -1.000000 -0.000117 0.000000 -1.000000 -0.000088 0.000000 -1.000000 -0.000096 0.000000 -1.000000 -0.000109 0.000000 -1.000000 -0.000088 0.000000 -1.000000 -0.000088 0.000000 -1.000000 -0.000088 0.000000 -1.000000 -0.000089 0.000000 -1.000000 -0.000088 0.000000 -1.000000 -0.000089 0.000000 -1.000000 -0.000089 0.000000 -1.000000 -0.000089 0.000000 -1.000000 -0.000089 
						0.000000 -1.000000 -0.000088 0.000000 -1.000000 -0.000088 0.000000 -1.000000 -0.000089 0.000000 -1.000000 -0.000089 0.000000 -1.000000 -0.000088 0.000000 -1.000000 -0.000088 0.000000 -1.000000 -0.000088 0.000000 -1.000000 -0.000088 0.000000 -1.000000 -0.000088 0.000000 -1.000000 -0.000098 0.000000 -1.000000 -0.000117 0.000000 -1.000000 -0.000107 -0.000000 -1.000000 -0.000119 -0.000000 -1.000000 -0.000118 -0.000000 -1.000000 -0.000088 -0.000000 -1.000000 -0.000089 -0.000000 -1.000000 -0.000089 -0.000000 -1.000000 -0.000093 -0.000000 -1.000000 -0.000119 -0.000000 -1.000000 -0.000115 -0.000000 -1.000000 -0.000088 -0.000000 -1.000000 -0.000088 -0.000000 -1.000000 -0.000089 -0.000000 -1.000000 -0.000089 -0.000000 -1.000000 -0.000117 -0.000000 -1.000000 -0.000110 -0.000000 -1.000000 -0.000095 -0.000000 -1.000000 -0.000117 -0.000000 -1.000000 -0.000117 -0.000000 -1.000000 -0.000117 0.000000 -1.000000 -0.000088 0.000000 -1.000000 -0.000096 0.000000 -1.000000 -0.000109 0.000000 -1.000000 -0.000089 0.000000 -1.000000 -0.000088 0.000000 -1.000000 -0.000088 0.000000 -1.000000 -0.000089 0.000000 -1.000000 -0.000089 0.000000 -1.000000 -0.000089 0.000000 -1.000000 -0.000089 0.000000 -1.000000 -0.000089 0.000000 -1.000000 -0.000089 0.000000 -1.000000 -0.000088 0.000000 -1.000000 -0.000088 0.000000 -1.000000 -0.000089 0.000000 -1.000000 -0.000089 0.000000 -1.000000 -0.000088 0.000000 -1.000000 -0.000088 0.000000 -1.000000 -0.000088 0.000000 -1.000000 -0.000088 0.000000 -1.000000 -0.000088 0.000000 -1.000000 -0.000098 0.000000 -1.000000 -0.000117 0.000000 -1.000000 -0.000107 -0.000000 -1.000000 -0.000117 -0.000000 -1.000000 -0.000116 -0.000000 -1.000000 -0.000088 -0.000000 -1.000000 -0.000089 -0.000000 -1.000000 -0.000089 -0.000000 -1.000000 -0.000093 -0.000000 -1.000000 -0.000117 -0.000000 -1.000000 -0.000114 -0.000000 -1.000000 -0.000099 -0.000000 -1.000000 -0.000088 
						-0.000000 -1.000000 -0.000089 -0.000000 -1.000000 -0.000088 -0.000000 -1.000000 -0.000117 -0.000000 -1.000000 -0.000095 -0.000000 -1.000000 -0.000117 -0.000000 -1.000000 -0.000117 -0.000000 -1.000000 -0.000117 0.000000 -1.000000 -0.000088 0.000000 -1.000000 -0.000096 0.000000 -1.000000 -0.000109 0.000000 -1.000000 -0.000089 0.000000 -1.000000 -0.000088 0.000000 -1.000000 -0.000089 0.000000 -1.000000 -0.000088 0.000000 -1.000000 -0.000089 0.000000 -1.000000 -0.000088 0.000000 -1.000000 -0.000088 0.000000 -1.000000 -0.000088 0.000000 -1.000000 -0.000088 0.000000 -1.000000 -0.000089 0.000000 -1.000000 -0.000089 0.000000 -1.000000 -0.000088 0.000000 -1.000000 -0.000088 0.000000 -1.000000 -0.000088 0.000000 -1.000000 -0.000088 0.000000 -1.000000 -0.000089 0.000000 -1.000000 -0.000089 -1.000000 0.000000 -0.000099 -1.000000 0.000000 -0.000099 -1.000000 0.000000 -0.000089 -1.000000 0.000000 -0.000099 -1.000000 0.000000 -0.000088 -1.000000 0.000000 -0.000087 -1.000000 0.000000 -0.000089 -1.000000 0.000000 -0.000098 -1.000000 0.000000 -0.000098 -1.000000 0.000000 -0.000099 -1.000000 0.000000 -0.000099 -1.000000 0.000000 -0.000099 -1.000000 0.000000 -0.000099 -1.000000 0.000000 -0.000099 -1.000000 0.000000 -0.000099 -1.000000 0.000000 -0.000106 -1.000000 0.000000 -0.000110 -1.000000 0.000000 -0.000118 -1.000000 0.000000 -0.000118 -1.000000 0.000000 -0.000110 -1.000000 0.000000 -0.000108 -1.000000 0.000000 -0.000108 -1.000000 0.000000 -0.000108 -1.000000 0.000000 -0.000110 -1.000000 0.000000 -0.000113 -1.000000 0.000000 -0.000099 -1.000000 0.000000 -0.000099 -1.000000 0.000000 -0.000099 -1.000000 0.000000 -0.000089 -1.000000 0.000000 -0.000099 -1.000000 0.000000 -0.000088 -1.000000 0.000000 -0.000088 -1.000000 0.000000 -0.000090 -1.000000 0.000000 -0.000099 -1.000000 0.000000 -0.000099 -1.000000 0.000000 -0.000099 -1.000000 0.000000 -0.000099 
						-1.000000 0.000000 -0.000099 -1.000000 0.000000 -0.000099 -1.000000 0.000000 -0.000099 -1.000000 0.000000 -0.000099 -1.000000 0.000000 -0.000106 -1.000000 0.000000 -0.000110 -1.000000 0.000000 -0.000117 -1.000000 0.000000 -0.000117 -1.000000 0.000000 -0.000108 -1.000000 0.000000 -0.000107 -1.000000 0.000000 -0.000108 -1.000000 0.000000 -0.000108 -1.000000 0.000000 -0.000111 -1.000000 0.000000 -0.000114 -1.000000 0.000000 -0.000099 -1.000000 0.000000 -0.000099 -1.000000 0.000000 -0.000098 -1.000000 0.000000 -0.000088 -1.000000 0.000000 -0.000098 -1.000000 0.000000 -0.000088 -1.000000 0.000000 -0.000088 -1.000000 0.000000 -0.000090 -1.000000 0.000000 -0.000099 -1.000000 0.000000 -0.000099 -1.000000 0.000000 -0.000099 -1.000000 0.000000 -0.000099 -1.000000 0.000000 -0.000099 -1.000000 0.000000 -0.000099 -1.000000 0.000000 -0.000099 -1.000000 0.000000 -0.000099 -1.000000 0.000000 -0.000107 -1.000000 0.000000 -0.000110 -1.000000 0.000000 -0.000118 -1.000000 0.000000 -0.000118 -1.000000 0.000000 -0.000109 -1.000000 0.000000 -0.000107 -1.000000 0.000000 -0.000108 -1.000000 0.000000 -0.000109 -1.000000 0.000000 -0.000111 -1.000000 0.000000 -0.000114 -1.000000 0.000000 -0.000099 -1.000000 0.000000 -0.000110 -1.000000 0.000000 -0.000096 -1.000000 0.000000 -0.000098 -1.000000 0.000000 -0.000093 -1.000000 0.000000 -0.000099 -1.000000 0.000000 -0.000100 -1.000000 0.000000 -0.000097 -1.000000 0.000000 -0.000087 -1.000000 0.000000 -0.000087 -1.000000 0.000000 -0.000096 -1.000000 0.000000 -0.000100 -1.000000 0.000000 -0.000109 -1.000000 0.000000 -0.000109 -1.000000 0.000000 -0.000101 -1.000000 0.000000 -0.000097 -1.000000 0.000000 -0.000097 -1.000000 0.000000 -0.000101 -1.000000 0.000000 -0.000110 -1.000000 0.000000 -0.000110 -1.000000 0.000000 -0.000110 -1.000000 0.000000 -0.000110 -1.000000 0.000000 -0.000110 -1.000000 0.000000 -0.000110 
						-1.000000 0.000000 -0.000109 -1.000000 0.000000 -0.000109 -1.000000 0.000000 -0.000109 0.032957 0.991432 0.126397 0.010962 0.991911 0.126458 -0.046798 0.990884 0.126327 -0.016831 0.991830 0.126448 0.004576 0.999977 0.004943 0.003784 0.999984 0.004088 0.003654 0.999986 0.003948 0.004559 0.999978 0.004925 0.073717 0.955201 -0.286630 -0.022505 0.957564 -0.287339 -0.119227 0.950975 -0.285362 0.004412 0.957798 -0.287409 0.000888 0.999999 -0.000959 0.001388 0.999998 -0.001500 0.001572 0.999997 -0.001699 0.000899 0.999999 -0.000971 0.029737 0.991532 0.126411 0.007486 0.991943 0.126463 -0.050939 0.990683 0.126303 -0.020629 0.991760 0.126440 0.001700 0.999997 0.001837 0.001045 0.999999 0.001129 0.000938 0.999999 0.001014 0.001686 0.999997 0.001822 0.070476 0.955425 -0.286698 -0.025858 0.957487 -0.287317 -0.122662 0.950574 -0.285242 0.001088 0.957806 -0.287413 -0.001507 0.999998 0.001628 -0.001091 0.999999 0.001179 -0.000938 0.999999 0.001013 -0.001497 0.999998 0.001617 0.026639 0.991619 0.126420 0.004289 0.991962 0.126464 -0.054389 0.990503 0.126278 -0.023950 0.991687 0.126429 -0.000663 1.000000 -0.000716 -0.001283 0.999998 -0.001386 -0.001385 0.999998 -0.001496 -0.000676 1.000000 -0.000731 0.067606 0.955616 -0.286754 -0.029011 0.957404 -0.287291 -0.126070 0.950165 -0.285119 -0.001989 0.957805 -0.287411 -0.003942 0.999983 0.004259 -0.003536 0.999986 0.003819 -0.003386 0.999988 0.003658 -0.003933 0.999983 0.004249 0.023486 0.991697 0.126431 0.001933 0.991969 0.126466 -0.062207 0.990050 0.126221 -0.032645 0.991442 0.126399 -0.003224 0.999987 -0.003870 -0.003975 0.999981 -0.004771 -0.004097 0.999979 -0.004918 -0.003240 0.999987 -0.003889 0.067203 0.955642 -0.286760 -0.029958 0.957378 -0.287281 -0.139644 0.948423 -0.284594 -0.014124 0.957712 -0.287381 -0.007441 0.999932 0.008932 
						-0.006967 0.999941 0.008363 -0.006793 0.999944 0.008153 -0.007431 0.999933 0.008919 -0.002361 0.999993 0.002834 -0.003006 0.999989 0.003609 -0.003244 0.999987 0.003893 -0.002375 0.999993 0.002851 -0.036756 0.991301 -0.126381 -0.015810 0.991847 -0.126451 0.046559 0.990895 -0.126330 0.017805 0.991814 -0.126446 -0.007006 0.999940 -0.008410 -0.005950 0.999957 -0.007142 -0.005778 0.999959 -0.006935 -0.006985 0.999940 -0.008384 -0.079394 0.954783 0.286506 0.016393 0.957678 0.287374 0.124684 0.950333 0.285170 0.000776 0.957806 0.287413 0.000434 1.000000 -0.000469 -0.000009 1.000000 0.000010 -0.000172 1.000000 0.000186 0.000424 1.000000 -0.000458 -0.031262 0.991486 -0.126404 -0.009125 0.991930 -0.126461 0.049004 0.990779 -0.126314 0.018847 0.991795 -0.126444 -0.003124 0.999989 -0.003375 -0.002420 0.999994 -0.002615 -0.002305 0.999994 -0.002490 -0.003109 0.999990 -0.003359 -0.071853 0.955331 0.286670 0.024175 0.957527 0.287329 0.120688 0.950806 0.285312 -0.002686 0.957803 0.287412 0.002941 0.999991 -0.003177 0.002543 0.999993 -0.002747 0.002397 0.999994 -0.002589 0.002931 0.999991 -0.003167 -0.027984 0.991583 -0.126415 -0.005669 0.991955 -0.126463 0.052922 0.990581 -0.126288 0.022527 0.991719 -0.126433 -0.000413 1.000000 -0.000447 0.000205 1.000000 0.000221 0.000306 1.000000 0.000331 -0.000400 1.000000 -0.000432 -0.068668 0.955546 0.286734 0.027546 0.957444 0.287303 0.124214 0.950389 0.285186 0.000636 0.957807 0.287412 0.005884 0.999963 -0.006357 0.005471 0.999968 -0.005910 0.005319 0.999969 -0.005746 0.005875 0.999963 -0.006347 -0.024304 0.991678 -0.126429 -0.001947 0.991969 -0.126466 0.056745 0.990373 -0.126262 0.026300 0.991628 -0.126422 0.002191 0.999995 0.002367 0.002813 0.999991 0.003039 0.002915 0.999991 0.003149 0.002204 0.999995 0.002381 -0.065431 0.955755 0.286796 
						0.031210 0.957340 0.287272 0.128272 0.949895 0.285038 0.004183 0.957799 0.287410 
					</float_array>
					<technique_common>
						<accessor count="1091" offset="0" source="#meshId3-tangents-array" stride="3">
							<param name="X" type="float" />
							<param name="Y" type="float" />
							<param name="Z" type="float" />
						</accessor>
					</technique_common>
				</source>
				<source id="meshId3-bitangents" name="meshId3-bitangents">
					<float_array id="meshId3-bitangents-array" count="3273"> 
						-0.000000 1.000000 0.000002 0.000000 1.000000 0.000000 0.000000 1.000000 0.000000 0.000000 1.000000 0.000000 0.000027 1.000000 0.000018 0.000027 1.000000 0.000018 0.000039 1.000000 0.000052 0.000039 1.000000 0.000051 -0.000038 -1.000000 -0.000051 -0.000010 -1.000000 -0.000030 -0.000010 -1.000000 -0.000030 -0.000039 -1.000000 -0.000050 -0.000000 -1.000000 -0.000033 -0.000000 -1.000000 -0.000033 0.000021 -1.000000 -0.000061 0.000022 -1.000000 -0.000062 0.000039 -1.000000 -0.000051 0.000040 -1.000000 -0.000052 0.000116 1.000000 -0.000151 0.000156 1.000000 -0.000106 0.000156 1.000000 -0.000107 0.000116 1.000000 -0.000151 0.000178 1.000000 -0.000054 0.000178 1.000000 -0.000055 0.000181 1.000000 -0.000026 0.000182 1.000000 -0.000027 0.000000 1.000000 0.000000 0.000000 1.000000 0.000000 0.000000 1.000000 0.000000 0.000000 1.000000 0.000000 -0.000001 1.000000 -0.000001 0.000023 1.000000 -0.000017 0.000010 1.000000 -0.000015 0.000039 1.000000 -0.000054 0.000077 1.000000 -0.000108 0.000039 1.000000 -0.000125 0.000040 1.000000 -0.000124 0.000078 1.000000 -0.000107 -0.000001 1.000000 -0.000131 0.000000 1.000000 -0.000159 -0.000054 1.000000 -0.000164 -0.000052 1.000000 -0.000160 -0.000106 1.000000 -0.000143 -0.000075 1.000000 -0.000104 0.000037 1.000000 0.000054 0.000052 1.000000 0.000039 0.000053 1.000000 0.000039 0.000038 1.000000 0.000053 0.000093 1.000000 0.000030 0.000094 1.000000 0.000030 0.000128 1.000000 0.000020 0.000128 1.000000 0.000020 0.000000 -1.000000 0.000000 0.000000 -1.000000 0.000000 0.000000 -1.000000 0.000000 0.000000 -1.000000 0.000000 0.000000 -1.000000 0.000000 0.000000 -1.000000 0.000000 0.000000 -1.000000 0.000000 0.000000 -1.000000 0.000000 0.000000 1.000000 0.000000 0.000000 1.000000 0.000000 0.000000 1.000000 0.000000 0.000000 1.000000 0.000000 
						0.000000 1.000000 0.000000 0.000000 1.000000 0.000000 0.000000 1.000000 0.000000 0.000000 1.000000 0.000000 0.999996 -0.002698 0.000000 0.999991 -0.004249 0.000000 0.999991 -0.004272 0.000000 0.999997 -0.002599 0.000000 -0.999981 0.006152 0.000000 -0.999981 0.006118 -0.000001 -0.999990 0.004456 -0.000001 -0.999990 0.004382 0.000000 -1.000000 0.000000 -0.000048 -1.000000 0.000000 -0.000056 -1.000000 0.000000 -0.000198 -1.000000 0.000000 -0.000051 -1.000000 -0.000000 -0.000119 -1.000000 -0.000000 -0.000162 -1.000000 -0.000000 -0.000014 -1.000000 0.000000 -0.000038 -1.000000 -0.000000 -0.000092 -1.000000 -0.000000 -0.000068 -1.000000 -0.000000 -0.000042 -1.000000 -0.000000 -0.000063 -1.000000 -0.000002 -0.000060 -1.000000 -0.000002 -0.000061 -1.000000 -0.000000 -0.000066 -1.000000 0.000000 -0.000083 -1.000000 0.000000 -0.000073 -1.000000 0.000000 -0.000067 -1.000000 0.000000 -0.000045 -1.000000 0.000000 -0.000148 -1.000000 0.000000 -0.000092 -1.000000 0.000000 0.000030 -1.000000 0.000000 -0.000107 -1.000000 0.000000 -0.000044 -1.000000 0.000000 -0.000053 -1.000000 0.000000 -0.000051 -1.000000 0.000000 -0.000049 0.000100 0.000000 -1.000000 0.000100 0.000000 -1.000000 0.000106 0.000000 -1.000000 0.000109 0.000000 -1.000000 0.000101 0.000000 -1.000000 0.000103 0.000000 -1.000000 0.000109 0.000000 -1.000000 0.000101 0.000000 -1.000000 0.000104 0.000000 -1.000000 0.000112 0.000000 -1.000000 0.000162 0.000000 -1.000000 0.000129 0.000000 -1.000000 0.000036 0.000000 -1.000000 0.000059 0.000000 -1.000000 0.000085 0.000000 -1.000000 0.000100 0.000000 -1.000000 0.000109 0.000000 -1.000000 0.000103 0.000000 -1.000000 0.000103 0.000000 -1.000000 0.000098 0.000000 -1.000000 0.000092 0.000000 -1.000000 0.000097 0.000000 -1.000000 0.000099 0.000000 -1.000000 0.000099 0.000000 -1.000000 0.000100 0.000000 -1.000000 
						0.000099 0.000000 -1.000000 0.999987 0.005013 0.000000 0.999966 0.008198 0.000000 0.999966 0.008264 0.000000 0.999986 0.005226 0.000000 0.000093 0.000000 -1.000000 0.000087 0.000000 -1.000000 0.000082 0.000000 -1.000000 0.000080 0.000000 -1.000000 0.000098 0.000000 -1.000000 0.000099 0.000000 -1.000000 0.000095 0.000000 -1.000000 0.000094 0.000000 -1.000000 0.000100 0.000000 -1.000000 0.000093 0.000000 -1.000000 0.000105 0.000000 -1.000000 0.000106 0.000000 -1.000000 0.000102 0.000000 -1.000000 0.000109 0.000000 -1.000000 0.000099 0.000000 -1.000000 0.000103 0.000000 -1.000000 0.000101 0.000000 -1.000000 0.000102 0.000000 -1.000000 0.000098 0.000000 -1.000000 0.000106 0.000000 -1.000000 0.000105 0.000000 -1.000000 0.000094 0.000000 -1.000000 0.000110 0.000000 -1.000000 0.000109 0.000000 -1.000000 0.000110 0.000000 -1.000000 0.000122 0.000000 -1.000000 -0.999973 -0.007360 0.000000 -0.999973 -0.007305 -0.000001 -0.999991 -0.004162 -0.000001 -0.999990 -0.004364 -0.000000 -1.000000 0.000000 -0.000057 -1.000000 0.000000 -0.000050 -1.000000 0.000000 -0.000050 -1.000000 0.000000 -0.000249 -1.000000 0.000000 -0.000041 -1.000000 0.000000 0.000057 -1.000000 0.000000 -0.000064 -1.000000 0.000000 -0.000073 -1.000000 -0.000000 -0.000089 -1.000000 -0.000000 -0.000086 -1.000000 0.000000 -0.000073 -1.000000 0.000000 -0.000062 -1.000000 0.000000 -0.000057 -1.000000 0.000000 -0.000066 -1.000000 0.000000 -0.000073 -1.000000 0.000000 -0.000073 -1.000000 0.000000 -0.000018 -1.000000 0.000000 -0.000045 -1.000000 0.000000 -0.000068 -1.000000 0.000000 -0.000027 -1.000000 0.000000 -0.000025 -1.000000 0.000000 -0.000161 -1.000000 0.000000 0.000058 -1.000000 0.000000 0.000233 -1.000000 -0.000001 -0.000101 -1.000000 -0.000001 -0.000100 -1.000000 0.000000 -0.000100 -1.000000 0.000000 -0.000100 0.999992 -0.004084 0.000000 
						0.999998 -0.002048 0.000000 0.000099 0.000000 -1.000000 0.000099 0.000000 -1.000000 0.000098 0.000000 -1.000000 0.000098 0.000000 -1.000000 0.000099 0.000000 -1.000000 0.000099 0.000000 -1.000000 0.000099 0.000000 -1.000000 0.000099 0.000000 -1.000000 0.000099 0.000000 -1.000000 0.000099 0.000000 -1.000000 0.000099 0.000000 -1.000000 0.000098 0.000000 -1.000000 0.000103 0.000000 -1.000000 -0.999982 0.005946 0.000000 -0.999993 0.003798 0.000000 -1.000000 0.000000 -0.000050 -1.000000 0.000000 -0.000053 -1.000000 0.000000 -0.000042 -1.000000 0.000000 -0.000063 -1.000000 0.000000 -0.000086 -1.000000 0.000000 -0.000071 -1.000000 0.000000 -0.000066 -1.000000 0.000000 -0.000033 -1.000000 0.000000 -0.000043 -1.000000 0.000000 -0.000099 -1.000000 0.000000 -0.000034 -1.000000 0.000000 0.000001 -1.000000 0.000000 -0.000050 1.000000 -0.000235 0.000000 1.000000 0.000864 0.000000 0.999999 0.001548 0.000000 0.999999 0.001261 0.000000 0.000099 0.000000 -1.000000 0.000099 0.000000 -1.000000 0.000099 0.000000 -1.000000 0.000099 0.000000 -1.000000 0.000099 0.000000 -1.000000 0.000099 0.000000 -1.000000 0.000099 0.000000 -1.000000 0.000099 0.000000 -1.000000 0.000099 0.000000 -1.000000 0.000099 0.000000 -1.000000 0.000099 0.000000 -1.000000 0.000099 0.000000 -1.000000 0.000099 0.000000 -1.000000 0.000099 0.000000 -1.000000 0.000099 0.000000 -1.000000 0.000099 0.000000 -1.000000 0.000098 0.000000 -1.000000 0.000099 0.000000 -1.000000 0.000097 0.000000 -1.000000 0.000098 0.000000 -1.000000 0.000098 0.000000 -1.000000 0.000097 0.000000 -1.000000 0.000106 0.000000 -1.000000 0.000098 0.000000 -1.000000 0.000119 0.000000 -1.000000 0.000103 0.000000 -1.000000 -1.000000 -0.000099 0.000000 -1.000000 0.000577 0.000000 -0.999999 0.001552 0.000000 -1.000000 0.000073 0.000000 -1.000000 0.000000 -0.000068 
						-1.000000 0.000000 -0.000051 -1.000000 0.000000 -0.000050 -1.000000 0.000000 -0.000068 -1.000000 0.000000 -0.000125 -1.000000 0.000000 -0.000058 -1.000000 0.000000 -0.000085 -1.000000 0.000000 -0.000068 -1.000000 0.000000 -0.000039 -1.000000 0.000000 -0.000049 -1.000000 0.000000 -0.000077 -1.000000 0.000000 -0.000041 -1.000000 0.000000 -0.000062 -1.000000 0.000000 -0.000065 -1.000000 0.000000 -0.000062 -1.000000 0.000000 -0.000064 -1.000000 0.000000 -0.000079 -1.000000 0.000000 -0.000078 -1.000000 0.000000 -0.000033 -1.000000 0.000000 -0.000096 -1.000000 0.000000 -0.000152 -1.000000 0.000000 -0.000011 -1.000000 0.000000 -0.000188 -1.000000 0.000000 0.000012 -1.000000 0.000000 -0.000050 -1.000000 0.000000 -0.000050 0.999998 -0.001816 0.000000 0.999999 -0.001632 0.000000 1.000000 -0.001006 0.000000 1.000000 -0.000446 0.000000 0.000098 0.000000 -1.000000 0.000099 0.000000 -1.000000 0.000099 0.000000 -1.000000 0.000099 0.000000 -1.000000 0.000097 0.000000 -1.000000 0.000098 0.000000 -1.000000 0.000098 0.000000 -1.000000 0.000097 0.000000 -1.000000 0.000099 0.000000 -1.000000 0.000098 0.000000 -1.000000 0.000099 0.000000 -1.000000 0.000099 0.000000 -1.000000 0.000107 0.000000 -1.000000 0.000099 0.000000 -1.000000 0.000110 0.000000 -1.000000 0.000111 0.000000 -1.000000 0.000098 0.000000 -1.000000 0.000106 0.000000 -1.000000 0.000099 0.000000 -1.000000 0.000098 0.000000 -1.000000 0.000099 0.000000 -1.000000 0.000099 0.000000 -1.000000 0.000106 0.000000 -1.000000 0.000099 0.000000 -1.000000 0.000119 0.000000 -1.000000 0.000103 0.000000 -1.000000 -0.999996 0.002687 0.000000 -0.999995 0.003315 0.000000 -0.999994 0.003367 0.000000 -0.999998 0.001996 0.000000 -1.000000 0.000000 -0.000054 -1.000000 0.000000 -0.000051 -1.000000 0.000000 -0.000050 -1.000000 0.000000 -0.000068 -1.000000 0.000000 -0.000106 
						-1.000000 0.000000 -0.000056 -1.000000 0.000000 -0.000086 -1.000000 0.000000 -0.000059 -1.000000 0.000000 -0.000049 -1.000000 0.000000 -0.000086 -1.000000 0.000000 -0.000068 -1.000000 0.000000 -0.000045 -1.000000 0.000000 -0.000065 -1.000000 0.000000 -0.000035 -1.000000 0.000000 -0.000066 -1.000000 0.000000 -0.000064 -1.000000 0.000000 -0.000070 -1.000000 0.000000 -0.000076 -1.000000 0.000000 -0.000033 -1.000000 0.000000 -0.000101 -1.000000 0.000000 -0.000165 -1.000000 0.000000 -0.000019 -1.000000 0.000000 -0.000197 -1.000000 0.000000 0.000015 -1.000000 0.000000 -0.000051 -1.000000 0.000000 -0.000050 0.999999 0.001699 0.000000 0.999993 0.003670 0.000000 0.999991 0.004198 0.000000 0.999996 0.002841 0.000000 0.000087 0.000000 -1.000000 0.000093 0.000000 -1.000000 0.000110 0.000000 -1.000000 0.000096 0.000000 -1.000000 0.000087 0.000000 -1.000000 0.000087 0.000000 -1.000000 0.000087 0.000000 -1.000000 0.000087 0.000000 -1.000000 0.000096 0.000000 -1.000000 0.000087 0.000000 -1.000000 0.000110 0.000000 -1.000000 0.000101 0.000000 -1.000000 0.000101 0.000000 -1.000000 0.000110 0.000000 -1.000000 0.000096 0.000000 -1.000000 0.000096 0.000000 -1.000000 0.000110 0.000000 -1.000000 0.000101 0.000000 -1.000000 0.000100 0.000000 -1.000000 0.000110 0.000000 -1.000000 0.000098 0.000000 -1.000000 0.000097 0.000000 -1.000000 0.000109 0.000000 -1.000000 0.000099 0.000000 -1.000000 0.000108 0.000000 -1.000000 0.000109 0.000000 -1.000000 -0.999995 -0.003032 0.000000 -0.999997 -0.002535 0.000000 -1.000000 -0.000674 0.000000 -0.999999 -0.001748 0.000000 -1.000000 0.000000 -0.000054 -1.000000 0.000000 -0.000050 -1.000000 -0.000000 -0.000050 -1.000000 -0.000000 -0.000068 -1.000000 0.000000 -0.000039 -1.000000 0.000000 -0.000048 -1.000000 0.000000 -0.000062 -1.000000 0.000000 -0.000060 -1.000000 0.000000 -0.000088 
						-1.000000 0.000000 -0.000092 -1.000000 0.000000 -0.000070 -1.000000 0.000000 -0.000066 -1.000000 0.000000 -0.000066 -1.000000 0.000000 -0.000069 -1.000000 0.000000 -0.000064 -1.000000 0.000000 -0.000065 -1.000000 0.000000 -0.000072 -1.000000 0.000000 -0.000031 -1.000000 0.000000 -0.000033 -1.000000 0.000000 -0.000060 -1.000000 0.000000 0.000036 -1.000000 0.000000 -0.000020 -1.000000 0.000000 -0.000022 -1.000000 0.000000 -0.000008 -1.000000 0.000000 -0.000094 -1.000000 0.000000 -0.000100 0.999988 0.004840 0.000000 0.999967 0.008152 0.000000 0.000098 0.000000 -1.000000 0.000095 0.000000 -1.000000 0.000098 0.000000 -1.000000 0.000096 0.000000 -1.000000 0.000100 0.000000 -1.000000 0.000100 0.000000 -1.000000 0.000099 0.000000 -1.000000 0.000095 0.000000 -1.000000 0.000100 0.000000 -1.000000 0.000100 0.000000 -1.000000 0.000097 0.000000 -1.000000 0.000095 0.000000 -1.000000 0.000100 0.000000 -1.000000 -0.999974 -0.007263 -0.000002 -0.999992 -0.003989 -0.000002 -1.000000 -0.000001 -0.000050 -1.000000 -0.000001 -0.000050 -1.000000 0.000000 -0.000044 -1.000000 0.000000 -0.000061 -1.000000 0.000000 -0.000086 -1.000000 0.000000 -0.000052 -1.000000 0.000000 -0.000059 -1.000000 0.000000 -0.000065 -1.000000 0.000000 -0.000034 -1.000000 0.000000 -0.000098 -1.000000 0.000000 -0.000028 -1.000000 0.000000 0.000057 -1.000000 -0.000001 -0.000101 -1.000000 -0.000001 -0.000101 0.000000 -1.000000 0.000000 0.000000 -1.000000 0.000000 0.999984 -0.005642 0.000000 0.999983 -0.005776 0.000000 0.999982 -0.005940 0.000000 0.999997 -0.002285 0.000000 0.999997 -0.002604 0.000000 0.999986 -0.005341 0.000000 0.999987 -0.005022 0.000000 0.999999 -0.001279 0.000000 0.999999 -0.001395 0.000000 0.999999 0.001363 0.000000 0.999999 0.001078 0.000000 0.999999 -0.001371 0.000000 0.999999 -0.001085 0.000000 0.999998 0.002170 0.000000 
						0.999998 0.002040 0.000000 0.999988 0.004919 0.000000 0.999989 0.004616 0.000000 0.999998 0.002023 0.000000 0.999997 0.002326 0.000000 0.999984 0.005676 0.000000 0.999984 0.005591 0.000000 0.999946 0.010432 0.000000 0.999950 0.010047 0.000000 0.999980 0.006350 0.000000 0.999977 0.006735 0.000000 0.999936 0.011326 0.000000 0.999936 0.011284 0.000000 0.999937 0.011239 0.000000 0.000000 1.000000 0.000000 0.000000 1.000000 0.000000 0.000128 1.000000 0.000020 0.000093 1.000000 0.000030 0.000053 1.000000 0.000039 0.000039 1.000000 0.000054 -0.000077 1.000000 -0.000106 -0.000050 1.000000 -0.000155 0.000000 1.000000 -0.000163 0.000040 1.000000 -0.000123 0.000075 1.000000 -0.000103 0.000039 1.000000 -0.000054 0.000027 1.000000 -0.000020 0.000000 1.000000 0.000000 0.000000 1.000000 0.000000 0.000000 1.000000 0.000000 0.000000 1.000000 0.000000 -0.999946 -0.010352 -0.000001 -0.999947 -0.010310 0.000000 -0.999946 -0.010392 -0.000002 -0.999988 -0.004853 0.000002 -0.999961 -0.008792 0.000002 -0.999958 -0.009202 0.000002 -0.999986 -0.005263 0.000002 -0.999990 -0.004420 0.000000 -0.999991 -0.004340 0.000000 -1.000000 -0.000246 0.000000 -0.999995 -0.003097 0.000000 -0.999994 -0.003430 0.000000 -1.000000 -0.000579 0.000000 -1.000000 -0.000586 0.000000 -1.000000 -0.000460 0.000000 -0.999994 0.003422 0.000000 -1.000000 0.000765 0.000000 -1.000000 0.000455 0.000000 -0.999995 0.003112 0.000000 -0.999995 0.003101 0.000000 -0.999995 0.003217 0.000000 -0.999971 0.007573 0.000000 -0.999989 0.004680 0.000000 -0.999991 0.004342 0.000000 -0.999974 0.007235 0.000000 -0.999970 0.007745 0.000000 -0.999969 0.007918 0.000000 -0.999971 0.007603 -0.000001 0.000000 -1.000000 0.000000 0.000000 -1.000000 0.000000 0.000181 1.000000 -0.000027 0.000178 1.000000 -0.000055 0.000157 1.000000 -0.000107 
						0.000117 1.000000 -0.000152 0.000040 -1.000000 -0.000052 0.000021 -1.000000 -0.000062 -0.000000 -1.000000 -0.000032 -0.000011 -1.000000 -0.000031 -0.000040 -1.000000 -0.000052 0.000039 1.000000 0.000051 0.000027 1.000000 0.000018 0.000000 1.000000 0.000000 0.000000 1.000000 0.000000 0.000000 -0.000088 -1.000000 0.000000 -0.000098 -1.000000 0.000000 -0.000117 -1.000000 0.000000 -0.000107 -1.000000 -0.000078 -0.000117 -1.000000 -0.000078 -0.000117 -1.000000 -0.000078 -0.000117 -1.000000 -0.000078 -0.000117 -1.000000 -0.000022 -0.000117 -1.000000 -0.000022 -0.000117 -1.000000 -0.000022 -0.000117 -1.000000 -0.000022 -0.000117 -1.000000 -0.000009 -0.000117 -1.000000 -0.000009 -0.000117 -1.000000 -0.000009 -0.000117 -1.000000 -0.000009 -0.000117 -1.000000 -0.000006 -0.000110 -1.000000 -0.000006 -0.000088 -1.000000 -0.000006 -0.000095 -1.000000 -0.000002 -0.000088 -1.000000 -0.000002 -0.000088 -1.000000 -0.000002 -0.000088 -1.000000 0.000002 -0.000096 -1.000000 0.000002 -0.000117 -1.000000 0.000002 -0.000109 -1.000000 0.000006 -0.000117 -1.000000 0.000006 -0.000110 -1.000000 0.000006 -0.000089 -1.000000 0.000006 -0.000096 -1.000000 0.000009 -0.000089 -1.000000 0.000009 -0.000089 -1.000000 0.000009 -0.000089 -1.000000 0.000022 -0.000089 -1.000000 0.000022 -0.000093 -1.000000 0.000022 -0.000119 -1.000000 0.000022 -0.000115 -1.000000 0.000078 -0.000119 -1.000000 0.000078 -0.000118 -1.000000 0.000078 -0.000088 -1.000000 0.000078 -0.000089 -1.000000 0.000000 -0.000088 -1.000000 0.000000 -0.000088 -1.000000 0.000000 -0.000088 -1.000000 0.000000 -0.000088 -1.000000 0.000000 -0.000088 -1.000000 0.000000 -0.000098 -1.000000 0.000000 -0.000117 -1.000000 0.000000 -0.000107 -1.000000 -0.000071 -0.000117 -1.000000 -0.000071 -0.000117 -1.000000 -0.000071 -0.000119 -1.000000 -0.000071 -0.000119 -1.000000 -0.000022 -0.000119 -1.000000 -0.000022 -0.000119 -1.000000 
						-0.000022 -0.000119 -1.000000 -0.000022 -0.000119 -1.000000 -0.000006 -0.000119 -1.000000 -0.000006 -0.000118 -1.000000 -0.000006 -0.000106 -1.000000 -0.000006 -0.000118 -1.000000 -0.000006 -0.000110 -1.000000 -0.000006 -0.000088 -1.000000 -0.000002 -0.000088 -1.000000 -0.000002 -0.000088 -1.000000 -0.000002 -0.000088 -1.000000 0.000002 -0.000088 -1.000000 0.000002 -0.000088 -1.000000 0.000006 -0.000089 -1.000000 0.000006 -0.000089 -1.000000 0.000006 -0.000089 -1.000000 0.000006 -0.000088 -1.000000 0.000022 -0.000088 -1.000000 0.000022 -0.000091 -1.000000 0.000022 -0.000117 -1.000000 0.000022 -0.000113 -1.000000 0.000071 -0.000117 -1.000000 0.000071 -0.000116 -1.000000 0.000071 -0.000089 -1.000000 0.000071 -0.000091 -1.000000 0.000000 -0.000089 -1.000000 0.000000 -0.000089 -1.000000 0.000000 -0.000088 -1.000000 0.000000 -0.000088 -1.000000 0.000000 -0.000088 -1.000000 0.000000 -0.000098 -1.000000 0.000000 -0.000119 -1.000000 0.000000 -0.000108 -1.000000 -0.000078 -0.000119 -1.000000 -0.000078 -0.000119 -1.000000 -0.000078 -0.000117 -1.000000 -0.000078 -0.000117 -1.000000 -0.000020 -0.000117 -1.000000 -0.000020 -0.000117 -1.000000 -0.000020 -0.000117 -1.000000 -0.000020 -0.000117 -1.000000 -0.000011 -0.000117 -1.000000 -0.000011 -0.000117 -1.000000 -0.000005 -0.000110 -1.000000 -0.000005 -0.000088 -1.000000 -0.000005 -0.000095 -1.000000 -0.000003 -0.000088 -1.000000 -0.000003 -0.000088 -1.000000 -0.000003 -0.000088 -1.000000 0.000003 -0.000096 -1.000000 0.000003 -0.000117 -1.000000 0.000003 -0.000109 -1.000000 0.000005 -0.000117 -1.000000 0.000005 -0.000110 -1.000000 0.000005 -0.000088 -1.000000 0.000005 -0.000095 -1.000000 0.000011 -0.000088 -1.000000 0.000011 -0.000088 -1.000000 0.000011 -0.000089 -1.000000 0.000020 -0.000093 -1.000000 0.000020 -0.000117 -1.000000 0.000020 -0.000114 -1.000000 0.000078 -0.000117 -1.000000 0.000078 -0.000116 -1.000000 
						0.000078 -0.000088 -1.000000 0.000078 -0.000089 -1.000000 0.000000 -0.000088 -1.000000 0.000000 -0.000088 -1.000000 0.000000 -0.000089 -1.000000 0.000000 -0.000089 -1.000000 0.000000 -0.000117 -1.000000 0.000000 -0.000117 -1.000000 0.000000 -0.000117 -1.000000 0.000000 -0.000117 -1.000000 -0.000078 -0.000117 -1.000000 -0.000078 -0.000116 -1.000000 -0.000078 -0.000088 -1.000000 -0.000078 -0.000089 -1.000000 -0.000027 -0.000088 -1.000000 -0.000027 -0.000091 -1.000000 -0.000027 -0.000117 -1.000000 -0.000027 -0.000113 -1.000000 -0.000009 -0.000117 -1.000000 -0.000009 -0.000117 -1.000000 -0.000009 -0.000117 -1.000000 -0.000009 -0.000117 -1.000000 -0.000006 -0.000110 -1.000000 -0.000006 -0.000088 -1.000000 -0.000006 -0.000095 -1.000000 -0.000001 -0.000088 -1.000000 -0.000001 -0.000088 -1.000000 -0.000001 -0.000088 -1.000000 0.000001 -0.000096 -1.000000 0.000001 -0.000117 -1.000000 0.000001 -0.000109 -1.000000 0.000006 -0.000117 -1.000000 0.000006 -0.000110 -1.000000 0.000006 -0.000088 -1.000000 0.000006 -0.000095 -1.000000 0.000009 -0.000088 -1.000000 0.000009 -0.000088 -1.000000 0.000009 -0.000088 -1.000000 0.000027 -0.000088 -1.000000 0.000027 -0.000088 -1.000000 0.000027 -0.000088 -1.000000 0.000027 -0.000088 -1.000000 0.000078 -0.000088 -1.000000 0.000078 -0.000088 -1.000000 0.000078 -0.000089 -1.000000 0.000078 -0.000089 -1.000000 0.000000 -0.000089 -1.000000 0.000000 -0.000089 -1.000000 0.000000 -0.000088 -1.000000 0.000000 -0.000088 -1.000000 0.000000 0.000117 -1.000000 0.000000 0.000108 -1.000000 0.000000 0.000089 -1.000000 0.000000 0.000099 -1.000000 -0.000078 0.000117 -1.000000 -0.000078 0.000117 -1.000000 -0.000078 0.000117 -1.000000 -0.000078 0.000117 -1.000000 -0.000024 0.000117 -1.000000 -0.000024 0.000117 -1.000000 -0.000024 0.000117 -1.000000 -0.000024 0.000117 -1.000000 -0.000009 0.000117 -1.000000 -0.000009 0.000117 -1.000000 
						-0.000009 0.000117 -1.000000 -0.000009 0.000117 -1.000000 -0.000007 0.000089 -1.000000 -0.000007 0.000096 -1.000000 -0.000007 0.000110 -1.000000 -0.000002 0.000089 -1.000000 -0.000002 0.000089 -1.000000 -0.000002 0.000089 -1.000000 0.000002 0.000117 -1.000000 0.000002 0.000110 -1.000000 0.000002 0.000097 -1.000000 0.000007 0.000088 -1.000000 0.000007 0.000095 -1.000000 0.000007 0.000117 -1.000000 0.000007 0.000110 -1.000000 0.000009 0.000088 -1.000000 0.000009 0.000088 -1.000000 0.000009 0.000088 -1.000000 0.000024 0.000117 -1.000000 0.000024 0.000113 -1.000000 0.000024 0.000088 -1.000000 0.000024 0.000091 -1.000000 0.000078 0.000088 -1.000000 0.000078 0.000089 -1.000000 0.000078 0.000117 -1.000000 0.000078 0.000116 -1.000000 0.000000 0.000089 -1.000000 0.000000 0.000089 -1.000000 0.000000 0.000088 -1.000000 0.000000 0.000088 -1.000000 0.000000 0.000089 -1.000000 0.000000 0.000099 -1.000000 0.000000 0.000117 -1.000000 0.000000 0.000108 -1.000000 -0.000078 0.000117 -1.000000 -0.000078 0.000116 -1.000000 -0.000078 0.000089 -1.000000 -0.000078 0.000091 -1.000000 -0.000024 0.000088 -1.000000 -0.000024 0.000091 -1.000000 -0.000024 0.000117 -1.000000 -0.000024 0.000113 -1.000000 -0.000009 0.000089 -1.000000 -0.000009 0.000089 -1.000000 -0.000009 0.000088 -1.000000 -0.000009 0.000088 -1.000000 -0.000005 0.000117 -1.000000 -0.000005 0.000110 -1.000000 -0.000005 0.000096 -1.000000 -0.000003 0.000117 -1.000000 -0.000003 0.000117 -1.000000 -0.000003 0.000117 -1.000000 0.000003 0.000088 -1.000000 0.000003 0.000096 -1.000000 0.000003 0.000109 -1.000000 0.000005 0.000088 -1.000000 0.000005 0.000088 -1.000000 0.000005 0.000088 -1.000000 0.000009 0.000089 -1.000000 0.000009 0.000088 -1.000000 0.000024 0.000089 -1.000000 0.000024 0.000089 -1.000000 0.000024 0.000089 -1.000000 0.000024 0.000089 -1.000000 
						0.000078 0.000088 -1.000000 0.000078 0.000088 -1.000000 0.000078 0.000089 -1.000000 0.000078 0.000089 -1.000000 0.000000 0.000088 -1.000000 0.000000 0.000088 -1.000000 0.000000 0.000088 -1.000000 0.000000 0.000088 -1.000000 0.000000 0.000088 -1.000000 0.000000 0.000098 -1.000000 0.000000 0.000117 -1.000000 0.000000 0.000107 -1.000000 -0.000080 0.000119 -1.000000 -0.000080 0.000118 -1.000000 -0.000080 0.000088 -1.000000 -0.000080 0.000089 -1.000000 -0.000020 0.000089 -1.000000 -0.000020 0.000093 -1.000000 -0.000020 0.000119 -1.000000 -0.000020 0.000115 -1.000000 -0.000009 0.000088 -1.000000 -0.000009 0.000088 -1.000000 -0.000009 0.000089 -1.000000 -0.000009 0.000089 -1.000000 -0.000005 0.000117 -1.000000 -0.000005 0.000110 -1.000000 -0.000005 0.000095 -1.000000 -0.000002 0.000117 -1.000000 -0.000002 0.000117 -1.000000 -0.000002 0.000117 -1.000000 0.000002 0.000088 -1.000000 0.000002 0.000096 -1.000000 0.000002 0.000109 -1.000000 0.000005 0.000089 -1.000000 0.000005 0.000088 -1.000000 0.000005 0.000088 -1.000000 0.000009 0.000089 -1.000000 0.000009 0.000089 -1.000000 0.000020 0.000089 -1.000000 0.000020 0.000089 -1.000000 0.000020 0.000089 -1.000000 0.000020 0.000089 -1.000000 0.000080 0.000088 -1.000000 0.000080 0.000088 -1.000000 0.000080 0.000089 -1.000000 0.000080 0.000089 -1.000000 0.000000 0.000088 -1.000000 0.000000 0.000088 -1.000000 0.000000 0.000088 -1.000000 0.000000 0.000088 -1.000000 0.000000 0.000088 -1.000000 0.000000 0.000098 -1.000000 0.000000 0.000117 -1.000000 0.000000 0.000107 -1.000000 -0.000064 0.000117 -1.000000 -0.000064 0.000116 -1.000000 -0.000064 0.000088 -1.000000 -0.000064 0.000089 -1.000000 -0.000022 0.000089 -1.000000 -0.000022 0.000093 -1.000000 -0.000022 0.000117 -1.000000 -0.000022 0.000114 -1.000000 -0.000006 0.000099 -1.000000 -0.000006 0.000088 -1.000000 
						-0.000006 0.000089 -1.000000 -0.000006 0.000088 -1.000000 -0.000006 0.000117 -1.000000 -0.000006 0.000095 -1.000000 -0.000002 0.000117 -1.000000 -0.000002 0.000117 -1.000000 -0.000002 0.000117 -1.000000 0.000002 0.000088 -1.000000 0.000002 0.000096 -1.000000 0.000002 0.000109 -1.000000 0.000006 0.000089 -1.000000 0.000006 0.000088 -1.000000 0.000006 0.000089 -1.000000 0.000006 0.000088 -1.000000 0.000006 0.000089 -1.000000 0.000022 0.000088 -1.000000 0.000022 0.000088 -1.000000 0.000022 0.000088 -1.000000 0.000022 0.000088 -1.000000 0.000064 0.000089 -1.000000 0.000064 0.000089 -1.000000 0.000064 0.000088 -1.000000 0.000064 0.000088 -1.000000 0.000000 0.000088 -1.000000 0.000000 0.000088 -1.000000 0.000000 0.000089 -1.000000 0.000000 0.000089 -1.000000 0.000099 0.000000 -1.000000 0.000099 0.000000 -1.000000 0.000089 0.000000 -1.000000 0.000099 0.000000 -1.000000 0.000088 0.000000 -1.000000 0.000087 0.000000 -1.000000 0.000089 0.000000 -1.000000 0.000098 0.000000 -1.000000 0.000098 0.000000 -1.000000 0.000099 0.000000 -1.000000 0.000099 0.000000 -1.000000 0.000099 0.000000 -1.000000 0.000099 0.000000 -1.000000 0.000099 0.000000 -1.000000 0.000099 0.000000 -1.000000 0.000106 0.000000 -1.000000 0.000110 0.000000 -1.000000 0.000118 0.000000 -1.000000 0.000118 0.000000 -1.000000 0.000110 0.000000 -1.000000 0.000108 0.000000 -1.000000 0.000108 0.000000 -1.000000 0.000108 0.000000 -1.000000 0.000110 0.000000 -1.000000 0.000113 0.000000 -1.000000 0.000099 0.000000 -1.000000 0.000099 0.000000 -1.000000 0.000099 0.000000 -1.000000 0.000089 0.000000 -1.000000 0.000099 0.000000 -1.000000 0.000088 0.000000 -1.000000 0.000088 0.000000 -1.000000 0.000090 0.000000 -1.000000 0.000099 0.000000 -1.000000 0.000099 0.000000 -1.000000 0.000099 0.000000 -1.000000 0.000099 0.000000 -1.000000 
						0.000099 0.000000 -1.000000 0.000099 0.000000 -1.000000 0.000099 0.000000 -1.000000 0.000099 0.000000 -1.000000 0.000106 0.000000 -1.000000 0.000110 0.000000 -1.000000 0.000117 0.000000 -1.000000 0.000117 0.000000 -1.000000 0.000108 0.000000 -1.000000 0.000107 0.000000 -1.000000 0.000108 0.000000 -1.000000 0.000108 0.000000 -1.000000 0.000111 0.000000 -1.000000 0.000114 0.000000 -1.000000 0.000099 0.000000 -1.000000 0.000099 0.000000 -1.000000 0.000098 0.000000 -1.000000 0.000088 0.000000 -1.000000 0.000098 0.000000 -1.000000 0.000088 0.000000 -1.000000 0.000088 0.000000 -1.000000 0.000090 0.000000 -1.000000 0.000099 0.000000 -1.000000 0.000099 0.000000 -1.000000 0.000099 0.000000 -1.000000 0.000099 0.000000 -1.000000 0.000099 0.000000 -1.000000 0.000099 0.000000 -1.000000 0.000099 0.000000 -1.000000 0.000099 0.000000 -1.000000 0.000107 0.000000 -1.000000 0.000110 0.000000 -1.000000 0.000118 0.000000 -1.000000 0.000118 0.000000 -1.000000 0.000109 0.000000 -1.000000 0.000107 0.000000 -1.000000 0.000108 0.000000 -1.000000 0.000109 0.000000 -1.000000 0.000111 0.000000 -1.000000 0.000114 0.000000 -1.000000 0.000099 0.000000 -1.000000 0.000110 0.000000 -1.000000 0.000096 0.000000 -1.000000 0.000098 0.000000 -1.000000 0.000093 0.000000 -1.000000 0.000099 0.000000 -1.000000 0.000100 0.000000 -1.000000 0.000097 0.000000 -1.000000 0.000087 0.000000 -1.000000 0.000087 0.000000 -1.000000 0.000096 0.000000 -1.000000 0.000100 0.000000 -1.000000 0.000109 0.000000 -1.000000 0.000109 0.000000 -1.000000 0.000101 0.000000 -1.000000 0.000097 0.000000 -1.000000 0.000097 0.000000 -1.000000 0.000101 0.000000 -1.000000 0.000110 0.000000 -1.000000 0.000110 0.000000 -1.000000 0.000110 0.000000 -1.000000 0.000110 0.000000 -1.000000 0.000110 0.000000 -1.000000 0.000110 0.000000 -1.000000 
						0.000109 0.000000 -1.000000 0.000109 0.000000 -1.000000 0.000109 0.000000 -1.000000 0.999457 -0.032693 -0.004168 0.999940 -0.010874 -0.001386 0.998904 0.046422 0.005918 0.999858 0.016696 0.002129 0.679290 -0.006736 0.733839 0.679294 -0.005570 0.733845 0.679295 -0.005379 0.733845 0.679290 -0.006711 0.733840 0.997279 -0.070606 0.021187 0.999747 0.021556 -0.006468 0.992867 0.114197 -0.034267 0.999990 -0.004226 0.001268 0.679305 -0.001307 -0.733854 0.679305 -0.002044 -0.733854 0.679304 -0.002315 -0.733853 0.679305 -0.001324 -0.733854 0.999558 -0.029498 -0.003761 0.999972 -0.007426 -0.000947 0.998702 0.050530 0.006442 0.999787 0.020464 0.002609 0.679308 -0.002503 0.733849 0.679309 -0.001539 0.733851 0.679309 -0.001381 0.733851 0.679308 -0.002482 0.733849 0.997514 -0.067502 0.020256 0.999666 0.024767 -0.007432 0.992449 0.117487 -0.035255 0.999999 -0.001042 0.000313 0.679310 0.002218 -0.733848 0.679311 0.001606 -0.733849 0.679311 0.001381 -0.733849 0.679310 0.002204 -0.733848 0.999645 -0.026425 -0.003369 0.999991 -0.004254 -0.000542 0.998520 0.053952 0.006878 0.999713 0.023758 0.003029 0.679313 0.000976 0.733848 0.679312 0.001889 0.733848 0.679311 0.002038 0.733847 0.679313 0.000996 0.733848 0.997712 -0.064754 0.019431 0.999579 0.027787 -0.008338 0.992021 0.120751 -0.036234 0.999998 0.001905 -0.000572 0.679299 0.005804 -0.733838 0.679301 0.005205 -0.733841 0.679302 0.004984 -0.733842 0.679299 0.005790 -0.733838 0.999724 -0.023297 -0.002970 0.999998 -0.001918 -0.000244 0.998063 0.061707 0.007867 0.999467 0.032383 0.004128 0.640070 0.005037 0.768300 0.640066 0.006210 0.768295 0.640065 0.006401 0.768294 0.640070 0.005061 0.768300 0.997739 -0.064367 0.019315 0.999551 0.028694 -0.008610 0.990202 0.133752 -0.040135 0.999900 0.013528 -0.004059 0.640035 0.011625 -0.768258 
						0.640040 0.010884 -0.768264 0.640042 0.010612 -0.768267 0.640035 0.011609 -0.768258 -0.640074 -0.003689 0.768305 -0.640071 -0.004697 0.768301 -0.640070 -0.005067 0.768300 -0.640074 -0.003711 0.768304 -0.999324 -0.036460 0.004649 -0.999875 -0.015683 0.002000 -0.998916 0.046185 -0.005887 -0.999842 0.017662 -0.002251 -0.640038 -0.010946 -0.768265 -0.640049 -0.009295 -0.768278 -0.640051 -0.009026 -0.768280 -0.640039 -0.010913 -0.768265 -0.996843 -0.076044 -0.022818 -0.999866 0.015701 0.004713 -0.992197 0.119423 0.035837 -1.000000 0.000743 0.000224 -0.679313 0.000639 0.733849 -0.679313 -0.000014 0.733849 -0.679313 -0.000254 0.733849 -0.679313 0.000624 0.733849 -0.999511 -0.031011 0.003954 -0.999958 -0.009052 0.001154 -0.998799 0.048610 -0.006197 -0.999822 0.018695 -0.002383 -0.679303 -0.004599 -0.733844 -0.679305 -0.003563 -0.733847 -0.679306 -0.003393 -0.733847 -0.679303 -0.004577 -0.733844 -0.997415 -0.068821 -0.020651 -0.999708 0.023155 0.006948 -0.992691 0.115596 0.034687 -0.999996 -0.002572 -0.000772 -0.679303 0.004329 0.733845 -0.679305 0.003743 0.733846 -0.679305 0.003528 0.733847 -0.679303 0.004315 0.733845 -0.999608 -0.027760 0.003539 -0.999984 -0.005623 0.000717 -0.998599 0.052497 -0.006693 -0.999746 0.022346 -0.002849 -0.679312 -0.000609 -0.733850 -0.679312 0.000302 -0.733850 -0.679312 0.000451 -0.733850 -0.679312 -0.000589 -0.733850 -0.997640 -0.065771 -0.019736 -0.999621 0.026383 0.007917 -0.992255 0.118973 0.035701 -1.000000 0.000609 0.000183 -0.679280 0.008662 0.733829 -0.679283 0.008053 0.733832 -0.679284 0.007829 0.733834 -0.679280 0.008648 0.733829 -0.999705 -0.024109 0.003074 -0.999998 -0.001931 0.000246 -0.998389 0.056289 -0.007176 -0.999654 0.026088 -0.003326 -0.679303 0.003225 -0.733851 -0.679300 0.004142 -0.733849 -0.679300 0.004292 -0.733848 -0.679303 0.003245 -0.733851 -0.997857 -0.062671 -0.018806 
						-0.999513 0.029894 0.008970 -0.991739 0.122860 0.036867 -0.999991 0.004006 0.001202 
					</float_array>
					<technique_common>
						<accessor count="1091" offset="0" source="#meshId3-bitangents-array" stride="3">
							<param name="X" type="float" />
							<param name="Y" type="float" />
							<param name="Z" type="float" />
						</accessor>
					</technique_common>
				</source>
				<source id="meshId3-tex0" name="meshId3-tex0">
					<float_array id="meshId3-tex0-array" count="2182"> 
						0.912551 0.540742 0.928963 0.540742 0.928963 0.574779 0.912551 0.574779 0.945205 0.540742 0.945205 0.574779 0.961167 0.540743 0.961166 0.574780 0.754628 0.340376 0.738950 0.340375 0.738952 0.306338 0.754629 0.306339 0.723452 0.340375 0.723453 0.306338 0.707953 0.340374 0.707955 0.306337 0.692276 0.340373 0.692277 0.306336 0.755210 0.000011 0.771171 0.000008 0.771177 0.034045 0.755216 0.034048 0.787413 0.000005 0.787419 0.034042 0.803825 0.000002 0.803831 0.034039 0.800169 0.659627 0.815643 0.659627 0.815642 0.693664 0.800168 0.693664 0.831117 0.659627 0.831117 0.693664 0.846592 0.659627 0.846591 0.693665 0.849658 0.502778 0.865133 0.502780 0.865128 0.536817 0.849654 0.536815 0.880607 0.502782 0.880602 0.536819 0.896081 0.502784 0.896077 0.536822 0.911556 0.502787 0.911551 0.536824 0.953003 0.000006 0.968477 0.000005 0.968480 0.034042 0.953006 0.034043 0.983952 0.000004 0.983955 0.034041 0.999426 0.000002 0.999429 0.034039 0.979975 0.680746 0.979975 0.646709 0.999857 0.646709 0.999857 0.680746 0.022476 0.945446 0.042358 0.945446 0.042358 0.979483 0.022477 0.979483 0.797568 0.659629 0.797568 0.693666 0.777686 0.693666 0.777686 0.659629 
						0.019882 0.665494 0.000000 0.665494 0.000000 0.631457 0.019882 0.631457 0.346138 0.001824 0.380231 0.001732 0.380361 0.062572 0.346270 0.062660 0.034372 0.457818 0.034119 0.518660 0.000030 0.518508 0.000283 0.457669 0.952331 0.540742 0.932449 0.540741 0.932453 0.480025 0.952335 0.480026 0.930029 0.524508 0.930032 0.480024 0.923005 0.509864 0.923007 0.480024 0.912064 0.498242 0.912065 0.480023 0.898277 0.490780 0.898277 0.480022 0.898277 0.490780 0.882993 0.488208 0.882994 0.480021 0.867709 0.490778 0.867710 0.480020 0.853921 0.498239 0.853922 0.480019 0.842978 0.509859 0.842980 0.480019 0.835952 0.524502 0.835955 0.480018 0.833530 0.540735 0.833534 0.480018 0.813649 0.540734 0.813653 0.480017 0.813028 0.520943 0.813030 0.540825 0.752313 0.540831 0.752311 0.520949 0.796797 0.543247 0.752314 0.543252 0.782154 0.550274 0.752314 0.550277 0.770535 0.561217 0.752315 0.561219 0.763074 0.575005 0.752317 0.575007 0.760505 0.590290 0.752318 0.590290 0.763077 0.605573 0.752320 0.605574 0.770540 0.619360 0.752321 0.619362 0.782162 0.630301 0.752322 0.630304 0.796807 0.637325 0.752323 0.637329 0.813040 0.639744 0.752323 0.639750 0.813042 0.659625 
						0.752325 0.659631 0.346303 0.492582 0.380391 0.492757 0.380264 0.517410 0.346176 0.517227 0.074070 0.639818 0.074072 0.659700 0.049466 0.659702 0.049464 0.639820 0.074070 0.637397 0.034180 0.637401 0.074069 0.630372 0.020392 0.630377 0.074068 0.619430 0.009449 0.619436 0.074066 0.605642 0.002422 0.605650 0.074065 0.590358 0.000000 0.590366 0.074063 0.575075 0.002419 0.575082 0.074062 0.561287 0.009443 0.561294 0.074061 0.550345 0.020384 0.550350 0.074060 0.543320 0.034171 0.543324 0.074060 0.540899 0.049454 0.540902 0.074058 0.521017 0.049452 0.521020 0.034091 0.003143 0.034193 0.027796 0.000105 0.027942 0.000000 0.003296 0.833560 0.074062 0.813678 0.074061 0.813680 0.049455 0.833562 0.049456 0.835981 0.074062 0.835983 0.034173 0.843006 0.074062 0.843009 0.020385 0.853948 0.074063 0.853952 0.009444 0.867736 0.074064 0.867740 0.002420 0.883019 0.074065 0.883024 0.000000 0.898303 0.074066 0.898308 0.002422 0.912091 0.074067 0.912095 0.009448 0.923033 0.074067 0.923036 0.020390 0.930058 0.074068 0.930061 0.034179 0.932479 0.074068 0.932480 0.049462 0.952360 0.074070 0.932479 0.074068 0.932480 0.049462 0.952362 0.049464 0.380441 0.113474 
						0.346365 0.113533 0.701581 0.659636 0.701579 0.639755 0.701578 0.637334 0.701578 0.630309 0.701576 0.619367 0.701575 0.605579 0.701574 0.590295 0.701572 0.575012 0.701571 0.561224 0.701570 0.550282 0.701569 0.543257 0.701569 0.540836 0.701567 0.520955 0.034581 0.406911 0.000493 0.406793 0.813656 0.429273 0.833537 0.429274 0.835958 0.429274 0.842983 0.429274 0.853925 0.429275 0.867713 0.429276 0.882997 0.429277 0.898281 0.429278 0.912068 0.429278 0.923010 0.429279 0.930035 0.429280 0.932456 0.429280 0.952338 0.429281 0.346593 0.277550 0.380690 0.277542 0.380601 0.328536 0.346522 0.328462 0.413197 0.639784 0.413199 0.659665 0.362454 0.659670 0.362452 0.639789 0.413196 0.637363 0.362452 0.637368 0.413196 0.630338 0.362451 0.630343 0.413194 0.619396 0.362450 0.619401 0.413193 0.605608 0.362448 0.605613 0.413191 0.590324 0.362447 0.590329 0.413190 0.575041 0.362445 0.575046 0.413189 0.561253 0.362444 0.561258 0.413187 0.550311 0.362443 0.550316 0.413187 0.543286 0.362442 0.543291 0.413187 0.540865 0.362442 0.540870 0.413185 0.520983 0.362440 0.520989 0.034744 0.191919 0.034689 0.242911 0.000609 0.242858 0.000647 0.191947 0.833547 0.277040 
						0.813665 0.277039 0.813669 0.226295 0.833550 0.226296 0.835968 0.277040 0.835971 0.226296 0.842993 0.277041 0.842996 0.226296 0.853935 0.277041 0.853938 0.226297 0.867723 0.277042 0.867726 0.226297 0.883006 0.277043 0.883010 0.226298 0.898290 0.277044 0.898293 0.226299 0.912078 0.277045 0.912081 0.226300 0.923020 0.277046 0.923023 0.226301 0.930045 0.277046 0.930048 0.226302 0.932466 0.277047 0.932469 0.226302 0.952347 0.277048 0.952351 0.226303 0.346517 0.170033 0.380616 0.169971 0.380607 0.220951 0.346530 0.220938 0.582760 0.639767 0.582762 0.659648 0.532017 0.659653 0.532015 0.639772 0.582760 0.637346 0.532015 0.637351 0.582759 0.630321 0.532014 0.630326 0.582758 0.619379 0.532013 0.619384 0.582756 0.605591 0.532012 0.605596 0.582755 0.590307 0.532010 0.590312 0.582753 0.575023 0.532009 0.575029 0.582752 0.561236 0.532007 0.561241 0.582751 0.550294 0.532006 0.550299 0.582750 0.543269 0.532006 0.543274 0.582750 0.540848 0.532006 0.540853 0.582748 0.520966 0.532004 0.520972 0.034738 0.299463 0.034596 0.350444 0.000513 0.350329 0.000643 0.299423 0.833541 0.378529 0.813659 0.378528 0.813662 0.327784 0.833544 0.327785 0.835961 0.378529 
						0.835965 0.327785 0.842987 0.378530 0.842990 0.327785 0.853929 0.378530 0.853932 0.327786 0.867716 0.378531 0.867720 0.327787 0.883000 0.378532 0.883003 0.327787 0.898284 0.378533 0.898287 0.327788 0.912071 0.378534 0.912075 0.327789 0.923013 0.378535 0.923017 0.327790 0.930039 0.378535 0.930042 0.327791 0.932459 0.378536 0.932463 0.327791 0.952341 0.378537 0.952344 0.327792 0.346517 0.385044 0.380611 0.385102 0.380468 0.430965 0.346385 0.430841 0.243633 0.639801 0.243635 0.659682 0.197965 0.659687 0.197963 0.639805 0.243633 0.637380 0.197963 0.637384 0.243632 0.630355 0.197962 0.630359 0.243631 0.619413 0.197961 0.619417 0.243630 0.605625 0.197959 0.605630 0.243628 0.590341 0.197958 0.590346 0.243627 0.575058 0.197956 0.575062 0.243625 0.561270 0.197955 0.561275 0.243624 0.550328 0.197954 0.550333 0.243623 0.543303 0.197953 0.543307 0.243623 0.540882 0.197953 0.540887 0.243621 0.521000 0.197951 0.521005 0.034555 0.089545 0.034595 0.135401 0.000514 0.135424 0.000458 0.089630 0.833554 0.175551 0.813672 0.175550 0.813675 0.129880 0.833557 0.129881 0.835974 0.175551 0.835977 0.129881 0.843000 0.175551 0.843002 0.129881 0.853942 0.175552 
						0.853944 0.129882 0.867729 0.175553 0.867732 0.129883 0.883013 0.175554 0.883016 0.129884 0.898297 0.175555 0.898300 0.129885 0.912084 0.175556 0.912087 0.129886 0.923026 0.175557 0.923029 0.129886 0.930052 0.175557 0.930054 0.129887 0.932472 0.175557 0.932475 0.129887 0.952354 0.175559 0.952357 0.129889 0.346356 0.482417 0.380444 0.482582 0.084219 0.639817 0.084221 0.659699 0.084219 0.637396 0.084218 0.630371 0.084217 0.619429 0.084215 0.605641 0.084214 0.590357 0.084212 0.575074 0.084211 0.561286 0.084210 0.550344 0.084209 0.543319 0.084209 0.540898 0.084207 0.521016 0.034232 0.037971 0.000148 0.038107 0.833559 0.084211 0.813678 0.084210 0.835980 0.084211 0.843005 0.084211 0.853947 0.084212 0.867735 0.084213 0.883019 0.084213 0.898302 0.084215 0.912090 0.084215 0.923032 0.084216 0.930057 0.084217 0.932478 0.084217 0.952360 0.084219 0.932478 0.084217 0.979975 0.340375 0.999857 0.340375 0.687550 0.000002 0.687718 0.060771 0.687892 0.111495 0.454929 0.157625 0.455234 0.125215 0.655909 0.124150 0.655409 0.157178 0.687904 0.169580 0.687994 0.220215 0.455006 0.265441 0.455364 0.233001 0.655996 0.232728 0.655438 0.265708 0.687904 0.278205 
						0.687901 0.328823 0.454912 0.373262 0.455318 0.340831 0.655887 0.341234 0.655262 0.374225 0.687689 0.386838 0.687592 0.432432 0.454867 0.471819 0.455304 0.442881 0.655480 0.444146 0.654781 0.473844 0.687281 0.486053 0.687228 0.496205 0.687100 0.520836 0.000000 0.971828 0.019882 0.971828 0.999456 0.340373 0.983981 0.340375 0.968507 0.340376 0.953033 0.340377 0.911508 0.843158 0.896034 0.843156 0.880560 0.843153 0.865085 0.843151 0.849611 0.843149 0.846586 0.999999 0.831111 0.999998 0.815637 0.999998 0.800163 0.999998 0.797568 1.000000 0.777686 1.000000 0.341846 0.024633 0.341734 0.000002 0.341895 0.034786 0.309308 0.076714 0.109068 0.077682 0.109285 0.048763 0.309793 0.046978 0.342081 0.134049 0.341970 0.088445 0.309525 0.179659 0.109093 0.179708 0.109399 0.147300 0.310060 0.146629 0.342049 0.242732 0.342022 0.192110 0.309413 0.288197 0.109074 0.287515 0.109440 0.255096 0.310015 0.255185 0.341786 0.351392 0.341870 0.300757 0.309051 0.396795 0.108873 0.395284 0.109287 0.362893 0.309739 0.363742 0.341232 0.460224 0.341451 0.409504 0.340975 0.520991 0.042358 0.639112 0.022477 0.639112 0.803883 0.340373 0.787471 0.340376 0.771229 0.340379 
						0.755268 0.340382 0.692290 0.000002 0.707967 0.000003 0.723466 0.000004 0.738964 0.000004 0.754642 0.000005 0.961161 0.881114 0.945200 0.881113 0.928958 0.881113 0.912545 0.881113 0.413199 0.659665 0.413197 0.639784 0.447234 0.639780 0.447236 0.659662 0.413197 0.639784 0.413196 0.637363 0.447233 0.637359 0.447234 0.639780 0.413196 0.637363 0.413196 0.630338 0.447233 0.630334 0.447233 0.637359 0.413196 0.630338 0.413194 0.619396 0.447231 0.619392 0.447233 0.630334 0.413193 0.605608 0.447230 0.605605 0.447231 0.619392 0.413193 0.605608 0.413191 0.590324 0.447228 0.590321 0.413190 0.575041 0.447227 0.575037 0.447228 0.590321 0.413190 0.575041 0.413189 0.561253 0.447226 0.561250 0.447227 0.575037 0.413189 0.561253 0.413187 0.550311 0.447225 0.550308 0.413187 0.550311 0.413187 0.543286 0.447224 0.543282 0.447225 0.550308 0.413187 0.543286 0.413187 0.540865 0.447224 0.540862 0.447224 0.543282 0.413187 0.540865 0.413185 0.520983 0.447222 0.520980 0.447224 0.540862 0.582762 0.659648 0.582760 0.639767 0.616797 0.639763 0.616799 0.659645 0.582760 0.639767 0.582760 0.637346 0.616797 0.637342 0.616797 0.639763 0.582760 0.637346 0.582759 0.630321 
						0.616796 0.630317 0.616797 0.637342 0.582759 0.630321 0.582758 0.619379 0.616795 0.619375 0.616796 0.630317 0.582756 0.605591 0.616793 0.605588 0.582756 0.605591 0.582755 0.590307 0.616792 0.590304 0.582753 0.575023 0.616790 0.575020 0.582752 0.561236 0.616789 0.561233 0.582751 0.550294 0.616788 0.550291 0.582751 0.550294 0.582750 0.543269 0.616787 0.543265 0.616788 0.550291 0.582750 0.543269 0.582750 0.540848 0.616787 0.540845 0.616787 0.543265 0.582750 0.540848 0.582748 0.520966 0.616785 0.520963 0.616787 0.540845 0.243635 0.659682 0.243633 0.639801 0.277670 0.639797 0.277672 0.659679 0.243633 0.639801 0.243633 0.637380 0.277670 0.637376 0.277670 0.639797 0.243633 0.637380 0.243632 0.630355 0.277669 0.630351 0.277670 0.637376 0.243631 0.619413 0.277668 0.619409 0.243630 0.605625 0.277667 0.605622 0.277668 0.619409 0.243630 0.605625 0.243628 0.590341 0.277665 0.590338 0.243627 0.575058 0.277664 0.575054 0.277665 0.590338 0.243627 0.575058 0.243625 0.561270 0.277662 0.561267 0.277664 0.575054 0.243625 0.561270 0.243624 0.550328 0.277661 0.550325 0.243623 0.543303 0.277661 0.543299 0.277661 0.550325 0.243623 0.543303 0.243623 0.540882 
						0.277661 0.540879 0.277661 0.543299 0.243623 0.540882 0.243621 0.521000 0.277658 0.520997 0.277661 0.540879 0.084221 0.659699 0.084219 0.639817 0.118256 0.639813 0.118258 0.659695 0.084219 0.639817 0.084219 0.637396 0.118256 0.637393 0.118256 0.639813 0.084219 0.637396 0.084218 0.630371 0.118255 0.630367 0.118256 0.637393 0.084218 0.630371 0.084217 0.619429 0.118254 0.619425 0.118255 0.630367 0.084215 0.605641 0.118252 0.605638 0.118254 0.619425 0.084215 0.605641 0.084214 0.590357 0.118251 0.590354 0.084212 0.575074 0.118249 0.575070 0.118251 0.590354 0.084212 0.575074 0.084211 0.561286 0.118248 0.561283 0.118249 0.575070 0.084211 0.561286 0.084210 0.550344 0.118247 0.550341 0.084210 0.550344 0.084209 0.543319 0.118246 0.543316 0.118247 0.550341 0.084209 0.543319 0.084209 0.540898 0.118246 0.540895 0.118246 0.543316 0.084209 0.540898 0.084207 0.521016 0.118244 0.521013 0.118246 0.540895 0.197963 0.639805 0.197965 0.659687 0.163928 0.659690 0.163926 0.639809 0.197963 0.637384 0.197963 0.639805 0.163926 0.639809 0.163926 0.637388 0.197962 0.630359 0.197963 0.637384 0.163926 0.637388 0.163925 0.630363 0.197961 0.619417 0.197962 0.630359 
						0.163925 0.630363 0.163924 0.619421 0.197959 0.605630 0.197961 0.619417 0.163922 0.605633 0.197958 0.590346 0.163922 0.605633 0.163921 0.590349 0.197956 0.575062 0.197958 0.590346 0.163919 0.575066 0.197955 0.561275 0.197956 0.575062 0.163919 0.575066 0.163918 0.561278 0.197954 0.550333 0.163918 0.561278 0.163917 0.550336 0.197953 0.543307 0.197954 0.550333 0.163917 0.550336 0.163916 0.543311 0.197953 0.540887 0.197953 0.543307 0.163916 0.543311 0.163916 0.540890 0.197951 0.521005 0.197953 0.540887 0.163916 0.540890 0.163914 0.521008 0.362452 0.639789 0.362454 0.659670 0.328417 0.659674 0.328415 0.639792 0.362452 0.637368 0.362452 0.639789 0.328415 0.639792 0.328415 0.637372 0.362451 0.630343 0.362452 0.637368 0.328415 0.637372 0.328414 0.630346 0.362450 0.619401 0.362451 0.630343 0.328414 0.630346 0.328413 0.619404 0.362448 0.605613 0.362450 0.619401 0.328411 0.605617 0.362447 0.590329 0.328411 0.605617 0.328410 0.590333 0.362445 0.575046 0.362447 0.590329 0.328408 0.575049 0.362444 0.561258 0.328408 0.575049 0.328407 0.561261 0.362443 0.550316 0.328406 0.550319 0.362442 0.543291 0.362443 0.550316 0.328406 0.550319 0.328405 0.543294 
						0.362442 0.540870 0.362442 0.543291 0.328405 0.543294 0.328405 0.540873 0.362440 0.520989 0.362442 0.540870 0.328405 0.540873 0.328403 0.520992 0.532015 0.639772 0.532017 0.659653 0.497980 0.659657 0.497978 0.639775 0.532015 0.637351 0.532015 0.639772 0.497978 0.639775 0.497978 0.637355 0.532014 0.630326 0.532015 0.637351 0.497978 0.637355 0.497977 0.630329 0.532013 0.619384 0.532014 0.630326 0.497977 0.630329 0.497976 0.619387 0.532012 0.605596 0.532013 0.619384 0.497975 0.605600 0.532010 0.590312 0.497975 0.605600 0.497973 0.590316 0.532009 0.575029 0.532010 0.590312 0.497972 0.575032 0.532007 0.561241 0.497972 0.575032 0.497970 0.561244 0.532006 0.550299 0.497969 0.550302 0.532006 0.543274 0.532006 0.550299 0.497969 0.550302 0.497969 0.543277 0.532006 0.540853 0.532006 0.543274 0.497969 0.543277 0.497968 0.540856 0.532004 0.520972 0.532006 0.540853 0.497968 0.540856 0.497966 0.520975 0.701579 0.639755 0.701581 0.659636 0.667544 0.659640 0.667542 0.639758 0.701578 0.637334 0.701579 0.639755 0.667542 0.639758 0.667541 0.637338 0.701578 0.630309 0.701578 0.637334 0.667541 0.637338 0.667541 0.630312 0.701576 0.619367 0.701578 0.630309 
						0.667541 0.630312 0.667539 0.619370 0.701575 0.605579 0.667538 0.605583 0.701574 0.590295 0.667538 0.605583 0.667536 0.590299 0.701572 0.575012 0.701574 0.590295 0.667535 0.575015 0.701571 0.561224 0.667535 0.575015 0.667534 0.561227 0.701570 0.550282 0.667533 0.550285 0.701569 0.543257 0.701570 0.550282 0.667533 0.550285 0.667532 0.543260 0.701569 0.540836 0.701569 0.543257 0.667532 0.543260 0.667532 0.540839 0.701567 0.520955 0.701569 0.540836 0.667532 0.540839 0.667530 0.520958 0.616799 0.659645 0.616797 0.639763 0.667542 0.639758 0.667544 0.659640 0.616797 0.637342 0.667541 0.637338 0.616796 0.630317 0.667541 0.630312 0.616795 0.619375 0.667539 0.619370 0.616793 0.605588 0.667538 0.605583 0.616792 0.590304 0.667536 0.590299 0.616790 0.575020 0.667535 0.575015 0.616789 0.561233 0.667534 0.561227 0.616788 0.550291 0.667533 0.550285 0.616787 0.543265 0.667532 0.543260 0.616787 0.540845 0.667532 0.540839 0.616785 0.520963 0.667530 0.520958 0.447236 0.659662 0.447234 0.639780 0.497978 0.639775 0.497980 0.659657 0.447233 0.637359 0.497978 0.637355 0.447233 0.630334 0.497977 0.630329 0.447231 0.619392 0.497976 0.619387 0.447230 0.605605 
						0.497975 0.605600 0.447228 0.590321 0.497973 0.590316 0.447227 0.575037 0.497972 0.575032 0.447226 0.561250 0.497970 0.561244 0.447225 0.550308 0.497969 0.550302 0.447224 0.543282 0.497969 0.543277 0.447224 0.540862 0.497968 0.540856 0.447222 0.520980 0.497966 0.520975 0.277672 0.659679 0.277670 0.639797 0.328415 0.639792 0.328417 0.659674 0.277670 0.637376 0.328415 0.637372 0.277669 0.630351 0.328414 0.630346 0.277668 0.619409 0.328413 0.619404 0.277667 0.605622 0.328411 0.605617 0.277665 0.590338 0.328410 0.590333 0.277664 0.575054 0.328408 0.575049 0.277662 0.561267 0.328407 0.561261 0.277661 0.550325 0.328406 0.550319 0.277661 0.543299 0.328405 0.543294 0.277661 0.540879 0.328405 0.540873 0.277658 0.520997 0.328403 0.520992 0.118258 0.659695 0.118256 0.639813 0.163926 0.639809 0.163928 0.659690 0.118256 0.637393 0.163926 0.637388 0.118255 0.630367 0.163925 0.630363 0.118254 0.619425 0.163924 0.619421 0.118252 0.605638 0.163922 0.605633 0.118251 0.590354 0.163921 0.590349 0.118249 0.575070 0.163919 0.575066 0.118248 0.561283 0.163918 0.561278 0.118247 0.550341 0.163917 0.550336 0.118246 0.543316 0.163916 0.543311 0.118246 0.540895 
						0.163916 0.540890 0.118244 0.521013 0.163914 0.521008 0.380616 0.169971 0.380441 0.113474 0.455234 0.125215 0.454929 0.157625 0.380441 0.113474 0.687892 0.111495 0.655909 0.124150 0.455234 0.125215 0.687892 0.111495 0.687904 0.169580 0.655409 0.157178 0.655909 0.124150 0.687904 0.169580 0.380616 0.169971 0.454929 0.157625 0.655409 0.157178 0.380690 0.277542 0.380607 0.220951 0.455364 0.233001 0.455006 0.265441 0.380607 0.220951 0.687994 0.220215 0.655996 0.232728 0.455364 0.233001 0.687994 0.220215 0.687904 0.278205 0.655438 0.265708 0.655996 0.232728 0.687904 0.278205 0.380690 0.277542 0.455006 0.265441 0.655438 0.265708 0.380611 0.385102 0.380601 0.328536 0.455318 0.340831 0.454912 0.373262 0.380601 0.328536 0.687901 0.328823 0.655887 0.341234 0.455318 0.340831 0.687901 0.328823 0.687689 0.386838 0.655262 0.374225 0.655887 0.341234 0.687689 0.386838 0.380611 0.385102 0.454912 0.373262 0.655262 0.374225 0.380444 0.482582 0.380468 0.430965 0.455304 0.442881 0.454867 0.471819 0.380468 0.430965 0.687592 0.432432 0.655480 0.444146 0.455304 0.442881 0.687592 0.432432 0.687281 0.486053 0.654781 0.473844 0.655480 0.444146 0.687281 0.486053 
						0.380444 0.482582 0.454867 0.471819 0.654781 0.473844 0.341970 0.088445 0.034555 0.089545 0.109068 0.077682 0.309308 0.076714 0.034555 0.089545 0.034232 0.037971 0.109285 0.048763 0.109068 0.077682 0.034232 0.037971 0.341895 0.034786 0.309793 0.046978 0.109285 0.048763 0.341895 0.034786 0.341970 0.088445 0.309308 0.076714 0.309793 0.046978 0.342022 0.192110 0.034744 0.191919 0.109093 0.179708 0.309525 0.179659 0.034744 0.191919 0.034595 0.135401 0.109399 0.147300 0.109093 0.179708 0.034595 0.135401 0.342081 0.134049 0.310060 0.146629 0.109399 0.147300 0.342081 0.134049 0.342022 0.192110 0.309525 0.179659 0.310060 0.146629 0.341870 0.300757 0.034738 0.299463 0.109074 0.287515 0.309413 0.288197 0.034738 0.299463 0.034689 0.242911 0.109440 0.255096 0.109074 0.287515 0.034689 0.242911 0.342049 0.242732 0.310015 0.255185 0.109440 0.255096 0.342049 0.242732 0.341870 0.300757 0.309413 0.288197 0.310015 0.255185 0.341451 0.409504 0.034581 0.406911 0.108873 0.395284 0.309051 0.396795 0.034581 0.406911 0.034596 0.350444 0.109287 0.362893 0.108873 0.395284 0.034596 0.350444 0.341786 0.351392 0.309739 0.363742 0.109287 0.362893 0.341786 0.351392 
						0.341451 0.409504 0.309051 0.396795 0.309739 0.363742 
					</float_array>
					<technique_common>
						<accessor count="1091" offset="0" source="#meshId3-tex0-array" stride="2">
							<param name="S" type="float" />
							<param name="T" type="float" />
						</accessor>
					</technique_common>
				</source>
				<vertices id="meshId3-vertices">
					<input semantic="POSITION" source="#meshId3-positions" />
				</vertices>
				<polylist count="952" material="defaultMaterial">
					<input offset="0" semantic="VERTEX" source="#meshId3-vertices" />
					<input offset="0" semantic="NORMAL" source="#meshId3-normals" />
					<input offset="0" semantic="TANGENT" source="#meshId3-tangents" />
					<input offset="0" semantic="BINORMAL" source="#meshId3-bitangents" />
					<input offset="0" semantic="TEXCOORD" source="#meshId3-tex0" set="0" />
					<vcount>
						3 3 3 3 3 3 3 3 3 3 3 3 3 3 3 3 3 3 3 3 3 3 3 3 3 3 3 3 3 3 3 3 3 3 3 3 3 3 3 3 3 3 3 3 3 3 3 3 3 3 3 3 3 3 3 3 3 3 3 3 3 3 3 3 
						3 3 3 3 3 3 3 3 3 3 3 3 3 3 3 3 3 3 3 3 3 3 3 3 3 3 3 3 3 3 3 3 3 3 3 3 3 3 3 3 3 3 3 3 3 3 3 3 3 3 3 3 3 3 3 3 3 3 3 3 3 3 3 3 
						3 3 3 3 3 3 3 3 3 3 3 3 3 3 3 3 3 3 3 3 3 3 3 3 3 3 3 3 3 3 3 3 3 3 3 3 3 3 3 3 3 3 3 3 3 3 3 3 3 3 3 3 3 3 3 3 3 3 3 3 3 3 3 3 
						3 3 3 3 3 3 3 3 3 3 3 3 3 3 3 3 3 3 3 3 3 3 3 3 3 3 3 3 3 3 3 3 3 3 3 3 3 3 3 3 3 3 3 3 3 3 3 3 3 3 3 3 3 3 3 3 3 3 3 3 3 3 3 3 
						3 3 3 3 3 3 3 3 3 3 3 3 3 3 3 3 3 3 3 3 3 3 3 3 3 3 3 3 3 3 3 3 3 3 3 3 3 3 3 3 3 3 3 3 3 3 3 3 3 3 3 3 3 3 3 3 3 3 3 3 3 3 3 3 
						3 3 3 3 3 3 3 3 3 3 3 3 3 3 3 3 3 3 3 3 3 3 3 3 3 3 3 3 3 3 3 3 3 3 3 3 3 3 3 3 3 3 3 3 3 3 3 3 3 3 3 3 3 3 3 3 3 3 3 3 3 3 3 3 
						3 3 3 3 3 3 3 3 3 3 3 3 3 3 3 3 3 3 3 3 3 3 3 3 3 3 3 3 3 3 3 3 3 3 3 3 3 3 3 3 3 3 3 3 3 3 3 3 3 3 3 3 3 3 3 3 3 3 3 3 3 3 3 3 
						3 3 3 3 3 3 3 3 3 3 3 3 3 3 3 3 3 3 3 3 3 3 3 3 3 3 3 3 3 3 3 3 3 3 3 3 3 3 3 3 3 3 3 3 3 3 3 3 3 3 3 3 3 3 3 3 3 3 3 3 3 3 3 3 
						3 3 3 3 3 3 3 3 3 3 3 3 3 3 3 3 3 3 3 3 3 3 3 3 3 3 3 3 3 3 3 3 3 3 3 3 3 3 3 3 3 3 3 3 3 3 3 3 3 3 3 3 3 3 3 3 3 3 3 3 3 3 3 3 
						3 3 3 3 3 3 3 3 3 3 3 3 3 3 3 3 3 3 3 3 3 3 3 3 3 3 3 3 3 3 3 3 3 3 3 3 3 3 3 3 3 3 3 3 3 3 3 3 3 3 3 3 3 3 3 3 3 3 3 3 3 3 3 3 
						3 3 3 3 3 3 3 3 3 3 3 3 3 3 3 3 3 3 3 3 3 3 3 3 3 3 3 3 3 3 3 3 3 3 3 3 3 3 3 3 3 3 3 3 3 3 3 3 3 3 3 3 3 3 3 3 3 3 3 3 3 3 3 3 
						3 3 3 3 3 3 3 3 3 3 3 3 3 3 3 3 3 3 3 3 3 3 3 3 3 3 3 3 3 3 3 3 3 3 3 3 3 3 3 3 3 3 3 3 3 3 3 3 3 3 3 3 3 3 3 3 3 3 3 3 3 3 3 3 
						3 3 3 3 3 3 3 3 3 3 3 3 3 3 3 3 3 3 3 3 3 3 3 3 3 3 3 3 3 3 3 3 3 3 3 3 3 3 3 3 3 3 3 3 3 3 3 3 3 3 3 3 3 3 3 3 3 3 3 3 3 3 3 3 
						3 3 3 3 3 3 3 3 3 3 3 3 3 3 3 3 3 3 3 3 3 3 3 3 3 3 3 3 3 3 3 3 3 3 3 3 3 3 3 3 3 3 3 3 3 3 3 3 3 3 3 3 3 3 3 3 3 3 3 3 3 3 3 3 
						3 3 3 3 3 3 3 3 3 3 3 3 3 3 3 3 3 3 3 3 3 3 3 3 3 3 3 3 3 3 3 3 3 3 3 3 3 3 3 3 3 3 3 3 3 3 3 3 3 3 3 3 3 3 3 3 
					</vcount>
					<p>
						3 0 1 1 2 3 2 1 4 4 5 2 5 4 6 6 7 5 11 8 9 9 10 11 10 9 12 12 13 10 13 12 14 14 15 13 15 14 16 16 17 15 21 18 19 19 20 21 20 19 22 22 23 20 23 22 24 24 25 23 29 26 27 27 28 29 28 27 30 30 31 28 31 30 32 32 33 31 37 34 35 35 36 37 36 35 38 38 39 36 39 38 40 40 41 39 41 40 42 42 43 41 47 44 45 45 46 47 46 45 48 48 49 46 49 48 50 50 51 49 55 52 53 53 54 55 59 56 57 57 58 59 63 60 61 61 62 63 67 64 65 65 66 67 71 68 69 69 70 71 75 72 73 73 74 75 79 76 77 77 78 79 78 77 80 80 81 78 81 80 82 82 83 81 83 82 84 84 85 83 85 84 86 86 87 85 87 88 89 89 90 87 
						90 89 91 91 92 90 92 91 93 93 94 92 94 93 95 95 96 94 96 95 97 97 98 96 98 97 99 99 100 98 100 99 101 101 102 100 106 103 104 104 105 106 105 104 107 107 108 105 108 107 109 109 110 108 110 109 111 111 112 110 112 111 113 113 114 112 114 113 115 115 116 114 116 115 117 117 118 116 118 117 119 119 120 118 120 119 121 121 122 120 122 121 123 123 124 122 124 123 125 125 126 124 126 125 127 127 128 126 132 129 130 130 131 132 136 133 134 134 135 136 138 137 133 133 136 138 140 139 137 137 138 140 142 141 139 139 140 142 144 143 141 141 142 144 146 145 143 143 144 146 148 147 145 145 146 148 150 149 147 147 148 150 152 151 149 149 150 152 154 153 151 151 152 154 156 155 153 153 154 156 158 157 155 155 156 158 162 159 160 160 161 162 
						166 163 164 164 165 166 168 167 163 163 166 168 170 169 167 167 168 170 172 171 169 169 170 172 174 173 171 171 172 174 176 175 173 173 174 176 178 177 175 175 176 178 180 179 177 177 178 180 182 181 179 179 180 182 184 183 181 181 182 184 186 185 183 183 184 186 190 187 188 188 189 190 192 71 70 70 191 192 194 126 128 128 193 194 195 124 126 126 194 195 196 122 124 124 195 196 197 120 122 122 196 197 198 118 120 120 197 198 199 116 118 118 198 199 200 114 116 116 199 200 201 112 114 114 200 201 202 110 112 112 201 202 203 108 110 110 202 203 204 105 108 108 203 204 205 106 105 105 204 205 207 206 72 72 75 207 209 100 102 102 208 209 210 98 100 100 209 210 211 96 98 98 210 211 212 94 96 96 211 212 213 92 94 94 212 213 214 90 92 92 213 214 
						215 87 90 90 214 215 216 85 87 87 215 216 217 83 85 85 216 217 218 81 83 83 217 218 219 78 81 81 218 219 220 79 78 78 219 220 224 221 222 222 223 224 228 225 226 226 227 228 230 229 225 225 228 230 232 231 229 229 230 232 234 233 231 231 232 234 236 235 233 233 234 236 238 237 235 235 236 238 240 239 237 237 238 240 242 241 239 239 240 242 244 243 241 241 242 244 246 245 243 243 244 246 248 247 245 245 246 248 250 249 247 247 248 250 254 251 252 252 253 254 258 255 256 256 257 258 260 259 255 255 258 260 262 261 259 259 260 262 264 263 261 261 262 264 266 265 263 263 264 266 268 267 265 265 266 268 270 269 267 267 268 270 272 271 269 269 270 272 274 273 271 271 272 274 276 275 273 273 274 276 278 277 275 275 276 278 280 279 277 277 278 280 
						284 281 282 282 283 284 288 285 286 286 287 288 290 289 285 285 288 290 292 291 289 289 290 292 294 293 291 291 292 294 296 295 293 293 294 296 298 297 295 295 296 298 300 299 297 297 298 300 302 301 299 299 300 302 304 303 301 301 302 304 306 305 303 303 304 306 308 307 305 305 306 308 310 309 307 307 308 310 314 311 312 312 313 314 318 315 316 316 317 318 320 319 315 315 318 320 322 321 319 319 320 322 324 323 321 321 322 324 326 325 323 323 324 326 328 327 325 325 326 328 330 329 327 327 328 330 332 331 329 329 330 332 334 333 331 331 332 334 336 335 333 333 334 336 338 337 335 335 336 338 340 339 337 337 338 340 344 341 342 342 343 344 348 345 346 346 347 348 350 349 345 345 348 350 352 351 349 349 350 352 354 353 351 351 352 354 356 355 353 353 354 356 
						358 357 355 355 356 358 360 359 357 357 358 360 362 361 359 359 360 362 364 363 361 361 362 364 366 365 363 363 364 366 368 367 365 365 366 368 370 369 367 367 368 370 374 371 372 372 373 374 378 375 376 376 377 378 380 379 375 375 378 380 382 381 379 379 380 382 384 383 381 381 382 384 386 385 383 383 384 386 388 387 385 385 386 388 390 389 387 387 388 390 392 391 389 389 390 392 394 393 391 391 392 394 396 395 393 393 394 396 398 397 395 395 396 398 400 399 397 397 398 400 129 401 402 402 130 129 133 403 404 404 134 133 137 405 403 403 133 137 139 406 405 405 137 139 141 407 406 406 139 141 143 408 407 407 141 143 145 409 408 408 143 145 147 410 409 409 145 147 149 411 410 410 147 149 151 412 411 411 149 151 153 413 412 412 151 153 155 414 413 413 153 155 
						157 415 414 414 155 157 161 160 416 416 417 161 163 418 419 419 164 163 167 420 418 418 163 167 169 421 420 420 167 169 171 422 421 421 169 171 173 423 422 422 171 173 175 424 423 423 173 175 177 425 424 424 175 177 179 426 425 425 177 179 181 427 426 426 179 181 183 428 427 427 181 183 185 429 428 428 183 185 187 430 431 431 188 187 418 378 377 377 419 418 420 380 378 378 418 420 421 382 380 380 420 421 422 384 382 382 421 422 423 386 384 384 422 423 424 388 386 386 423 424 425 390 388 388 424 425 426 392 390 390 425 426 427 394 392 392 426 427 428 396 394 394 427 428 429 398 396 396 428 429 430 400 398 398 431 430 375 258 257 257 376 375 379 260 258 258 375 379 381 262 260 260 379 381 383 264 262 262 381 383 385 266 264 264 383 385 387 268 266 266 385 387 
						389 270 268 268 387 389 391 272 270 270 389 391 393 274 272 272 391 393 395 276 274 274 393 395 397 278 276 276 395 397 399 280 278 278 397 399 255 318 317 317 256 255 259 320 318 318 255 259 261 322 320 320 259 261 263 324 322 322 261 263 265 326 324 324 263 265 267 328 326 326 265 267 269 330 328 328 267 269 271 332 330 330 269 271 273 334 332 332 271 273 275 336 334 334 273 275 277 338 336 336 275 277 279 340 338 338 277 279 315 209 208 208 316 315 319 210 209 209 315 319 321 211 210 210 319 321 323 212 211 211 321 323 325 213 212 212 323 325 327 214 213 213 325 327 329 215 214 214 327 329 331 216 215 215 329 331 333 217 216 216 331 333 335 218 217 217 333 335 337 219 218 218 335 337 339 220 219 219 337 339 433 54 53 53 432 433 435 70 69 69 434 435 
						436 191 70 70 435 436 440 437 438 438 439 440 442 283 282 282 441 442 446 443 444 444 445 446 448 223 222 222 447 448 452 449 450 450 451 452 454 343 342 342 453 454 458 455 456 456 457 458 460 130 402 402 459 460 461 131 130 130 460 461 463 462 65 65 64 463 465 49 51 51 464 465 466 46 49 49 465 466 467 47 46 46 466 467 469 41 43 43 468 469 470 39 41 41 469 470 471 36 39 39 470 471 472 37 36 36 471 472 474 31 33 33 473 474 475 28 31 31 474 475 476 29 28 28 475 476 478 62 61 61 477 478 480 479 160 160 159 480 479 481 416 416 160 479 485 482 483 483 484 485 487 486 372 372 371 487 491 488 489 489 490 491 493 492 252 252 251 493 497 494 495 495 496 497 499 498 312 312 311 499 503 500 501 501 502 503 505 504 72 72 206 505 
						504 506 73 73 72 504 508 507 57 57 56 508 510 23 25 25 509 510 511 20 23 23 510 511 512 21 20 20 511 512 514 15 17 17 513 514 515 13 15 15 514 515 516 10 13 13 515 516 517 11 10 10 516 517 519 5 7 7 518 519 520 2 5 5 519 520 521 3 2 2 520 521 525 522 523 523 524 525 529 526 527 527 528 529 533 530 531 531 532 533 537 534 535 535 536 537 540 535 538 538 539 540 539 541 542 542 543 539 546 542 544 544 545 546 550 547 548 548 549 550 549 551 552 552 553 549 557 554 555 555 556 557 561 558 559 559 560 561 565 562 563 563 564 565 569 566 567 567 568 569 573 570 571 571 572 573 577 574 575 575 576 577 581 578 579 579 580 581 580 579 582 582 583 580 583 584 585 585 586 583 586 585 587 587 588 586 588 587 589 589 590 588 
						590 589 591 591 592 590 596 593 594 594 595 596 600 597 598 598 599 600 604 601 602 602 603 604 608 605 606 606 607 608 612 609 610 610 611 612 616 613 614 614 615 616 615 614 617 617 618 615 621 617 619 619 620 621 620 622 623 623 624 620 627 623 625 625 626 627 631 628 629 629 630 631 630 632 633 633 634 630 637 633 635 635 636 637 641 638 639 639 640 641 645 642 643 643 644 645 649 646 647 647 648 649 653 650 651 651 652 653 657 654 655 655 656 657 661 658 659 659 660 661 664 659 662 662 663 664 663 665 666 666 667 663 670 666 668 668 669 670 674 671 672 672 673 674 673 675 676 676 677 673 681 678 679 679 680 681 685 682 683 683 684 685 689 686 687 687 688 689 693 690 691 691 692 693 697 694 695 695 696 697 701 698 699 699 700 701 705 702 703 703 704 705 
						708 706 707 707 705 708 711 709 706 706 710 711 714 712 713 713 711 714 718 715 716 716 717 718 721 719 715 715 720 721 725 722 723 723 724 725 729 726 727 727 728 729 733 730 731 731 732 733 737 734 735 735 736 737 741 738 739 739 740 741 745 742 743 743 744 745 749 746 747 747 748 749 752 750 751 751 749 752 755 753 750 750 754 755 758 756 757 757 755 758 761 759 756 756 760 761 763 762 759 759 761 763 767 764 765 765 766 767 771 768 769 769 770 771 775 772 773 773 774 775 779 776 777 777 778 779 783 780 781 781 782 783 787 784 785 785 786 787 791 788 789 789 790 791 794 792 793 793 791 794 797 795 792 792 796 797 800 798 799 799 797 800 803 801 798 798 802 803 805 804 801 801 803 805 809 806 807 807 808 809 813 810 811 811 812 813 817 814 815 815 816 817 
						821 818 819 819 820 821 825 822 823 823 824 825 829 826 827 827 828 829 833 830 831 831 832 833 835 834 830 830 833 835 838 836 834 834 837 838 841 839 840 840 838 841 844 842 839 839 843 844 846 845 842 842 844 846 850 847 848 848 849 850 854 851 852 852 853 854 858 855 856 856 857 858 862 859 860 860 861 862 861 860 863 863 864 861 864 863 865 865 866 864 866 865 867 867 868 866 868 867 869 869 870 868 870 869 871 871 872 870 872 871 873 873 874 872 874 873 875 875 876 874 876 875 877 877 878 876 878 877 879 879 880 878 880 879 881 881 882 880 882 881 883 883 884 882 888 885 886 886 887 888 887 886 889 889 890 887 890 889 891 891 892 890 892 891 893 893 894 892 894 893 895 895 896 894 896 895 897 897 898 896 898 897 899 899 900 898 900 899 901 901 902 900 
						902 901 903 903 904 902 904 903 905 905 906 904 906 905 907 907 908 906 908 907 909 909 910 908 914 911 912 912 913 914 913 912 915 915 916 913 916 915 917 917 918 916 918 917 919 919 920 918 920 919 921 921 922 920 922 921 923 923 924 922 924 923 925 925 926 924 926 925 927 927 928 926 928 927 929 929 930 928 930 929 931 931 932 930 932 931 933 933 934 932 934 933 935 935 936 934 940 937 938 938 939 940 939 938 941 941 942 939 942 941 943 943 944 942 944 943 945 945 946 944 946 945 947 947 948 946 948 947 949 949 950 948 950 949 951 951 952 950 952 951 953 953 954 952 954 953 955 955 956 954 956 955 957 957 958 956 958 957 959 959 960 958 960 959 961 961 962 960 966 963 964 964 965 966 970 967 968 968 969 970 974 971 972 972 973 974 978 975 976 976 977 978 
						982 979 980 980 981 982 986 983 984 984 985 986 990 987 988 988 989 990 994 991 992 992 993 994 998 995 996 996 997 998 1002 999 1000 1000 1001 1002 1006 1003 1004 1004 1005 1006 1010 1007 1008 1008 1009 1010 1014 1011 1012 1012 1013 1014 1018 1015 1016 1016 1017 1018 1022 1019 1020 1020 1021 1022 1026 1023 1024 1024 1025 1026 1030 1027 1028 1028 1029 1030 1034 1031 1032 1032 1033 1034 1038 1035 1036 1036 1037 1038 1042 1039 1040 1040 1041 1042 1046 1043 1044 1044 1045 1046 1050 1047 1048 1048 1049 1050 1054 1051 1052 1052 1053 1054 1058 1055 1056 1056 1057 1058 1062 1059 1060 1060 1061 1062 1066 1063 1064 1064 1065 1066 1070 1067 1068 1068 1069 1070 1074 1071 1072 1072 1073 1074 1078 1075 1076 1076 1077 1078 1082 1079 1080 1080 1081 1082 1086 1083 1084 1084 1085 1086 1090 1087 1088 1088 1089 1090 
					</p>
				</polylist>
			</mesh>
		</geometry>
		<geometry id="meshId4" name="meshId4_name" >
			<mesh>
				<source id="meshId4-positions" name="meshId4-positions">
					<float_array id="meshId4-positions-array" count="678"> 
						-9.740235 2.849755 6.353479 -9.165906 0.217371 6.166868 -9.485983 0.217371 5.726320 -9.840938 2.849755 6.214873 -10.003878 0.217371 5.558047 -10.003878 2.849755 6.161930 -10.521773 0.217371 5.726320 -10.166818 2.849755 6.214873 -10.841849 0.217371 6.166868 -10.267521 2.849755 6.353479 -10.841849 0.217371 6.711415 -10.267521 2.849755 6.524804 -10.521773 0.217371 7.151963 -10.166818 2.849755 6.663410 -10.003878 0.217371 7.320236 -10.003878 2.849755 6.716352 -9.485983 0.217371 7.151963 -9.840938 2.849755 6.663410 -9.165907 0.217371 6.711414 -9.740235 2.849755 6.524804 -9.740235 2.849755 6.524804 -9.165907 0.217371 6.711414 -9.165906 0.006136 6.166868 -9.165907 0.006136 6.711414 -9.485983 0.006136 7.151963 -10.003878 0.006136 7.320236 -10.521773 0.006136 7.151963 -10.841849 0.006136 6.711415 -10.841849 0.006136 6.166868 -10.521773 0.006136 5.726320 -10.003878 0.006136 5.558047 -9.485983 0.006136 5.726320 -9.459152 1.322098 6.262152 -9.667219 1.322098 5.975771 -10.003878 1.322098 5.866383 -10.340536 1.322098 5.975771 -10.548602 1.322098 6.262152 -10.548602 1.322098 6.616133 -10.340536 1.322098 6.902511 -10.003878 1.322098 7.011899 -9.667219 1.322098 6.902511 -9.459154 1.322098 6.616133 -9.815117 2.849755 6.377810 -9.740235 2.849755 6.353479 -9.840938 2.849755 6.214873 -9.887217 2.849755 6.278572 -9.887217 2.849755 6.278572 -9.840938 2.849755 6.214873 -10.003878 2.849755 6.161930 -10.003878 2.849755 6.240666 -10.166818 2.849755 6.214873 -10.120539 2.849755 6.278572 -10.120539 2.849755 6.278572 -10.166818 2.849755 6.214873 -10.267521 2.849755 6.353479 -10.192639 2.849755 6.377810 -10.192639 2.849755 6.377810 -10.267521 2.849755 6.353479 -10.267521 2.849755 6.524804 -10.192639 2.849755 6.500473 -10.192639 2.849755 6.500473 -10.166818 2.849755 6.663410 -10.120539 2.849755 6.599710 -10.120539 2.849755 6.599710 
						-10.003878 2.849755 6.716352 -10.003878 2.849755 6.637616 -9.840938 2.849755 6.663410 -9.887218 2.849755 6.599710 -9.740235 2.849755 6.524804 -9.815117 2.849755 6.500473 -9.740235 2.849755 6.353479 -9.815117 2.849755 6.377810 -9.459152 1.322098 6.262152 -9.815117 2.849755 6.377810 -9.887217 2.849755 6.278572 -9.667219 1.322098 5.975771 -9.667219 1.322098 5.975771 -9.887217 2.849755 6.278572 -10.003878 2.849755 6.240666 -10.003878 1.322098 5.866383 -10.003878 1.322098 5.866383 -10.003878 2.849755 6.240666 -10.120539 2.849755 6.278572 -10.340536 1.322098 5.975771 -10.340536 1.322098 5.975771 -10.120539 2.849755 6.278572 -10.192639 2.849755 6.377810 -10.548602 1.322098 6.262152 -10.548602 1.322098 6.262152 -10.192639 2.849755 6.377810 -10.192639 2.849755 6.500473 -10.548602 1.322098 6.616133 -10.548602 1.322098 6.616133 -10.192639 2.849755 6.500473 -10.120539 2.849755 6.599710 -10.340536 1.322098 6.902511 -10.340536 1.322098 6.902511 -10.120539 2.849755 6.599710 -10.003878 2.849755 6.637616 -10.003878 1.322098 7.011899 -10.003878 1.322098 7.011899 -10.003878 2.849755 6.637616 -9.887218 2.849755 6.599710 -9.667219 1.322098 6.902511 -9.667219 1.322098 6.902511 -9.887218 2.849755 6.599710 -9.815117 2.849755 6.500473 -9.459154 1.322098 6.616133 -9.459154 1.322098 6.616133 -9.815117 2.849755 6.500473 -9.815117 2.849755 6.377810 -9.459152 1.322098 6.262152 -8.959707 0.217371 6.056838 -8.928004 0.162462 6.039921 -8.928009 0.165594 5.270603 -8.961894 0.217371 5.304487 -8.959707 0.217371 6.821445 -8.928004 0.162462 6.838362 -8.961894 0.217371 7.573796 -8.928009 0.165594 7.607680 -8.928004 0.042939 6.039921 -8.961411 0.006136 6.057747 -8.962681 0.006136 5.298921 -8.928009 0.040509 5.270603 -8.928004 0.042939 6.838362 -8.961411 0.006136 6.820535 -8.928009 0.040509 7.607680 -8.966166 0.006136 7.576515 
						-8.928009 0.165594 7.607680 -8.961894 0.217371 7.573796 -10.003878 0.217371 7.573797 -10.003878 0.165594 7.607682 -8.966166 0.006136 7.576515 -8.928009 0.040509 7.607680 -10.003878 0.039112 7.607682 -10.003878 0.006136 7.572288 -11.045862 0.217371 7.573796 -11.079748 0.165594 7.607680 -11.079748 0.040509 7.607680 -11.045075 0.006136 7.579362 -11.079748 0.165594 7.607680 -11.045862 0.217371 7.573796 -11.048049 0.217371 6.821445 -11.079752 0.162462 6.838362 -11.045075 0.006136 7.579362 -11.079748 0.040509 7.607680 -11.079752 0.042939 6.838362 -11.046345 0.006136 6.820536 -11.048049 0.217371 6.056838 -11.079752 0.162462 6.039921 -11.079752 0.042939 6.039921 -11.046345 0.006136 6.057747 -11.045862 0.217371 5.304487 -11.079748 0.165594 5.270603 -11.079748 0.040509 5.270603 -11.041590 0.006136 5.301768 -11.079748 0.165594 5.270603 -11.045862 0.217371 5.304487 -10.003878 0.217371 5.304485 -10.003878 0.165594 5.270600 -11.041590 0.006136 5.301768 -11.079748 0.040509 5.270603 -10.003878 0.039112 5.270600 -10.003878 0.006136 5.305994 -8.961894 0.217371 5.304487 -8.928009 0.165594 5.270603 -8.928009 0.040509 5.270603 -8.962681 0.006136 5.298921 -8.928004 0.042939 6.039921 -8.928004 0.162462 6.039921 -8.928004 0.162462 6.838362 -8.928004 0.042939 6.838362 -8.928009 0.165594 7.607680 -8.928009 0.040509 7.607680 -8.928009 0.040509 7.607680 -8.928009 0.165594 7.607680 -10.003878 0.165594 7.607682 -10.003878 0.039112 7.607682 -11.079748 0.165594 7.607680 -11.079748 0.040509 7.607680 -11.079748 0.040509 7.607680 -11.079748 0.165594 7.607680 -11.079752 0.162462 6.838362 -11.079752 0.042939 6.838362 -11.079752 0.162462 6.039921 -11.079752 0.042939 6.039921 -11.079748 0.165594 5.270603 -11.079748 0.040509 5.270603 -11.079748 0.040509 5.270603 -11.079748 0.165594 5.270603 -10.003878 0.165594 5.270600 -10.003878 0.039112 5.270600 
						-8.928009 0.165594 5.270603 -8.928009 0.040509 5.270603 -8.928009 0.040509 5.270603 -8.928009 0.165594 5.270603 -8.959707 0.217371 6.056838 -9.165906 0.217371 6.166868 -9.165907 0.217371 6.711414 -8.959707 0.217371 6.821445 -8.961411 0.006136 6.057747 -8.961411 0.006136 6.820535 -9.485983 0.217371 7.151963 -8.961894 0.217371 7.573796 -8.966166 0.006136 7.576515 -10.003878 0.217371 7.320236 -10.003878 0.217371 7.573797 -10.003878 0.006136 7.572288 -10.521773 0.217371 7.151963 -11.045862 0.217371 7.573796 -11.045075 0.006136 7.579362 -10.841849 0.217371 6.711415 -11.048049 0.217371 6.821445 -11.046345 0.006136 6.820536 -10.841849 0.217371 6.166868 -11.048049 0.217371 6.056838 -11.046345 0.006136 6.057747 -10.521773 0.217371 5.726320 -11.045862 0.217371 5.304487 -11.041590 0.006136 5.301768 -10.003878 0.217371 5.558047 -10.003878 0.217371 5.304485 -10.003878 0.006136 5.305994 -9.485983 0.217371 5.726320 -8.961894 0.217371 5.304487 -8.962681 0.006136 5.298921 
					</float_array>
					<technique_common>
						<accessor count="226" offset="0" source="#meshId4-positions-array" stride="3">
							<param name="X" type="float" />
							<param name="Y" type="float" />
							<param name="Z" type="float" />
						</accessor>
					</technique_common>
				</source>
				<source id="meshId4-normals" name="meshId4-normals">
					<float_array id="meshId4-normals-array" count="678"> 
						0.926977 0.223598 -0.301193 0.926977 0.223598 -0.301193 0.572903 0.223598 -0.788534 0.572903 0.223598 -0.788534 0.000000 0.223598 -0.974681 0.000000 0.223598 -0.974681 -0.572904 0.223598 -0.788533 -0.572904 0.223598 -0.788533 -0.926977 0.223598 -0.301194 -0.926977 0.223598 -0.301194 -0.926977 0.223598 0.301194 -0.926977 0.223598 0.301194 -0.572904 0.223598 0.788534 -0.572904 0.223598 0.788534 0.000000 0.223598 0.974681 0.000000 0.223598 0.974681 0.572904 0.223598 0.788534 0.572904 0.223598 0.788534 0.926977 0.223597 0.301194 0.926977 0.223597 0.301194 0.926977 0.223597 0.301194 0.926977 0.223597 0.301194 0.000000 -1.000000 0.000000 -0.000000 -1.000000 -0.000000 -0.000000 -1.000000 -0.000000 -0.000000 -1.000000 -0.000000 0.000000 -1.000000 0.000000 0.000000 -1.000000 0.000000 0.000000 -1.000000 0.000000 0.000000 -1.000000 0.000000 0.000000 -1.000000 0.000000 0.000000 -1.000000 0.000000 0.000000 1.000000 0.000000 0.000000 1.000000 0.000000 0.000000 1.000000 0.000000 0.000000 1.000000 0.000000 0.000000 1.000000 0.000000 0.000000 1.000000 0.000000 0.000000 1.000000 0.000000 0.000000 1.000000 0.000000 0.000000 1.000000 0.000000 0.000000 1.000000 0.000000 0.000000 1.000000 -0.000001 0.000000 1.000000 -0.000001 0.000000 1.000000 -0.000001 0.000000 1.000000 -0.000001 0.000000 1.000000 0.000000 0.000000 1.000000 0.000000 0.000000 1.000000 0.000000 0.000000 1.000000 0.000000 0.000000 1.000000 0.000000 0.000000 1.000000 0.000000 0.000000 1.000000 -0.000001 0.000000 1.000000 -0.000001 0.000000 1.000000 -0.000001 0.000000 1.000000 -0.000001 0.000000 1.000000 0.000000 0.000000 1.000000 0.000000 0.000000 1.000000 0.000000 0.000000 1.000000 0.000000 0.000000 1.000000 0.000001 0.000000 1.000000 0.000001 0.000000 1.000000 0.000001 0.000000 1.000000 0.000000 
						0.000000 1.000000 0.000000 0.000000 1.000000 0.000000 0.000000 1.000000 0.000000 0.000000 1.000000 0.000000 0.000000 1.000000 0.000000 0.000000 1.000000 0.000000 0.000000 1.000000 0.000000 0.000000 1.000000 0.000000 -0.787911 -0.226933 0.572448 -0.787911 -0.226933 0.572448 -0.787911 -0.226933 0.572448 -0.787911 -0.226933 0.572448 -0.300958 -0.226934 0.926243 -0.300958 -0.226934 0.926243 -0.300958 -0.226934 0.926243 -0.300958 -0.226934 0.926243 0.300959 -0.226934 0.926242 0.300959 -0.226934 0.926242 0.300959 -0.226934 0.926242 0.300959 -0.226934 0.926242 0.787913 -0.226933 0.572447 0.787913 -0.226933 0.572447 0.787913 -0.226933 0.572447 0.787913 -0.226933 0.572447 0.973910 -0.226933 0.000000 0.973910 -0.226933 0.000000 0.973910 -0.226933 0.000000 0.973910 -0.226933 0.000000 0.787911 -0.226933 -0.572449 0.787911 -0.226934 -0.572449 0.787911 -0.226933 -0.572449 0.787911 -0.226933 -0.572449 0.300959 -0.226934 -0.926242 0.300959 -0.226934 -0.926242 0.300959 -0.226934 -0.926242 0.300959 -0.226934 -0.926242 -0.300958 -0.226934 -0.926243 -0.300958 -0.226934 -0.926243 -0.300958 -0.226934 -0.926243 -0.300958 -0.226934 -0.926243 -0.787909 -0.226934 -0.572451 -0.787909 -0.226934 -0.572451 -0.787909 -0.226934 -0.572451 -0.787909 -0.226934 -0.572451 -0.973910 -0.226934 -0.000002 -0.973910 -0.226934 -0.000002 -0.973910 -0.226934 -0.000002 -0.973910 -0.226934 -0.000002 0.860668 0.509166 -0.000057 0.857620 0.514284 -0.000089 0.851858 0.523772 -0.000149 0.851858 0.523772 -0.000149 0.860668 0.509166 0.000057 0.857620 0.514284 0.000089 0.851858 0.523772 0.000149 0.851858 0.523772 0.000149 0.729507 -0.683973 0.000309 0.734083 -0.679060 0.000180 0.722802 -0.691055 0.000497 0.722802 -0.691055 0.000497 0.718266 -0.695768 0.000672 0.727492 -0.686116 0.000395 0.704804 -0.709402 0.001068 0.704804 -0.709402 0.001068 
						0.000002 0.547592 0.836745 0.000002 0.547592 0.836745 0.000000 0.547592 0.836745 0.000000 0.547592 0.836746 -0.000958 -0.702647 0.711538 -0.000958 -0.702647 0.711538 0.000494 -0.694787 0.719216 0.000493 -0.694793 0.719210 -0.000002 0.547592 0.836745 -0.000002 0.547592 0.836745 0.001975 -0.686681 0.726956 0.001975 -0.686681 0.726956 -0.851854 0.523779 0.000149 -0.851854 0.523779 0.000149 -0.860665 0.509172 0.000057 -0.857616 0.514290 0.000089 -0.722801 -0.691056 -0.000497 -0.722801 -0.691056 -0.000497 -0.729509 -0.683971 -0.000309 -0.734087 -0.679056 -0.000180 -0.860665 0.509171 -0.000057 -0.857617 0.514289 -0.000089 -0.718269 -0.695765 -0.000672 -0.727496 -0.686112 -0.000395 -0.851855 0.523778 -0.000149 -0.851855 0.523778 -0.000149 -0.704803 -0.709402 -0.001068 -0.704803 -0.709402 -0.001068 -0.000002 0.547589 -0.836747 -0.000002 0.547589 -0.836747 0.000000 0.547589 -0.836747 0.000000 0.547589 -0.836747 0.000957 -0.702647 -0.711538 0.000957 -0.702647 -0.711538 -0.000494 -0.694787 -0.719216 -0.000493 -0.694793 -0.719210 0.000002 0.547589 -0.836747 0.000002 0.547589 -0.836747 -0.001975 -0.686681 -0.726956 -0.001975 -0.686681 -0.726956 1.000000 0.000000 -0.000003 1.000000 0.000000 -0.000003 1.000000 0.000000 0.000003 1.000000 0.000000 0.000003 1.000000 0.000000 0.000006 1.000000 0.000000 0.000006 0.000003 0.000000 1.000000 0.000003 0.000000 1.000000 0.000000 0.000000 1.000000 0.000000 0.000000 1.000000 -0.000003 0.000000 1.000000 -0.000003 0.000000 1.000000 -1.000000 0.000000 0.000006 -1.000000 0.000000 0.000006 -1.000000 0.000000 0.000003 -1.000000 0.000000 0.000003 -1.000000 0.000000 -0.000003 -1.000000 0.000000 -0.000003 -1.000000 0.000000 -0.000006 -1.000000 0.000000 -0.000006 -0.000003 0.000000 -1.000000 -0.000003 0.000000 -1.000000 0.000000 0.000000 -1.000000 0.000000 0.000000 -1.000000 
						0.000003 0.000000 -1.000000 0.000003 0.000000 -1.000000 1.000000 0.000000 -0.000006 1.000000 0.000000 -0.000006 -0.000001 1.000000 0.000000 -0.000001 1.000000 0.000000 -0.000001 1.000000 0.000000 -0.000001 1.000000 0.000000 -0.000001 -1.000000 0.000000 -0.000001 -1.000000 -0.000000 0.000000 1.000000 -0.000001 0.000000 1.000000 -0.000001 -0.000000 -1.000000 -0.000001 0.000000 1.000000 -0.000001 0.000000 1.000000 -0.000001 -0.000000 -1.000000 -0.000001 0.000000 1.000000 -0.000001 0.000000 1.000000 -0.000001 0.000000 -1.000000 -0.000001 0.000001 1.000000 0.000000 0.000001 1.000000 0.000000 0.000001 -1.000000 0.000000 0.000001 1.000000 0.000000 0.000001 1.000000 0.000000 0.000001 -1.000000 0.000000 0.000000 1.000000 0.000001 0.000000 1.000000 0.000001 0.000000 -1.000000 0.000001 0.000000 1.000000 0.000001 0.000000 1.000000 0.000001 0.000000 -1.000000 0.000001 0.000000 1.000000 0.000001 0.000000 1.000000 0.000001 0.000000 -1.000000 0.000001 
					</float_array>
					<technique_common>
						<accessor count="226" offset="0" source="#meshId4-normals-array" stride="3">
							<param name="X" type="float" />
							<param name="Y" type="float" />
							<param name="Z" type="float" />
						</accessor>
					</technique_common>
				</source>
				<source id="meshId4-tangents" name="meshId4-tangents">
					<float_array id="meshId4-tangents-array" count="678"> 
						-0.274957 -0.141176 -0.951035 -0.274955 -0.141184 -0.951035 -0.737727 -0.278521 -0.614967 -0.737724 -0.278529 -0.614967 -0.907632 -0.409140 -0.093859 -0.907629 -0.409145 -0.093860 -0.750341 -0.530200 0.394811 -0.750345 -0.530192 0.394816 -0.372738 -0.639345 0.672535 -0.372738 -0.639349 0.672532 0.042726 -0.734770 0.676969 0.042726 -0.734770 0.676970 0.333585 -0.815171 0.473515 0.333591 -0.815167 0.473518 0.430614 -0.879685 0.201805 0.430613 -0.879686 0.201805 0.373061 -0.927773 -0.007964 0.373056 -0.927775 -0.007960 0.264239 -0.959132 -0.101213 0.264238 -0.959133 -0.101208 0.309099 -0.000373 -0.951030 0.309098 -0.000369 -0.951030 -0.999999 0.000000 0.001397 -0.999999 0.000000 0.001393 -0.999999 0.000000 0.001390 -0.999999 0.000000 0.001392 -0.999999 0.000000 0.001389 -0.999999 0.000000 0.001386 -0.999999 0.000000 0.001396 -0.999999 0.000000 0.001391 -0.999999 0.000000 0.001388 -0.999999 0.000000 0.001393 0.808841 0.000000 -0.588028 0.808843 0.000000 -0.588025 0.808848 0.000000 -0.588018 0.808842 0.000000 -0.588026 0.808839 0.000000 -0.588030 0.808840 0.000000 -0.588029 0.808839 0.000000 -0.588031 0.808839 0.000000 -0.588030 0.808839 0.000000 -0.588030 0.808841 0.000000 -0.588027 -0.000050 -0.000001 -1.000000 -0.000056 -0.000001 -1.000000 -0.000067 -0.000001 -1.000000 -0.000063 -0.000001 -1.000000 -0.000081 0.000000 -1.000000 -0.000078 0.000000 -1.000000 -0.000076 0.000000 -1.000000 -0.000075 0.000000 -1.000000 -0.000086 0.000000 -1.000000 -0.000083 0.000000 -1.000000 -0.000052 -0.000001 -1.000000 -0.000047 -0.000001 -1.000000 -0.000037 -0.000001 -1.000000 -0.000041 -0.000001 -1.000000 -0.000095 0.000000 -1.000000 -0.000085 0.000000 -1.000000 -0.000068 0.000000 -1.000000 -0.000074 0.000000 -1.000000 -0.000052 0.000001 -1.000000 -0.000075 0.000001 -1.000000 -0.000069 0.000001 -1.000000 -0.000086 0.000000 -1.000000 
						-0.000065 0.000000 -1.000000 -0.000075 0.000000 -1.000000 -0.000036 0.000000 -1.000000 -0.000043 0.000000 -1.000000 -0.000064 0.000000 -1.000000 -0.000069 0.000000 -1.000000 -0.000068 0.000000 -1.000000 -0.000074 0.000000 -1.000000 0.512036 -0.757851 0.404329 0.500613 0.305276 0.810057 0.442085 0.438678 0.782383 0.529277 -0.724716 0.441195 0.585620 0.722583 0.367318 0.490315 0.796238 0.354397 0.474597 0.806808 0.351879 0.580176 0.727275 0.366698 0.306768 0.942686 0.131286 0.339617 0.933099 0.118264 0.344766 0.931470 0.116192 0.308740 0.942149 0.130514 0.217340 0.972274 0.086289 0.164846 0.973420 0.158996 0.156430 0.972885 0.170368 0.214257 0.972562 0.090647 0.224617 0.963969 0.142521 0.171239 0.734892 0.656209 0.157857 0.677462 0.718420 0.223472 0.959055 0.173996 0.510317 0.760904 0.400752 0.492212 -0.326520 0.806915 0.431415 -0.459917 0.776117 0.527820 0.727709 0.438002 0.590800 -0.718060 0.367894 0.489762 -0.796616 0.354311 0.473054 -0.807823 0.351628 0.585047 -0.723080 0.367254 0.309041 -0.942067 0.130396 0.342099 -0.932318 0.117266 0.347281 -0.930661 0.115177 0.311026 -0.941521 0.129617 0.218356 -0.972173 0.084854 0.165286 -0.973442 0.158400 0.156776 -0.972910 0.169902 0.215239 -0.972473 0.089262 0.224671 -0.964201 0.140852 0.167274 -0.717879 0.675773 0.152909 -0.656230 0.738905 0.223487 -0.959117 0.173634 -0.509166 0.860668 0.000043 -0.514284 0.857620 0.000044 -0.523772 0.851858 0.000027 -0.523772 0.851858 0.000028 -0.509166 0.860668 0.000031 -0.514284 0.857620 0.000030 -0.523772 0.851858 0.000049 -0.523772 0.851858 0.000048 0.683973 0.729507 -0.000052 0.679060 0.734083 -0.000055 0.691055 0.722802 -0.000036 0.691055 0.722802 -0.000037 0.695768 0.718266 -0.000009 0.686116 0.727492 -0.000020 0.709402 0.704804 -0.000128 0.709402 0.704804 -0.000124 
						0.000004 0.836745 -0.547592 0.000004 0.836745 -0.547592 0.000000 0.836745 -0.547592 0.000000 0.836746 -0.547592 -0.000104 0.711538 0.702647 -0.000097 0.711538 0.702647 -0.000026 0.719216 0.694787 -0.000026 0.719210 0.694793 0.000011 0.836745 -0.547592 0.000010 0.836745 -0.547592 0.000049 0.726958 0.686682 0.000046 0.726958 0.686682 0.523779 0.851854 -0.000026 0.523779 0.851854 -0.000026 0.509172 0.860665 -0.000037 0.514290 0.857616 -0.000037 -0.691056 0.722801 0.000036 -0.691056 0.722801 0.000036 -0.683971 0.729509 0.000038 -0.679056 0.734087 0.000042 0.509171 0.860665 -0.000024 0.514289 0.857617 -0.000023 -0.695765 0.718269 0.000016 -0.686112 0.727496 0.000028 0.523778 0.851855 -0.000047 0.523778 0.851855 -0.000045 -0.709403 0.704803 0.000121 -0.709403 0.704803 0.000117 -0.000009 -0.836747 -0.547589 -0.000009 -0.836747 -0.547589 -0.000000 -0.836747 -0.547589 -0.000000 -0.836747 -0.547589 -0.000066 -0.711538 0.702647 -0.000060 -0.711538 0.702647 -0.000025 -0.719216 0.694787 -0.000026 -0.719210 0.694793 -0.000002 -0.836747 -0.547589 -0.000001 -0.836747 -0.547589 0.000168 -0.726958 0.686682 0.000161 -0.726958 0.686682 0.000000 1.000000 0.000000 0.000000 1.000000 0.000000 0.000000 1.000000 0.000000 0.000000 1.000000 0.000000 0.000000 1.000000 0.000000 0.000000 1.000000 0.000000 0.000000 1.000000 0.000000 0.000000 1.000000 0.000000 0.000000 1.000000 0.000000 0.000000 1.000000 0.000000 0.000000 1.000000 0.000000 0.000000 1.000000 0.000000 0.000000 1.000000 0.000000 0.000000 1.000000 0.000000 0.000000 1.000000 0.000000 0.000000 1.000000 0.000000 0.000000 1.000000 0.000000 0.000000 1.000000 0.000000 0.000000 1.000000 0.000000 0.000000 1.000000 0.000000 0.000000 -1.000000 0.000000 0.000000 -1.000000 0.000000 0.000000 -1.000000 0.000000 0.000000 -1.000000 0.000000 
						0.000000 -1.000000 0.000000 0.000000 -1.000000 0.000000 0.000000 1.000000 0.000000 0.000000 1.000000 0.000000 -0.000086 -0.000000 -1.000000 -0.000085 -0.000000 -1.000000 -0.000086 -0.000000 -1.000000 -0.000088 -0.000000 -1.000000 -0.999999 0.000001 0.001400 -0.999999 0.000001 0.001402 -0.000091 -0.000001 -1.000000 -0.000091 -0.000001 -1.000000 -0.999999 -0.000000 0.001390 -0.000090 -0.000001 -1.000000 -0.000092 -0.000001 -1.000000 -0.999999 -0.000000 0.001390 -0.000085 -0.000001 -1.000000 -0.000087 -0.000001 -1.000000 -0.999999 -0.000000 0.001386 -0.000083 0.000000 -1.000000 -0.000084 0.000000 -1.000000 -0.999999 -0.000001 0.001382 -0.000088 0.000000 -1.000000 -0.000088 0.000000 -1.000000 -0.999999 -0.000001 0.001400 -0.000086 0.000001 -1.000000 -0.000086 0.000001 -1.000000 -0.999999 0.000000 0.001395 -0.000091 0.000001 -1.000000 -0.000090 0.000001 -1.000000 -0.999999 0.000000 0.001389 -0.000084 0.000001 -1.000000 -0.000086 0.000001 -1.000000 -0.999999 0.000000 0.001394 
					</float_array>
					<technique_common>
						<accessor count="226" offset="0" source="#meshId4-tangents-array" stride="3">
							<param name="X" type="float" />
							<param name="Y" type="float" />
							<param name="Z" type="float" />
						</accessor>
					</technique_common>
				</source>
				<source id="meshId4-bitangents" name="meshId4-bitangents">
					<float_array id="meshId4-bitangents-array" count="678"> 
						-0.255171 0.964403 -0.069387 -0.255173 0.964402 -0.069395 -0.357129 0.934040 0.005389 -0.357135 0.934037 0.005384 -0.419768 0.884652 0.202945 -0.419773 0.884649 0.202944 -0.329802 0.817858 0.471529 -0.329794 0.817864 0.471525 -0.042190 0.735691 0.676002 -0.042191 0.735688 0.676005 0.372677 0.640404 0.671561 0.372677 0.640404 0.671561 0.748667 0.534322 0.392426 0.748664 0.534328 0.392422 0.902536 0.419712 -0.096284 0.902536 0.419711 -0.096284 0.729799 0.298734 -0.614940 0.729801 0.298728 -0.614940 0.266254 0.173410 -0.948176 0.266255 0.173405 -0.948177 -0.212535 0.974682 -0.069460 -0.212536 0.974682 -0.069456 -0.001397 0.000000 -0.999999 -0.001393 0.000000 -0.999999 -0.001390 0.000000 -0.999999 -0.001392 0.000000 -0.999999 -0.001389 0.000000 -0.999999 -0.001386 0.000000 -0.999999 -0.001396 -0.000000 -0.999999 -0.001391 -0.000000 -0.999999 -0.001388 -0.000000 -0.999999 -0.001393 0.000000 -0.999999 -0.588028 0.000000 -0.808841 -0.588025 0.000000 -0.808843 -0.588018 0.000000 -0.808848 -0.588026 0.000000 -0.808842 -0.588030 0.000000 -0.808839 -0.588029 0.000000 -0.808840 -0.588031 0.000000 -0.808839 -0.588030 0.000000 -0.808839 -0.588030 0.000000 -0.808839 -0.588027 0.000000 -0.808841 -1.000000 0.000000 0.000050 -1.000000 0.000000 0.000056 -1.000000 0.000000 0.000067 -1.000000 0.000000 0.000063 -1.000000 0.000000 0.000081 -1.000000 0.000000 0.000078 -1.000000 0.000000 0.000076 -1.000000 0.000000 0.000075 -1.000000 0.000000 0.000086 -1.000000 0.000000 0.000083 -1.000000 0.000000 0.000052 -1.000000 0.000000 0.000047 -1.000000 0.000000 0.000037 -1.000000 0.000000 0.000041 -1.000000 0.000000 0.000095 -1.000000 0.000000 0.000085 -1.000000 0.000000 0.000068 -1.000000 0.000000 0.000074 -1.000000 -0.000000 0.000052 -1.000000 -0.000000 0.000075 -1.000000 -0.000000 0.000069 -1.000000 0.000000 0.000086 
						-1.000000 0.000000 0.000065 -1.000000 0.000000 0.000075 -1.000000 0.000000 0.000036 -1.000000 0.000000 0.000043 -1.000000 0.000000 0.000064 -1.000000 0.000000 0.000069 -1.000000 0.000000 0.000068 -1.000000 0.000000 0.000074 0.342075 0.611689 0.713317 -0.358584 0.924829 -0.126925 -0.428669 0.869519 -0.245316 0.314740 0.650606 0.691122 -0.752644 0.652973 -0.084570 -0.817934 0.560809 -0.128365 -0.827153 0.545493 -0.135113 -0.756849 0.647744 -0.087218 -0.902949 0.244629 0.353326 -0.891114 0.278975 0.357895 -0.889134 0.284368 0.358573 -0.902277 0.246689 0.353612 -0.576157 0.056427 0.815389 -0.593312 -0.030909 0.804379 -0.595587 -0.044687 0.802047 -0.577311 0.051228 0.814916 -0.032343 -0.138802 0.989792 -0.148916 -0.639089 0.754579 -0.163033 -0.699676 0.695610 -0.039485 -0.169457 0.984746 0.344635 -0.607887 0.715332 -0.370032 -0.917543 -0.145569 -0.439405 -0.858474 -0.264471 0.317179 -0.647256 0.693150 -0.748585 -0.657945 -0.082034 -0.818265 -0.560271 -0.128605 -0.828036 -0.543988 -0.135769 -0.753089 -0.652424 -0.084850 -0.902174 -0.247003 0.353654 -0.890164 -0.281575 0.358222 -0.888156 -0.287003 0.358900 -0.901491 -0.249076 0.353941 -0.575777 -0.058141 0.815537 -0.593194 0.030187 0.804493 -0.595500 0.044121 0.802143 -0.576950 -0.052883 0.815066 -0.031966 0.137176 0.990031 -0.153357 0.658142 0.737109 -0.167684 0.719627 0.673809 -0.039405 0.169104 0.984810 0.000071 -0.000008 1.000000 0.000099 0.000008 1.000000 0.000141 0.000055 1.000000 0.000141 0.000055 1.000000 -0.000033 -0.000056 1.000000 -0.000061 -0.000072 1.000000 -0.000101 -0.000120 1.000000 -0.000102 -0.000119 1.000000 -0.000190 0.000249 1.000000 -0.000094 0.000163 1.000000 -0.000334 0.000369 1.000000 -0.000334 0.000370 1.000000 -0.000477 0.000474 1.000000 -0.000273 0.000286 1.000000 -0.000662 0.000848 0.999999 -0.000665 0.000845 0.999999 
						-1.000000 0.000005 -0.000001 -1.000000 0.000005 -0.000001 -1.000000 0.000000 -0.000000 -1.000000 0.000000 -0.000000 -1.000000 0.000599 -0.000755 -1.000000 0.000604 -0.000750 -1.000000 -0.000362 0.000337 -1.000000 -0.000361 0.000336 -1.000000 0.000008 -0.000007 -1.000000 0.000007 -0.000007 -0.999998 -0.001320 0.001470 -0.999998 -0.001323 0.001467 -0.000140 0.000056 -1.000000 -0.000141 0.000056 -1.000000 -0.000068 -0.000002 -1.000000 -0.000095 0.000014 -1.000000 0.000334 0.000369 -1.000000 0.000335 0.000369 -1.000000 0.000200 0.000239 -1.000000 0.000104 0.000153 -1.000000 0.000037 -0.000050 -1.000000 0.000065 -0.000065 -1.000000 0.000472 0.000479 -1.000000 0.000268 0.000291 -1.000000 0.000102 -0.000118 -1.000000 0.000103 -0.000117 -1.000000 0.000667 0.000843 -0.999999 0.000670 0.000840 -0.999999 -1.000000 0.000006 0.000006 -1.000000 0.000006 0.000006 -1.000000 0.000000 0.000000 -1.000000 0.000000 0.000000 -1.000000 -0.000626 -0.000727 -1.000000 -0.000630 -0.000723 -1.000000 0.000361 0.000338 -1.000000 0.000361 0.000337 -1.000000 0.000002 -0.000001 -1.000000 0.000002 -0.000001 -0.999998 0.001234 0.001551 -0.999998 0.001239 0.001547 0.000003 0.000000 1.000000 0.000003 0.000000 1.000000 -0.000003 0.000000 1.000000 -0.000003 0.000000 1.000000 -0.000006 0.000000 1.000000 -0.000006 0.000000 1.000000 -1.000000 0.000000 0.000003 -1.000000 0.000000 0.000003 -1.000000 0.000000 0.000000 -1.000000 0.000000 0.000000 -1.000000 0.000000 -0.000003 -1.000000 0.000000 -0.000003 -0.000006 0.000000 -1.000000 -0.000006 0.000000 -1.000000 -0.000003 0.000000 -1.000000 -0.000003 0.000000 -1.000000 0.000003 0.000000 -1.000000 0.000003 0.000000 -1.000000 0.000006 0.000000 -1.000000 0.000006 0.000000 -1.000000 -1.000000 0.000000 0.000003 -1.000000 0.000000 0.000003 -1.000000 -0.000000 -0.000000 -1.000000 -0.000000 -0.000000 
						-1.000000 -0.000000 -0.000003 -1.000000 -0.000000 -0.000003 0.000006 0.000000 1.000000 0.000006 0.000000 1.000000 -1.000000 -0.000001 0.000086 -1.000000 -0.000001 0.000085 -1.000000 -0.000001 0.000086 -1.000000 -0.000001 0.000088 -0.001400 0.000000 -0.999999 -0.001402 0.000000 -0.999999 -1.000000 0.000000 0.000091 -1.000000 0.000000 0.000091 -0.001390 0.000001 -0.999999 -1.000000 0.000000 0.000090 -1.000000 0.000000 0.000092 -0.001390 0.000001 -0.999999 -1.000000 0.000000 0.000085 -1.000000 0.000000 0.000087 -0.001386 0.000001 -0.999999 -1.000000 0.000001 0.000083 -1.000000 0.000001 0.000084 -0.001382 -0.000000 -0.999999 -1.000000 0.000001 0.000088 -1.000000 0.000001 0.000088 -0.001400 -0.000000 -0.999999 -1.000000 -0.000000 0.000086 -1.000000 -0.000000 0.000086 -0.001395 -0.000001 -0.999999 -1.000000 -0.000000 0.000091 -1.000000 -0.000000 0.000090 -0.001389 -0.000001 -0.999999 -1.000000 -0.000000 0.000084 -1.000000 -0.000000 0.000086 -0.001394 -0.000001 -0.999999 
					</float_array>
					<technique_common>
						<accessor count="226" offset="0" source="#meshId4-bitangents-array" stride="3">
							<param name="X" type="float" />
							<param name="Y" type="float" />
							<param name="Z" type="float" />
						</accessor>
					</technique_common>
				</source>
				<source id="meshId4-tex0" name="meshId4-tex0">
					<float_array id="meshId4-tex0-array" count="452"> 
						0.029485 0.467999 0.093888 0.006535 0.185812 0.025919 0.058407 0.474097 0.274186 0.057789 0.086211 0.484125 0.357322 0.101539 0.112367 0.497889 0.433634 0.156332 0.136377 0.515128 0.501662 0.221123 0.157780 0.535513 0.560110 0.294673 0.176168 0.558653 0.607859 0.375578 0.191191 0.584107 0.643999 0.462294 0.202562 0.611390 0.667839 0.553164 0.210062 0.639980 0.000000 0.465946 0.000170 0.000010 0.592513 0.817377 0.592643 0.723432 0.647968 0.647505 0.737356 0.618599 0.826663 0.647754 0.881777 0.723834 0.881646 0.817779 0.826321 0.893705 0.736933 0.922612 0.647627 0.893457 0.997966 0.408326 0.997984 0.469396 0.962103 0.518813 0.904028 0.537701 0.845942 0.518847 0.810032 0.469452 0.810014 0.408383 0.845895 0.358966 0.903970 0.340077 0.962056 0.358931 0.367963 0.012931 0.372160 0.000012 0.396073 0.017384 0.385084 0.025369 0.385084 0.025369 0.396073 0.017384 0.405208 0.045494 0.391625 0.045495 0.396076 0.073605 0.385087 0.065622 0.385087 0.065622 0.396076 0.073605 0.372165 0.090980 0.367967 0.078061 0.367967 0.078061 0.372165 0.090980 0.342608 0.090982 0.346805 0.078063 0.346805 0.078063 0.318695 0.073610 0.329684 0.065625 0.329684 0.065625 
						0.309559 0.045500 0.323143 0.045499 0.318691 0.017389 0.329681 0.025373 0.342603 0.000014 0.346801 0.012933 0.372160 0.000012 0.367963 0.012931 0.845911 0.037288 0.731384 0.158468 0.708417 0.165239 0.729320 0.000000 0.729320 0.000000 0.708417 0.165239 0.693805 0.184199 0.613213 0.038152 0.613213 0.038152 0.693805 0.184199 0.693064 0.208239 0.541729 0.137056 0.541729 0.137056 0.693064 0.208239 0.706273 0.228286 0.541943 0.258963 0.541943 0.258963 0.706273 0.228286 0.728789 0.236815 0.613706 0.357500 0.613706 0.357500 0.728789 0.236815 0.751971 0.229598 0.729772 0.395057 0.729772 0.395057 0.751971 0.229598 0.766660 0.210441 0.845730 0.357341 0.845730 0.357341 0.766660 0.210441 0.767366 0.186341 0.917490 0.258656 0.917490 0.258656 0.767366 0.186341 0.753861 0.166565 0.917650 0.136450 0.917650 0.136450 0.753861 0.166565 0.731384 0.158468 0.845911 0.037288 0.067140 0.651826 0.059075 0.648030 0.059535 0.475376 0.067140 0.482980 0.067140 0.823423 0.059075 0.827220 0.067140 0.992269 0.059535 0.999874 0.041521 0.648030 0.036115 0.652030 0.036115 0.481731 0.041164 0.475376 0.041521 0.827220 0.036115 0.823219 0.041164 0.999874 0.036115 0.992879 
						0.095670 0.490681 0.103281 0.498292 0.103281 0.732333 0.095670 0.732333 0.072231 0.499252 0.077283 0.490681 0.077078 0.732333 0.072231 0.732333 0.103281 0.966373 0.095670 0.973984 0.077283 0.973984 0.072231 0.966197 0.023420 0.467745 0.031024 0.475349 0.031024 0.644195 0.022960 0.640399 0.000000 0.474100 0.005048 0.467745 0.005405 0.640399 0.000000 0.644399 0.031024 0.815792 0.022960 0.819589 0.005405 0.819589 0.000000 0.815588 0.031024 0.984638 0.023420 0.992243 0.005048 0.992243 0.000000 0.985248 0.972405 0.995944 0.964794 0.988333 0.964794 0.754292 0.972405 0.754292 0.995844 0.987373 0.990791 0.995944 0.990997 0.754292 0.995844 0.754292 0.964794 0.520251 0.972405 0.512640 0.990791 0.512640 0.995844 0.520428 0.041521 0.648030 0.059075 0.648030 0.059075 0.827220 0.041521 0.827220 0.059535 0.999874 0.041164 0.999874 0.077283 0.490681 0.095670 0.490681 0.095670 0.732333 0.077078 0.732333 0.095670 0.973984 0.077283 0.973984 0.005048 0.467745 0.023420 0.467745 0.022960 0.640399 0.005405 0.640399 0.022960 0.819589 0.005405 0.819589 0.023420 0.992243 0.005048 0.992243 0.990791 0.995944 0.972405 0.995944 0.972405 0.754292 0.990997 0.754292 
						0.972405 0.512640 0.990791 0.512640 0.041164 0.475376 0.059535 0.475376 0.426804 0.639708 0.407825 0.675283 0.313880 0.675291 0.294894 0.639719 0.557207 0.836153 0.557390 0.704557 0.237881 0.730517 0.165098 0.640108 0.558391 0.574137 0.208858 0.819867 0.165114 0.819871 0.737416 0.575115 0.237896 0.909212 0.165129 0.999634 0.917045 0.574144 0.313904 0.964425 0.294925 1.000000 0.917082 0.705057 0.407850 0.964417 0.426835 0.999989 0.916899 0.836654 0.483848 0.909190 0.556631 0.999600 0.915898 0.967074 0.512871 0.819841 0.556616 0.819837 0.736873 0.966096 0.483833 0.730496 0.556600 0.640074 0.557244 0.967066 
					</float_array>
					<technique_common>
						<accessor count="226" offset="0" source="#meshId4-tex0-array" stride="2">
							<param name="S" type="float" />
							<param name="T" type="float" />
						</accessor>
					</technique_common>
				</source>
				<vertices id="meshId4-vertices">
					<input semantic="POSITION" source="#meshId4-positions" />
				</vertices>
				<polylist count="176" material="defaultMaterial">
					<input offset="0" semantic="VERTEX" source="#meshId4-vertices" />
					<input offset="0" semantic="NORMAL" source="#meshId4-normals" />
					<input offset="0" semantic="TANGENT" source="#meshId4-tangents" />
					<input offset="0" semantic="BINORMAL" source="#meshId4-bitangents" />
					<input offset="0" semantic="TEXCOORD" source="#meshId4-tex0" set="0" />
					<vcount>
						3 3 3 3 3 3 3 3 3 3 3 3 3 3 3 3 3 3 3 3 3 3 3 3 3 3 3 3 3 3 3 3 3 3 3 3 3 3 3 3 3 3 3 3 3 3 3 3 3 3 3 3 3 3 3 3 3 3 3 3 3 3 3 3 
						3 3 3 3 3 3 3 3 3 3 3 3 3 3 3 3 3 3 3 3 3 3 3 3 3 3 3 3 3 3 3 3 3 3 3 3 3 3 3 3 3 3 3 3 3 3 3 3 3 3 3 3 3 3 3 3 3 3 3 3 3 3 3 3 
						3 3 3 3 3 3 3 3 3 3 3 3 3 3 3 3 3 3 3 3 3 3 3 3 3 3 3 3 3 3 3 3 3 3 3 3 3 3 3 3 3 3 3 3 3 3 3 3 
					</vcount>
					<p>
						3 0 1 1 2 3 5 3 2 2 4 5 7 5 4 4 6 7 9 7 6 6 8 9 11 9 8 8 10 11 13 11 10 10 12 13 15 13 12 12 14 15 17 15 14 14 16 17 19 17 16 16 18 19 0 20 21 21 1 0 31 22 23 31 23 24 31 24 25 31 25 26 31 26 27 31 27 28 31 28 29 29 30 31 41 32 33 41 33 34 41 34 35 41 35 36 41 36 37 41 37 38 41 38 39 39 40 41 45 42 43 43 44 45 49 46 47 47 48 49 51 49 48 48 50 51 55 52 53 53 54 55 59 56 57 57 58 59 62 60 58 58 61 62 65 63 61 61 64 65 67 65 64 64 66 67 69 67 66 66 68 69 71 69 68 68 70 71 75 72 73 73 74 75 79 76 77 77 78 79 83 80 81 81 82 83 87 84 85 85 86 87 
						91 88 89 89 90 91 95 92 93 93 94 95 99 96 97 97 98 99 103 100 101 101 102 103 107 104 105 105 106 107 111 108 109 109 110 111 115 112 113 113 114 115 117 113 112 112 116 117 119 117 116 116 118 119 123 120 121 121 122 123 125 121 120 120 124 125 127 125 124 124 126 127 131 128 129 129 130 131 135 132 133 133 134 135 137 131 130 130 136 137 139 135 134 134 138 139 143 140 141 141 142 143 147 144 145 145 146 147 149 143 142 142 148 149 151 147 146 146 150 151 153 149 148 148 152 153 155 151 150 150 154 155 159 156 157 157 158 159 163 160 161 161 162 163 165 159 158 158 164 165 167 163 162 162 166 167 171 168 169 169 170 171 173 171 170 170 172 173 177 174 175 175 176 177 179 177 176 176 178 179 183 180 181 181 182 183 185 183 182 182 184 185 
						187 185 184 184 186 187 191 188 189 189 190 191 193 191 190 190 192 193 168 194 195 195 169 168 199 196 197 197 198 199 22 200 201 201 23 22 203 199 198 198 202 203 23 201 204 204 24 23 206 203 202 202 205 206 24 204 207 207 25 24 209 206 205 205 208 209 25 207 210 210 26 25 212 209 208 208 211 212 26 210 213 213 27 26 215 212 211 211 214 215 27 213 216 216 28 27 218 215 214 214 217 218 28 216 219 219 29 28 221 218 217 217 220 221 29 219 222 222 30 29 224 221 220 220 223 224 30 222 225 225 31 30 196 224 223 223 197 196 31 225 200 200 22 31 
					</p>
				</polylist>
			</mesh>
		</geometry>
		<geometry id="meshId5" name="meshId5_name" >
			<mesh>
				<source id="meshId5-positions" name="meshId5-positions">
					<float_array id="meshId5-positions-array" count="6609"> 
						-20.149616 1.902114 6.065461 -20.149616 1.760074 5.786693 -20.667217 1.760074 5.786693 -20.667217 1.902114 6.065461 -20.149616 1.538842 5.565461 -20.667217 1.538842 5.565461 -20.149616 1.538842 5.565461 -20.149616 1.260074 5.423421 -20.667217 1.260074 5.423421 -20.667217 1.538842 5.565461 -20.149616 0.951057 5.374478 -20.667217 0.951057 5.374478 -20.149616 0.642040 5.423421 -20.667217 0.642040 5.423421 -20.149616 0.363271 5.565461 -20.667217 0.363271 5.565461 -20.149616 0.363271 5.565461 -20.149616 0.142040 5.786693 -20.667217 0.142040 5.786693 -20.667217 0.363271 5.565461 -20.149616 0.000000 6.065461 -20.667217 0.000000 6.065461 -20.149616 -0.048943 6.374478 -20.667217 -0.048943 6.374478 -20.149616 0.000000 6.683495 -20.667217 0.000000 6.683495 -20.149616 0.142040 6.962264 -20.667217 0.142040 6.962264 -20.149616 0.363271 7.183495 -20.667217 0.363271 7.183495 -20.149616 0.363271 7.183495 -20.149616 0.642040 7.325536 -20.667217 0.642040 7.325536 -20.667217 0.363271 7.183495 -20.149616 0.951057 7.374478 -20.667217 0.951057 7.374478 -20.149616 1.260074 7.325536 -20.667217 1.260074 7.325536 -20.149616 1.538842 7.183495 -20.667217 1.538842 7.183495 -20.149616 1.538842 7.183495 -20.149616 1.760074 6.962264 -20.667217 1.760074 6.962264 -20.667217 1.538842 7.183495 -20.149616 1.902113 6.683495 -20.667217 1.902113 6.683495 -20.590973 1.339034 6.248416 -20.590973 1.281090 6.134694 -20.590973 1.190840 6.044444 -20.590973 1.077118 5.986501 -20.590973 0.951057 5.966535 -20.590973 0.824995 5.986501 -20.590973 0.711273 6.044444 -20.590973 0.621023 6.134694 -20.590973 0.563079 6.248416 -20.590973 0.543113 6.374478 -20.590973 0.563079 6.500541 -20.590973 0.621023 6.614263 -20.590973 0.711273 6.704513 -20.590973 0.824995 6.762456 -20.590973 0.951057 6.782422 -20.590973 1.077118 6.762456 -20.590973 1.190840 6.704513 -20.590973 1.281090 6.614263 
						-20.590973 1.339034 6.500541 -20.590973 1.359001 6.374478 -20.149616 1.902114 6.065461 -20.149616 1.951057 6.374478 -20.066803 1.861519 6.374478 -20.066803 1.816959 6.093129 -20.149616 1.951057 6.374478 -20.149616 1.902113 6.683495 -20.066803 1.816958 6.655827 -20.066803 1.861519 6.374478 -20.149616 1.902113 6.683495 -20.149616 1.760074 6.962264 -20.066803 1.687636 6.909635 -20.066803 1.816958 6.655827 -20.149616 1.760074 6.962264 -20.149616 1.538842 7.183495 -20.066803 1.486213 7.111058 -20.066803 1.687636 6.909635 -20.149616 1.538842 7.183495 -20.149616 1.260074 7.325536 -20.066803 1.232405 7.240380 -20.066803 1.486213 7.111058 -20.149616 1.260074 7.325536 -20.149616 0.951057 7.374478 -20.066803 0.951057 7.284942 -20.066803 1.232405 7.240380 -20.149616 0.951057 7.374478 -20.149616 0.642040 7.325536 -20.066803 0.669708 7.240380 -20.066803 0.951057 7.284942 -20.149616 0.642040 7.325536 -20.149616 0.363271 7.183495 -20.066803 0.415900 7.111058 -20.066803 0.669708 7.240380 -20.149616 0.363271 7.183495 -20.149616 0.142040 6.962264 -20.066803 0.214477 6.909635 -20.066803 0.415900 7.111058 -20.149616 0.142040 6.962264 -20.149616 0.000000 6.683495 -20.066803 0.085155 6.655827 -20.066803 0.214477 6.909635 -20.149616 0.000000 6.683495 -20.149616 -0.048943 6.374478 -20.066803 0.040594 6.374478 -20.066803 0.085155 6.655827 -20.149616 -0.048943 6.374478 -20.149616 0.000000 6.065461 -20.066803 0.085155 6.093129 -20.066803 0.040594 6.374478 -20.149616 0.000000 6.065461 -20.149616 0.142040 5.786693 -20.066803 0.214477 5.839322 -20.066803 0.085155 6.093129 -20.149616 0.142040 5.786693 -20.149616 0.363271 5.565461 -20.066803 0.415900 5.637898 -20.066803 0.214477 5.839322 -20.149616 0.363271 5.565461 -20.149616 0.642040 5.423421 -20.066803 0.669708 5.508576 -20.066803 0.415900 5.637898 -20.149616 0.642040 5.423421 -20.149616 0.951057 5.374478 
						-20.066803 0.951057 5.464015 -20.066803 0.669708 5.508576 -20.149616 0.951057 5.374478 -20.149616 1.260074 5.423421 -20.066803 1.232405 5.508576 -20.066803 0.951057 5.464015 -20.149616 1.260074 5.423421 -20.149616 1.538842 5.565461 -20.066803 1.486213 5.637898 -20.066803 1.232405 5.508576 -20.149616 1.538842 5.565461 -20.149616 1.760074 5.786693 -20.066803 1.687637 5.839322 -20.066803 1.486213 5.637898 -20.149616 1.760074 5.786693 -20.149616 1.902114 6.065461 -20.066803 1.816959 6.093129 -20.066803 1.687637 5.839322 -20.667217 1.902114 6.065461 -20.667217 1.760074 5.786693 -20.750031 1.687637 5.839322 -20.750031 1.816959 6.093129 -20.667217 1.760074 5.786693 -20.667217 1.538842 5.565461 -20.750031 1.486213 5.637898 -20.750031 1.687637 5.839322 -20.667217 1.538842 5.565461 -20.667217 1.260074 5.423421 -20.750031 1.232405 5.508576 -20.750031 1.486213 5.637898 -20.667217 1.260074 5.423421 -20.667217 0.951057 5.374478 -20.750031 0.951057 5.464015 -20.750031 1.232405 5.508576 -20.667217 0.951057 5.374478 -20.667217 0.642040 5.423421 -20.750031 0.669708 5.508576 -20.750031 0.951057 5.464015 -20.667217 0.642040 5.423421 -20.667217 0.363271 5.565461 -20.750031 0.415900 5.637898 -20.750031 0.669708 5.508576 -20.667217 0.363271 5.565461 -20.667217 0.142040 5.786693 -20.750031 0.214477 5.839322 -20.750031 0.415900 5.637898 -20.667217 0.142040 5.786693 -20.667217 0.000000 6.065461 -20.750031 0.085155 6.093129 -20.750031 0.214477 5.839322 -20.667217 0.000000 6.065461 -20.667217 -0.048943 6.374478 -20.750031 0.040594 6.374478 -20.750031 0.085155 6.093129 -20.667217 -0.048943 6.374478 -20.667217 0.000000 6.683495 -20.750031 0.085155 6.655827 -20.750031 0.040594 6.374478 -20.667217 0.000000 6.683495 -20.667217 0.142040 6.962264 -20.750031 0.214477 6.909635 -20.750031 0.085155 6.655827 -20.667217 0.142040 6.962264 -20.667217 0.363271 7.183495 
						-20.750031 0.415900 7.111058 -20.750031 0.214477 6.909635 -20.667217 0.363271 7.183495 -20.667217 0.642040 7.325536 -20.750031 0.669708 7.240380 -20.750031 0.415900 7.111058 -20.667217 0.642040 7.325536 -20.667217 0.951057 7.374478 -20.750031 0.951057 7.284942 -20.750031 0.669708 7.240380 -20.667217 0.951057 7.374478 -20.667217 1.260074 7.325536 -20.750031 1.232405 7.240380 -20.750031 0.951057 7.284942 -20.667217 1.260074 7.325536 -20.667217 1.538842 7.183495 -20.750031 1.486213 7.111058 -20.750031 1.232405 7.240380 -20.667217 1.538842 7.183495 -20.667217 1.760074 6.962264 -20.750031 1.687636 6.909635 -20.750031 1.486213 7.111058 -20.667217 1.760074 6.962264 -20.667217 1.902113 6.683495 -20.750031 1.816958 6.655827 -20.750031 1.687636 6.909635 -20.667217 1.902113 6.683495 -20.667217 1.951057 6.374478 -20.750031 1.861519 6.374478 -20.750031 1.816958 6.655827 -20.667217 1.951057 6.374478 -20.667217 1.902114 6.065461 -20.750031 1.816959 6.093129 -20.750031 1.861519 6.374478 -20.066803 1.816959 6.093129 -20.066803 1.861519 6.374478 -20.066803 1.116753 6.374478 -20.066803 1.108643 6.323276 -20.066803 1.816958 6.655827 -20.066803 1.108643 6.425681 -20.066803 1.687636 6.909635 -20.066803 1.085108 6.471871 -20.066803 1.486213 7.111058 -20.066803 1.048451 6.508531 -20.066803 1.232405 7.240380 -20.066803 1.002260 6.532065 -20.066803 0.951057 7.284942 -20.066803 0.951057 6.540175 -20.066803 0.669708 7.240380 -20.066803 0.899854 6.532065 -20.066803 0.415900 7.111058 -20.066803 0.853663 6.508531 -20.066803 0.214477 6.909635 -20.066803 0.817005 6.471871 -20.066803 0.085155 6.655827 -20.066803 0.793470 6.425681 -20.066803 0.040594 6.374478 -20.066803 0.785360 6.374478 -20.066803 0.085155 6.093129 -20.066803 0.793470 6.323276 -20.066803 0.214477 5.839322 -20.066803 0.817005 6.277085 -20.066803 0.415900 5.637898 -20.066803 0.853663 6.240426 
						-20.066803 0.669708 5.508576 -20.066803 0.899854 6.216891 -20.066803 0.951057 5.464015 -20.066803 0.951057 6.208781 -20.066803 1.232405 5.508576 -20.066803 1.002260 6.216891 -20.066803 1.486213 5.637898 -20.066803 1.048451 6.240426 -20.066803 1.687637 5.839322 -20.066803 1.085108 6.277085 -20.066803 1.108643 6.323276 -20.066803 1.116753 6.374478 -17.495342 1.116753 6.374478 -17.495342 1.108643 6.323276 -20.066803 1.116753 6.374478 -20.066803 1.108643 6.425681 -17.495342 1.108643 6.425681 -17.495342 1.116753 6.374478 -20.066803 1.108643 6.425681 -20.066803 1.085108 6.471871 -17.495342 1.085108 6.471871 -17.495342 1.108643 6.425681 -20.066803 1.085108 6.471871 -20.066803 1.048451 6.508531 -17.495342 1.048451 6.508531 -17.495342 1.085108 6.471871 -20.066803 1.048451 6.508531 -20.066803 1.002260 6.532065 -17.495342 1.002260 6.532065 -17.495342 1.048451 6.508531 -20.066803 1.002260 6.532065 -20.066803 0.951057 6.540175 -17.495342 0.951057 6.540175 -17.495342 1.002260 6.532065 -20.066803 0.951057 6.540175 -20.066803 0.899854 6.532065 -17.495342 0.899854 6.532065 -17.495342 0.951057 6.540175 -20.066803 0.899854 6.532065 -20.066803 0.853663 6.508531 -17.495342 0.853663 6.508531 -17.495342 0.899854 6.532065 -20.066803 0.853663 6.508531 -20.066803 0.817005 6.471871 -17.495342 0.817005 6.471871 -17.495342 0.853663 6.508531 -20.066803 0.817005 6.471871 -20.066803 0.793470 6.425681 -17.495342 0.793470 6.425681 -17.495342 0.817005 6.471871 -20.066803 0.793470 6.425681 -20.066803 0.785360 6.374478 -17.495342 0.785360 6.374478 -17.495342 0.793470 6.425681 -20.066803 0.785360 6.374478 -20.066803 0.793470 6.323276 -17.495342 0.793470 6.323276 -17.495342 0.785360 6.374478 -20.066803 0.793470 6.323276 -20.066803 0.817005 6.277085 -17.495342 0.817005 6.277085 -17.495342 0.793470 6.323276 -20.066803 0.817005 6.277085 -20.066803 0.853663 6.240426 
						-17.495342 0.853663 6.240426 -17.495342 0.817005 6.277085 -20.066803 0.853663 6.240426 -20.066803 0.899854 6.216891 -17.495342 0.899854 6.216891 -17.495342 0.853663 6.240426 -20.066803 0.899854 6.216891 -20.066803 0.951057 6.208781 -17.495342 0.951057 6.208781 -17.495342 0.899854 6.216891 -20.066803 0.951057 6.208781 -20.066803 1.002260 6.216891 -17.495342 1.002260 6.216891 -17.495342 0.951057 6.208781 -20.066803 1.002260 6.216891 -20.066803 1.048451 6.240426 -17.495342 1.048451 6.240426 -17.495342 1.002260 6.216891 -20.066803 1.048451 6.240426 -20.066803 1.085108 6.277085 -17.495342 1.085108 6.277085 -17.495342 1.048451 6.240426 -20.066803 1.085108 6.277085 -20.066803 1.108643 6.323276 -17.495342 1.108643 6.323276 -17.495342 1.085108 6.277085 -13.555338 1.902114 6.065461 -13.037731 1.902114 6.065461 -13.037731 1.760074 5.786693 -13.555338 1.760074 5.786693 -13.037731 1.538842 5.565461 -13.555338 1.538842 5.565461 -13.555338 1.538842 5.565461 -13.037731 1.538842 5.565461 -13.037731 1.260074 5.423421 -13.555338 1.260074 5.423421 -13.037731 0.951057 5.374478 -13.555338 0.951057 5.374478 -13.037731 0.642040 5.423421 -13.555338 0.642040 5.423421 -13.037731 0.363271 5.565461 -13.555338 0.363271 5.565461 -13.555338 0.363271 5.565461 -13.037731 0.363271 5.565461 -13.037731 0.142040 5.786693 -13.555338 0.142040 5.786693 -13.037731 0.000000 6.065461 -13.555338 0.000000 6.065461 -13.037731 -0.048943 6.374478 -13.555338 -0.048943 6.374478 -13.037731 0.000000 6.683495 -13.555338 0.000000 6.683495 -13.037731 0.142040 6.962264 -13.555338 0.142040 6.962264 -13.037731 0.363271 7.183495 -13.555338 0.363271 7.183495 -13.555338 0.363271 7.183495 -13.037731 0.363271 7.183495 -13.037731 0.642040 7.325536 -13.555338 0.642040 7.325536 -13.037731 0.951057 7.374478 -13.555338 0.951057 7.374478 -13.037731 1.260074 7.325536 -13.555338 1.260074 7.325536 
						-13.037731 1.538842 7.183495 -13.555338 1.538842 7.183495 -13.555338 1.538842 7.183495 -13.037731 1.538842 7.183495 -13.037731 1.760074 6.962264 -13.555338 1.760074 6.962264 -13.037731 1.902113 6.683495 -13.555338 1.902113 6.683495 -13.113976 1.339034 6.248416 -13.113976 1.359001 6.374478 -13.113976 1.339034 6.500541 -13.113976 1.281090 6.614263 -13.113976 1.190840 6.704513 -13.113976 1.077118 6.762456 -13.113976 0.951057 6.782422 -13.113976 0.824995 6.762456 -13.113976 0.711273 6.704513 -13.113976 0.621023 6.614263 -13.113976 0.563079 6.500541 -13.113976 0.543113 6.374478 -13.113976 0.563079 6.248416 -13.113976 0.621023 6.134694 -13.113976 0.711273 6.044444 -13.113976 0.824995 5.986501 -13.113976 0.951057 5.966535 -13.113976 1.077118 5.986501 -13.113976 1.190840 6.044444 -13.113976 1.281090 6.134694 -13.555338 1.902114 6.065461 -13.638148 1.816959 6.093129 -13.638148 1.861519 6.374478 -13.555338 1.951057 6.374478 -13.555338 1.951057 6.374478 -13.638148 1.861519 6.374478 -13.638148 1.816958 6.655827 -13.555338 1.902113 6.683495 -13.555338 1.902113 6.683495 -13.638148 1.816958 6.655827 -13.638148 1.687636 6.909635 -13.555338 1.760074 6.962264 -13.555338 1.760074 6.962264 -13.638148 1.687636 6.909635 -13.638148 1.486213 7.111058 -13.555338 1.538842 7.183495 -13.555338 1.538842 7.183495 -13.638148 1.486213 7.111058 -13.638148 1.232405 7.240380 -13.555338 1.260074 7.325536 -13.555338 1.260074 7.325536 -13.638148 1.232405 7.240380 -13.638148 0.951057 7.284942 -13.555338 0.951057 7.374478 -13.555338 0.951057 7.374478 -13.638148 0.951057 7.284942 -13.638148 0.669708 7.240380 -13.555338 0.642040 7.325536 -13.555338 0.642040 7.325536 -13.638148 0.669708 7.240380 -13.638148 0.415900 7.111058 -13.555338 0.363271 7.183495 -13.555338 0.363271 7.183495 -13.638148 0.415900 7.111058 -13.638148 0.214477 6.909635 -13.555338 0.142040 6.962264 
						-13.555338 0.142040 6.962264 -13.638148 0.214477 6.909635 -13.638148 0.085155 6.655827 -13.555338 0.000000 6.683495 -13.555338 0.000000 6.683495 -13.638148 0.085155 6.655827 -13.638148 0.040594 6.374478 -13.555338 -0.048943 6.374478 -13.555338 -0.048943 6.374478 -13.638148 0.040594 6.374478 -13.638148 0.085155 6.093129 -13.555338 0.000000 6.065461 -13.555338 0.000000 6.065461 -13.638148 0.085155 6.093129 -13.638148 0.214477 5.839322 -13.555338 0.142040 5.786693 -13.555338 0.142040 5.786693 -13.638148 0.214477 5.839322 -13.638148 0.415900 5.637898 -13.555338 0.363271 5.565461 -13.555338 0.363271 5.565461 -13.638148 0.415900 5.637898 -13.638148 0.669708 5.508576 -13.555338 0.642040 5.423421 -13.555338 0.642040 5.423421 -13.638148 0.669708 5.508576 -13.638148 0.951057 5.464015 -13.555338 0.951057 5.374478 -13.555338 0.951057 5.374478 -13.638148 0.951057 5.464015 -13.638148 1.232405 5.508576 -13.555338 1.260074 5.423421 -13.555338 1.260074 5.423421 -13.638148 1.232405 5.508576 -13.638148 1.486213 5.637898 -13.555338 1.538842 5.565461 -13.555338 1.538842 5.565461 -13.638148 1.486213 5.637898 -13.638148 1.687637 5.839322 -13.555338 1.760074 5.786693 -13.555338 1.760074 5.786693 -13.638148 1.687637 5.839322 -13.638148 1.816959 6.093129 -13.555338 1.902114 6.065461 -13.037731 1.902114 6.065461 -12.954920 1.816959 6.093129 -12.954920 1.687637 5.839322 -13.037731 1.760074 5.786693 -13.037731 1.760074 5.786693 -12.954920 1.687637 5.839322 -12.954920 1.486213 5.637898 -13.037731 1.538842 5.565461 -13.037731 1.538842 5.565461 -12.954920 1.486213 5.637898 -12.954920 1.232405 5.508576 -13.037731 1.260074 5.423421 -13.037731 1.260074 5.423421 -12.954920 1.232405 5.508576 -12.954920 0.951057 5.464015 -13.037731 0.951057 5.374478 -13.037731 0.951057 5.374478 -12.954920 0.951057 5.464015 -12.954920 0.669708 5.508576 -13.037731 0.642040 5.423421 
						-13.037731 0.642040 5.423421 -12.954920 0.669708 5.508576 -12.954920 0.415900 5.637898 -13.037731 0.363271 5.565461 -13.037731 0.363271 5.565461 -12.954920 0.415900 5.637898 -12.954920 0.214477 5.839322 -13.037731 0.142040 5.786693 -13.037731 0.142040 5.786693 -12.954920 0.214477 5.839322 -12.954920 0.085155 6.093129 -13.037731 0.000000 6.065461 -13.037731 0.000000 6.065461 -12.954920 0.085155 6.093129 -12.954920 0.040594 6.374478 -13.037731 -0.048943 6.374478 -13.037731 -0.048943 6.374478 -12.954920 0.040594 6.374478 -12.954920 0.085155 6.655827 -13.037731 0.000000 6.683495 -13.037731 0.000000 6.683495 -12.954920 0.085155 6.655827 -12.954920 0.214477 6.909635 -13.037731 0.142040 6.962264 -13.037731 0.142040 6.962264 -12.954920 0.214477 6.909635 -12.954920 0.415900 7.111058 -13.037731 0.363271 7.183495 -13.037731 0.363271 7.183495 -12.954920 0.415900 7.111058 -12.954920 0.669708 7.240380 -13.037731 0.642040 7.325536 -13.037731 0.642040 7.325536 -12.954920 0.669708 7.240380 -12.954920 0.951057 7.284942 -13.037731 0.951057 7.374478 -13.037731 0.951057 7.374478 -12.954920 0.951057 7.284942 -12.954920 1.232405 7.240380 -13.037731 1.260074 7.325536 -13.037731 1.260074 7.325536 -12.954920 1.232405 7.240380 -12.954920 1.486213 7.111058 -13.037731 1.538842 7.183495 -13.037731 1.538842 7.183495 -12.954920 1.486213 7.111058 -12.954920 1.687636 6.909635 -13.037731 1.760074 6.962264 -13.037731 1.760074 6.962264 -12.954920 1.687636 6.909635 -12.954920 1.816958 6.655827 -13.037731 1.902113 6.683495 -13.037731 1.902113 6.683495 -12.954920 1.816958 6.655827 -12.954920 1.861519 6.374478 -13.037731 1.951057 6.374478 -13.037731 1.951057 6.374478 -12.954920 1.861519 6.374478 -12.954920 1.816959 6.093129 -13.037731 1.902114 6.065461 -13.638148 1.816959 6.093129 -13.638148 1.108643 6.323276 -13.638148 1.116753 6.374478 -13.638148 1.861519 6.374478 
						-13.638148 1.116753 6.374478 -13.638148 1.108643 6.425681 -13.638148 1.816958 6.655827 -13.638148 1.816958 6.655827 -13.638148 1.108643 6.425681 -13.638148 1.085108 6.471871 -13.638148 1.687636 6.909635 -13.638148 1.085108 6.471871 -13.638148 1.048451 6.508531 -13.638148 1.486213 7.111058 -13.638148 1.002260 6.532065 -13.638148 1.232405 7.240380 -13.638148 1.232405 7.240380 -13.638148 1.002260 6.532065 -13.638148 0.951057 6.540175 -13.638148 0.951057 7.284942 -13.638148 0.951057 7.284942 -13.638148 0.951057 6.540175 -13.638148 0.899854 6.532065 -13.638148 0.669708 7.240380 -13.638148 0.669708 7.240380 -13.638148 0.899854 6.532065 -13.638148 0.853663 6.508531 -13.638148 0.415900 7.111058 -13.638148 0.415900 7.111058 -13.638148 0.853663 6.508531 -13.638148 0.817005 6.471871 -13.638148 0.214477 6.909635 -13.638148 0.793470 6.425681 -13.638148 0.085155 6.655827 -13.638148 0.785360 6.374478 -13.638148 0.040594 6.374478 -13.638148 0.793470 6.323276 -13.638148 0.085155 6.093129 -13.638148 0.817005 6.277085 -13.638148 0.214477 5.839322 -13.638148 0.214477 5.839322 -13.638148 0.817005 6.277085 -13.638148 0.853663 6.240426 -13.638148 0.415900 5.637898 -13.638148 0.415900 5.637898 -13.638148 0.853663 6.240426 -13.638148 0.899854 6.216891 -13.638148 0.669708 5.508576 -13.638148 0.951057 6.208781 -13.638148 0.951057 5.464015 -13.638148 1.002260 6.216891 -13.638148 1.232405 5.508576 -13.638148 1.048451 6.240426 -13.638148 1.486213 5.637898 -13.638148 1.085108 6.277085 -13.638148 1.687637 5.839322 -13.638148 1.085108 6.277085 -13.638148 1.108643 6.323276 -16.209610 1.108643 6.323276 -16.209610 1.116753 6.374478 -13.638148 1.116753 6.374478 -13.638148 1.116753 6.374478 -16.209610 1.116753 6.374478 -16.209610 1.108643 6.425681 -13.638148 1.108643 6.425681 -13.638148 1.108643 6.425681 -16.209610 1.108643 6.425681 -16.209610 1.085108 6.471871 
						-13.638148 1.085108 6.471871 -13.638148 1.085108 6.471871 -16.209610 1.085108 6.471871 -16.209610 1.048451 6.508531 -13.638148 1.048451 6.508531 -13.638148 1.048451 6.508531 -16.209610 1.048451 6.508531 -16.209610 1.002260 6.532065 -13.638148 1.002260 6.532065 -13.638148 1.002260 6.532065 -16.209610 1.002260 6.532065 -16.209610 0.951057 6.540175 -13.638148 0.951057 6.540175 -13.638148 0.951057 6.540175 -16.209610 0.951057 6.540175 -16.209610 0.899854 6.532065 -13.638148 0.899854 6.532065 -13.638148 0.899854 6.532065 -16.209610 0.899854 6.532065 -16.209610 0.853663 6.508531 -13.638148 0.853663 6.508531 -13.638148 0.853663 6.508531 -16.209610 0.853663 6.508531 -16.209610 0.817005 6.471871 -13.638148 0.817005 6.471871 -13.638148 0.817005 6.471871 -16.209610 0.817005 6.471871 -16.209610 0.793470 6.425681 -13.638148 0.793470 6.425681 -13.638148 0.793470 6.425681 -16.209610 0.793470 6.425681 -16.209610 0.785360 6.374478 -13.638148 0.785360 6.374478 -13.638148 0.785360 6.374478 -16.209610 0.785360 6.374478 -16.209610 0.793470 6.323276 -13.638148 0.793470 6.323276 -13.638148 0.793470 6.323276 -16.209610 0.793470 6.323276 -16.209610 0.817005 6.277085 -13.638148 0.817005 6.277085 -13.638148 0.817005 6.277085 -16.209610 0.817005 6.277085 -16.209610 0.853663 6.240426 -13.638148 0.853663 6.240426 -13.638148 0.853663 6.240426 -16.209610 0.853663 6.240426 -16.209610 0.899854 6.216891 -13.638148 0.899854 6.216891 -13.638148 0.899854 6.216891 -16.209610 0.899854 6.216891 -16.209610 0.951057 6.208781 -13.638148 0.951057 6.208781 -13.638148 0.951057 6.208781 -16.209610 0.951057 6.208781 -16.209610 1.002260 6.216891 -13.638148 1.002260 6.216891 -13.638148 1.002260 6.216891 -16.209610 1.002260 6.216891 -16.209610 1.048451 6.240426 -13.638148 1.048451 6.240426 -13.638148 1.048451 6.240426 -16.209610 1.048451 6.240426 -16.209610 1.085108 6.277085 
						-13.638148 1.085108 6.277085 -13.638148 1.085108 6.277085 -16.209610 1.085108 6.277085 -16.209610 1.108643 6.323276 -13.638148 1.108643 6.323276 -20.750031 1.816959 6.093129 -20.750031 1.687637 5.839322 -20.449780 1.281090 6.134694 -20.449780 1.339034 6.248416 -20.750031 1.486213 5.637898 -20.449780 1.190840 6.044444 -20.750031 1.486213 5.637898 -20.750031 1.232405 5.508576 -20.449780 1.077118 5.986501 -20.449780 1.190840 6.044444 -20.750031 0.951057 5.464015 -20.449780 0.951057 5.966535 -20.750031 0.669708 5.508576 -20.449780 0.824995 5.986501 -20.750031 0.415900 5.637898 -20.449780 0.711273 6.044444 -20.750031 0.415900 5.637898 -20.750031 0.214477 5.839322 -20.449780 0.621023 6.134694 -20.449780 0.711273 6.044444 -20.750031 0.085155 6.093129 -20.449780 0.563079 6.248416 -20.750031 0.040594 6.374478 -20.449780 0.543113 6.374478 -20.750031 0.085155 6.655827 -20.449780 0.563079 6.500541 -20.750031 0.214477 6.909635 -20.449780 0.621023 6.614263 -20.750031 0.415900 7.111058 -20.449780 0.711273 6.704513 -20.750031 0.415900 7.111058 -20.750031 0.669708 7.240380 -20.449780 0.824995 6.762456 -20.449780 0.711273 6.704513 -20.750031 0.951057 7.284942 -20.449780 0.951057 6.782422 -20.750031 1.232405 7.240380 -20.449780 1.077118 6.762456 -20.750031 1.486213 7.111058 -20.449780 1.190840 6.704513 -20.750031 1.486213 7.111058 -20.750031 1.687636 6.909635 -20.449780 1.281090 6.614263 -20.449780 1.190840 6.704513 -20.750031 1.816958 6.655827 -20.449780 1.339034 6.500541 -20.750031 1.861519 6.374478 -20.449780 1.359001 6.374478 -12.954920 1.816959 6.093129 -12.954920 1.861519 6.374478 -13.255171 1.359001 6.374478 -13.255171 1.339034 6.248416 -12.954920 1.816958 6.655827 -13.255171 1.339034 6.500541 -12.954920 1.687636 6.909635 -13.255171 1.281090 6.614263 -12.954920 1.486213 7.111058 -13.255171 1.190840 6.704513 -12.954920 1.486213 7.111058 
						-12.954920 1.232405 7.240380 -13.255171 1.077118 6.762456 -13.255171 1.190840 6.704513 -12.954920 0.951057 7.284942 -13.255171 0.951057 6.782422 -12.954920 0.669708 7.240380 -13.255171 0.824995 6.762456 -12.954920 0.415900 7.111058 -13.255171 0.711273 6.704513 -12.954920 0.415900 7.111058 -12.954920 0.214477 6.909635 -13.255171 0.621023 6.614263 -13.255171 0.711273 6.704513 -12.954920 0.085155 6.655827 -13.255171 0.563079 6.500541 -12.954920 0.040594 6.374478 -13.255171 0.543113 6.374478 -12.954920 0.085155 6.093129 -13.255171 0.563079 6.248416 -12.954920 0.214477 5.839322 -13.255171 0.621023 6.134694 -12.954920 0.415900 5.637898 -13.255171 0.711273 6.044444 -12.954920 0.415900 5.637898 -12.954920 0.669708 5.508576 -13.255171 0.824995 5.986501 -13.255171 0.711273 6.044444 -12.954920 0.951057 5.464015 -13.255171 0.951057 5.966535 -12.954920 1.232405 5.508576 -13.255171 1.077118 5.986501 -12.954920 1.486213 5.637898 -13.255171 1.190840 6.044444 -12.954920 1.486213 5.637898 -12.954920 1.687637 5.839322 -13.255171 1.281090 6.134694 -13.255171 1.190840 6.044444 -14.018757 1.612060 6.499413 -14.018757 1.612061 6.374478 -14.302122 1.612061 6.374478 -14.302122 1.612060 6.499413 -14.018757 1.612060 6.612119 -14.018757 1.612060 6.499413 -14.302122 1.612060 6.499413 -14.302122 1.612060 6.612119 -14.018757 1.612059 6.701568 -14.018757 1.612060 6.612119 -14.302122 1.612060 6.612119 -14.302122 1.612059 6.701568 -14.018757 1.612057 6.758992 -14.018757 1.612059 6.701568 -14.302122 1.612059 6.701568 -14.302122 1.612057 6.758992 -16.273895 1.002260 6.532065 -16.273895 0.951057 6.540175 -16.273895 0.951057 6.540175 -16.273895 0.899854 6.532065 -16.273895 0.899854 6.532065 -16.273895 0.853663 6.508531 -16.273895 0.853663 6.508531 -16.273895 0.817005 6.471871 -16.273895 0.817005 6.471871 -16.273895 0.793470 6.425681 -16.273895 0.793470 6.425681 
						-16.273895 0.785360 6.374478 -16.273895 0.785360 6.374478 -16.273895 0.793470 6.323276 -16.273895 0.793470 6.323276 -16.273895 0.817005 6.277085 -16.273895 0.817005 6.277085 -16.273895 0.853663 6.240426 -16.273895 0.853663 6.240426 -16.273895 0.899854 6.216891 -16.273895 0.899854 6.216891 -16.273895 0.951057 6.208781 -16.273895 0.951057 6.208781 -16.273895 1.002260 6.216891 -14.018757 1.612059 6.047389 -14.018757 1.612058 5.989964 -14.302122 1.612058 5.989964 -14.302122 1.612059 6.047389 -14.018757 1.612060 6.136838 -14.018757 1.612059 6.047389 -14.302122 1.612059 6.047389 -14.302122 1.612060 6.136838 -14.018757 1.612060 6.249543 -14.018757 1.612060 6.136838 -14.302122 1.612060 6.136838 -14.302122 1.612060 6.249543 -14.018757 1.612061 6.374478 -14.018757 1.612060 6.249543 -14.302122 1.612060 6.249543 -14.302122 1.612061 6.374478 -19.686192 1.612060 6.249543 -19.686192 1.612061 6.374478 -19.402824 1.612061 6.374478 -19.402824 1.612060 6.249543 -19.686192 1.612060 6.136838 -19.686192 1.612060 6.249543 -19.402824 1.612060 6.249543 -19.402824 1.612060 6.136838 -19.686192 1.612059 6.047389 -19.686192 1.612060 6.136838 -19.402824 1.612060 6.136838 -19.402824 1.612059 6.047389 -19.686192 1.612058 5.989964 -19.686192 1.612059 6.047389 -19.402824 1.612059 6.047389 -19.402824 1.612058 5.989964 -17.431055 1.002260 6.216891 -17.431055 0.951057 6.208781 -17.431055 0.951057 6.208781 -17.431055 0.899854 6.216891 -17.431055 0.899854 6.216891 -17.431055 0.853663 6.240426 -17.431055 0.853663 6.240426 -17.431055 0.817005 6.277085 -17.431055 0.817005 6.277085 -17.431055 0.793470 6.323276 -17.431055 0.793470 6.323276 -17.431055 0.785360 6.374478 -17.431055 0.785360 6.374478 -17.431055 0.793470 6.425681 -17.431055 0.793470 6.425681 -17.431055 0.817005 6.471871 -17.431055 0.817005 6.471871 -17.431055 0.853663 6.508531 -17.431055 0.853663 6.508531 
						-17.431055 0.899854 6.532065 -17.431055 0.899854 6.532065 -17.431055 0.951057 6.540175 -17.431055 0.951057 6.540175 -17.431055 1.002260 6.532065 -19.686192 1.612059 6.701568 -19.686192 1.612057 6.758992 -19.402824 1.612057 6.758992 -19.402824 1.612059 6.701568 -19.686192 1.612060 6.612119 -19.686192 1.612059 6.701568 -19.402824 1.612059 6.701568 -19.402824 1.612060 6.612119 -19.686192 1.612060 6.499413 -19.686192 1.612060 6.612119 -19.402824 1.612060 6.612119 -19.402824 1.612060 6.499413 -19.686192 1.612061 6.374478 -19.686192 1.612060 6.499413 -19.402824 1.612060 6.499413 -19.402824 1.612061 6.374478 -16.209610 1.108643 6.425681 -16.209610 1.116753 6.374478 -16.209610 1.291245 6.374478 -16.209610 1.291245 6.425681 -16.209610 1.085108 6.471871 -16.209610 1.291244 6.471871 -16.209610 1.048451 6.508531 -16.209610 1.291244 6.508531 -16.209610 1.002260 6.532065 -16.209610 1.291244 6.532065 -16.273895 1.291244 6.532065 -16.273895 1.002260 6.532065 -16.209610 1.002260 6.532065 -16.209610 1.291244 6.532065 -16.209610 1.048451 6.240426 -16.209610 1.002260 6.216891 -16.209610 1.291244 6.216891 -16.209610 1.291244 6.240426 -16.209610 1.002260 6.216891 -16.273895 1.002260 6.216891 -16.273895 1.291244 6.216891 -16.209610 1.291244 6.216891 -16.209610 1.085108 6.277085 -16.209610 1.291245 6.277085 -16.209610 1.108643 6.323276 -16.209610 1.291245 6.323276 -17.495342 1.108643 6.323276 -17.495342 1.116753 6.374478 -17.495342 1.291245 6.374478 -17.495342 1.291245 6.323276 -17.495342 1.085108 6.277085 -17.495342 1.291245 6.277085 -17.495342 1.048451 6.240426 -17.495342 1.291244 6.240426 -17.495342 1.002260 6.216891 -17.495342 1.291244 6.216891 -17.431055 1.291244 6.216891 -17.431055 1.002260 6.216891 -17.495342 1.002260 6.216891 -17.495342 1.291244 6.216891 -17.495342 1.048451 6.508531 -17.495342 1.002260 6.532065 -17.495342 1.291244 6.532065 
						-17.495342 1.291244 6.508531 -17.495342 1.002260 6.532065 -17.431055 1.002260 6.532065 -17.431055 1.291244 6.532065 -17.495342 1.291244 6.532065 -17.495342 1.085108 6.471871 -17.495342 1.291244 6.471871 -17.495342 1.108643 6.425681 -17.495342 1.291245 6.425681 -16.209610 1.291245 6.425681 -16.209610 1.291245 6.374478 -14.018757 1.291245 6.374478 -14.018757 1.291245 6.499413 -16.209610 1.291244 6.471871 -16.209610 1.291245 6.425681 -14.018757 1.291245 6.499413 -14.018757 1.291244 6.612119 -16.209610 1.291244 6.508531 -16.209610 1.291244 6.471871 -14.018757 1.291244 6.612119 -14.018757 1.291244 6.701568 -16.209610 1.291244 6.532065 -16.209610 1.291244 6.508531 -14.018757 1.291244 6.701568 -14.018757 1.291242 6.758992 -14.302122 1.291242 6.758992 -16.273895 1.291244 6.532065 -16.209610 1.291244 6.532065 -14.018757 1.291242 6.758992 -16.209610 1.291244 6.240426 -16.209610 1.291244 6.216891 -14.018757 1.291243 5.989964 -14.018757 1.291244 6.047389 -16.209610 1.291244 6.216891 -16.273895 1.291244 6.216891 -14.302122 1.291243 5.989964 -14.018757 1.291243 5.989964 -16.209610 1.291245 6.277085 -16.209610 1.291244 6.240426 -14.018757 1.291244 6.047389 -14.018757 1.291245 6.136838 -16.209610 1.291245 6.323276 -16.209610 1.291245 6.277085 -14.018757 1.291245 6.136838 -14.018757 1.291245 6.249543 -16.209610 1.291245 6.323276 -14.018757 1.291245 6.249543 -14.018757 1.291245 6.374478 -17.495342 1.291245 6.323276 -17.495342 1.291245 6.374478 -19.686192 1.291245 6.374478 -19.686192 1.291245 6.249543 -17.495342 1.291245 6.277085 -17.495342 1.291245 6.323276 -19.686192 1.291245 6.249543 -19.686192 1.291245 6.136838 -17.495342 1.291244 6.240426 -17.495342 1.291245 6.277085 -19.686192 1.291245 6.136838 -19.686192 1.291244 6.047389 -17.495342 1.291244 6.216891 -17.495342 1.291244 6.240426 -19.686192 1.291244 6.047389 -19.686192 1.291243 5.989964 
						-19.402824 1.291243 5.989964 -17.431055 1.291244 6.216891 -17.495342 1.291244 6.216891 -19.686192 1.291243 5.989964 -17.495342 1.291244 6.508531 -17.495342 1.291244 6.532065 -19.686192 1.291242 6.758992 -19.686192 1.291244 6.701568 -17.495342 1.291244 6.532065 -17.431055 1.291244 6.532065 -19.402824 1.291242 6.758992 -19.686192 1.291242 6.758992 -17.495342 1.291244 6.471871 -17.495342 1.291244 6.508531 -19.686192 1.291244 6.701568 -19.686192 1.291244 6.612119 -17.495342 1.291245 6.425681 -17.495342 1.291244 6.471871 -19.686192 1.291244 6.612119 -19.686192 1.291245 6.499413 -17.495342 1.291245 6.425681 -19.686192 1.291245 6.499413 -19.686192 1.291245 6.374478 -14.018757 1.291245 6.499413 -14.018757 1.291245 6.374478 -14.018757 1.612061 6.374478 -14.018757 1.612060 6.499413 -14.018757 1.291244 6.612119 -14.018757 1.612060 6.612119 -14.018757 1.291244 6.701568 -14.018757 1.612059 6.701568 -14.018757 1.291242 6.758992 -14.018757 1.612057 6.758992 -14.302122 1.612057 9.025769 -14.302122 1.291242 9.025769 -14.018757 1.291242 9.025769 -14.018757 1.612057 9.025769 -14.018757 1.291244 6.047389 -14.018757 1.291243 5.989964 -14.018757 1.612058 5.989964 -14.018757 1.612059 6.047389 -14.018757 1.291243 3.723187 -14.302122 1.291243 3.723187 -14.302122 1.612058 3.723187 -14.018757 1.612058 3.723187 -14.018757 1.291245 6.136838 -14.018757 1.612060 6.136838 -14.018757 1.291245 6.249543 -14.018757 1.612060 6.249543 -19.686192 1.291245 6.249543 -19.686192 1.291245 6.374478 -19.686192 1.612061 6.374478 -19.686192 1.612060 6.249543 -19.686192 1.291245 6.136838 -19.686192 1.612060 6.136838 -19.686192 1.291244 6.047389 -19.686192 1.612059 6.047389 -19.686192 1.291243 5.989964 -19.686192 1.612058 5.989964 -19.402824 1.612058 3.723187 -19.402824 1.291243 3.723187 -19.686192 1.291243 3.723187 -19.686192 1.612058 3.723187 -19.686192 1.291244 6.701568 
						-19.686192 1.291242 6.758992 -19.686192 1.612057 6.758992 -19.686192 1.612059 6.701568 -19.686192 1.291242 9.025769 -19.402824 1.291242 9.025769 -19.402824 1.612057 9.025769 -19.686192 1.612057 9.025769 -19.686192 1.291244 6.612119 -19.686192 1.612060 6.612119 -19.686192 1.291245 6.499413 -19.686192 1.612060 6.499413 -19.947823 2.025066 6.683495 -19.921093 2.059249 6.691876 -19.921093 1.930155 6.955899 -19.951948 1.904044 6.939166 -19.943056 2.069656 6.374478 -19.921093 2.107828 6.374478 -19.947823 2.025066 6.065461 -19.921093 2.059250 6.057080 -20.873775 2.069656 6.374478 -20.895742 2.107828 6.374478 -20.895742 2.059250 6.057080 -20.869011 2.025066 6.065461 -20.869011 2.025066 6.683495 -20.895742 2.059249 6.691876 -20.864889 1.904044 6.939166 -20.895742 1.930155 6.955899 -19.951948 1.904044 5.809791 -19.921093 1.930156 5.793057 -20.895742 1.930156 5.793057 -20.864889 1.904044 5.809791 -12.835940 2.025066 6.683495 -12.809212 2.059249 6.691876 -12.809212 1.930155 6.955899 -12.840064 1.904044 6.939166 -12.831173 2.069656 6.374478 -12.809212 2.107828 6.374478 -12.835940 2.025066 6.065461 -12.809212 2.059250 6.057080 -13.783856 2.059249 6.691876 -13.757127 2.025066 6.683495 -13.753004 1.904044 6.939166 -13.783856 1.930155 6.955899 -13.783856 2.107828 6.374478 -13.761895 2.069656 6.374478 -13.783856 2.059250 6.057080 -13.757127 2.025066 6.065461 -12.840064 1.904044 5.809791 -12.809212 1.930156 5.793057 -13.783856 1.930156 5.793057 -13.753004 1.904044 5.809791 -19.921093 2.202874 6.673890 -19.951948 2.232591 6.683495 -19.951948 2.103313 6.939166 -19.921093 2.077202 6.922433 -19.921093 2.250297 6.374478 -19.951948 2.281534 6.374478 -19.921093 2.202875 6.075067 -19.951948 2.232591 6.065461 -20.895742 2.250297 6.374478 -20.864889 2.281534 6.374478 -20.864889 2.232591 6.065461 -20.895742 2.202875 6.075067 -20.895742 2.202874 6.673890 
						-20.864889 2.232591 6.683495 -20.895742 2.077202 6.922433 -20.864889 2.103313 6.939166 -19.921093 2.077202 5.826524 -19.951948 2.103313 5.809791 -20.864889 2.103313 5.809791 -20.895742 2.077202 5.826524 -12.809212 2.202874 6.673890 -12.840064 2.232591 6.683495 -12.840064 2.103313 6.939166 -12.809212 2.077202 6.922433 -12.809212 2.250297 6.374478 -12.840064 2.281534 6.374478 -12.809212 2.202875 6.075067 -12.840064 2.232591 6.065461 -13.753004 2.232591 6.683495 -13.783856 2.202874 6.673890 -13.783856 2.077202 6.922433 -13.753004 2.103313 6.939166 -13.753004 2.281534 6.374478 -13.783856 2.250297 6.374478 -13.753004 2.232591 6.065461 -13.783856 2.202875 6.075067 -12.809212 2.077202 5.826524 -12.840064 2.103313 5.809791 -13.753004 2.103313 5.809791 -13.783856 2.077202 5.826524 -19.921093 1.744644 7.189235 -19.951948 1.722723 7.167232 -20.864889 1.722723 7.167232 -20.895742 1.744644 7.189235 -19.951948 1.921992 7.167232 -19.921093 1.900070 7.145228 -20.895742 1.900070 7.145228 -20.864889 1.921992 7.167232 -19.951948 1.722723 5.581725 -19.921093 1.744645 5.559722 -20.895742 1.744645 5.559722 -20.864889 1.722723 5.581725 -20.864889 1.921992 5.581725 -20.895742 1.900070 5.603728 -19.921093 1.900070 5.603728 -19.951948 1.921992 5.581725 -13.753004 1.722723 7.167232 -13.783856 1.744644 7.189235 -12.809212 1.744644 7.189235 -12.840064 1.722723 7.167232 -12.840064 1.921992 7.167232 -12.809212 1.900070 7.145228 -13.783856 1.900070 7.145228 -13.753004 1.921992 7.167232 -13.783856 1.744645 5.559722 -13.753004 1.722723 5.581725 -12.840064 1.722723 5.581725 -12.809212 1.744645 5.559722 -13.753004 1.921992 5.581725 -13.783856 1.900070 5.603728 -12.809212 1.900070 5.603728 -12.840064 1.921992 5.581725 -19.921093 1.529665 7.358840 -19.951948 1.440746 7.389693 -20.864889 1.440746 7.389693 -20.895742 1.529665 7.358840 -19.951948 1.640015 7.389693 
						-19.921093 1.629310 7.358840 -20.895742 1.629310 7.358840 -20.864889 1.640015 7.389693 -19.951948 1.440746 5.359263 -19.921093 1.529666 5.390117 -20.895742 1.529666 5.390117 -20.864889 1.440746 5.359263 -20.864889 1.640016 5.359263 -20.895742 1.629310 5.390117 -19.921093 1.629310 5.390117 -19.951948 1.640016 5.359263 -13.753004 1.440746 7.389693 -13.783856 1.529665 7.358840 -12.809212 1.529665 7.358840 -12.840064 1.440746 7.389693 -12.840064 1.640015 7.389693 -12.809212 1.629310 7.358840 -13.783856 1.629310 7.358840 -13.753004 1.640015 7.389693 -13.783856 1.529666 5.390117 -13.753004 1.440746 5.359263 -12.840064 1.440746 5.359263 -12.809212 1.529666 5.390117 -13.753004 1.640016 5.359263 -13.783856 1.629310 5.390117 -12.809212 1.629310 5.390117 -12.840064 1.640016 5.359263 -19.951948 1.440746 7.389693 -19.921093 1.529665 7.358840 -19.921093 1.629310 7.358840 -19.951948 1.640015 7.389693 -20.895742 1.529665 7.358840 -20.864889 1.440746 7.389693 -20.864889 1.640015 7.389693 -20.895742 1.629310 7.358840 -19.921093 1.529666 5.390117 -19.951948 1.440746 5.359263 -19.951948 1.640016 5.359263 -19.921093 1.629310 5.390117 -20.864889 1.440746 5.359263 -20.895742 1.529666 5.390117 -20.895742 1.629310 5.390117 -20.864889 1.640016 5.359263 -13.783856 1.529665 7.358840 -13.753004 1.440746 7.389693 -13.753004 1.640015 7.389693 -13.783856 1.629310 7.358840 -12.840064 1.440746 7.389693 -12.809212 1.529665 7.358840 -12.809212 1.629310 7.358840 -12.840064 1.640015 7.389693 -13.753004 1.440746 5.359263 -13.783856 1.529666 5.390117 -13.783856 1.629310 5.390117 -13.753004 1.640016 5.359263 -12.809212 1.529666 5.390117 -12.840064 1.440746 5.359263 -12.840064 1.640016 5.359263 -12.809212 1.629310 5.390117 -19.951948 2.232591 6.683495 -19.951948 2.281534 6.374478 -20.864889 2.281534 6.374478 -20.864889 2.232591 6.683495 -19.951948 2.232591 6.065461 
						-20.864889 2.232591 6.065461 -13.753004 2.232591 6.683495 -12.840064 2.232591 6.683495 -12.840064 2.281534 6.374478 -13.753004 2.281534 6.374478 -12.840064 2.232591 6.065461 -13.753004 2.232591 6.065461 -20.149616 1.902113 6.683495 -20.149616 1.951057 6.374478 -20.667217 1.951057 6.374478 -20.667217 1.902113 6.683495 -20.667217 1.902113 6.683495 -20.149616 1.902113 6.683495 -19.947823 2.025066 6.683495 -20.869011 2.025066 6.683495 -20.149616 1.902114 6.065461 -20.149616 1.902114 6.065461 -20.667217 1.902114 6.065461 -20.869011 2.025066 6.065461 -19.947823 2.025066 6.065461 -20.667217 1.902114 6.065461 -13.555338 1.902113 6.683495 -13.037731 1.902113 6.683495 -12.835940 2.025066 6.683495 -13.757127 2.025066 6.683495 -13.037731 1.902113 6.683495 -13.037731 1.951057 6.374478 -13.555338 1.951057 6.374478 -13.555338 1.902113 6.683495 -13.037731 1.902114 6.065461 -13.037731 1.902114 6.065461 -13.555338 1.902114 6.065461 -13.757127 2.025066 6.065461 -12.835940 2.025066 6.065461 -13.555338 1.902114 6.065461 -19.921093 2.059249 6.691876 -19.921093 2.107828 6.374478 -19.921093 2.250297 6.374478 -19.921093 2.202874 6.673890 -20.895742 2.107828 6.374478 -20.895742 2.059249 6.691876 -20.895742 2.202874 6.673890 -20.895742 2.250297 6.374478 -20.864889 1.440746 7.389693 -19.951948 1.440746 7.389693 -19.951948 1.640015 7.389693 -20.864889 1.640015 7.389693 -19.921093 2.059250 6.057080 -19.921093 2.202875 6.075067 -19.951948 1.440746 5.359263 -20.864889 1.440746 5.359263 -20.864889 1.640016 5.359263 -19.951948 1.640016 5.359263 -20.895742 2.059250 6.057080 -20.895742 2.202875 6.075067 -13.753004 1.440746 7.389693 -12.840064 1.440746 7.389693 -12.840064 1.640015 7.389693 -13.753004 1.640015 7.389693 -12.809212 2.059249 6.691876 -12.809212 2.107828 6.374478 -12.809212 2.250297 6.374478 -12.809212 2.202874 6.673890 -13.783856 2.107828 6.374478 
						-13.783856 2.059249 6.691876 -13.783856 2.202874 6.673890 -13.783856 2.250297 6.374478 -12.809212 2.059250 6.057080 -12.809212 2.202875 6.075067 -12.840064 1.440746 5.359263 -13.753004 1.440746 5.359263 -13.753004 1.640016 5.359263 -12.840064 1.640016 5.359263 -13.783856 2.059250 6.057080 -13.783856 2.202875 6.075067 -20.869011 2.025066 6.683495 -19.947823 2.025066 6.683495 -19.951948 1.904044 6.939166 -20.864889 1.904044 6.939166 -19.921093 2.077202 6.922433 -19.921093 1.930155 6.955899 -20.864889 2.103313 6.939166 -19.951948 2.103313 6.939166 -20.895742 1.930155 6.955899 -20.895742 2.077202 6.922433 -19.947823 2.025066 6.065461 -20.869011 2.025066 6.065461 -20.864889 1.904044 5.809791 -19.951948 1.904044 5.809791 -20.895742 2.077202 5.826524 -20.895742 1.930156 5.793057 -19.951948 2.103313 5.809791 -20.864889 2.103313 5.809791 -19.921093 1.930156 5.793057 -19.921093 2.077202 5.826524 -13.757127 2.025066 6.683495 -12.835940 2.025066 6.683495 -12.840064 1.904044 6.939166 -13.753004 1.904044 6.939166 -12.809212 2.077202 6.922433 -12.809212 1.930155 6.955899 -13.753004 2.103313 6.939166 -12.840064 2.103313 6.939166 -13.783856 1.930155 6.955899 -13.783856 2.077202 6.922433 -12.835940 2.025066 6.065461 -13.757127 2.025066 6.065461 -13.753004 1.904044 5.809791 -12.840064 1.904044 5.809791 -13.783856 2.077202 5.826524 -13.783856 1.930156 5.793057 -12.840064 2.103313 5.809791 -13.753004 2.103313 5.809791 -12.809212 1.930156 5.793057 -12.809212 2.077202 5.826524 -19.951948 1.722723 7.167232 -20.864889 1.722723 7.167232 -19.921093 1.900070 7.145228 -19.921093 1.744644 7.189235 -20.864889 1.921992 7.167232 -19.951948 1.921992 7.167232 -20.895742 1.744644 7.189235 -20.895742 1.900070 7.145228 -20.864889 1.722723 5.581725 -19.951948 1.722723 5.581725 -20.895742 1.900070 5.603728 -20.895742 1.744645 5.559722 -19.951948 1.921992 5.581725 
						-20.864889 1.921992 5.581725 -19.921093 1.744645 5.559722 -19.921093 1.900070 5.603728 -12.840064 1.722723 7.167232 -13.753004 1.722723 7.167232 -12.809212 1.900070 7.145228 -12.809212 1.744644 7.189235 -13.753004 1.921992 7.167232 -12.840064 1.921992 7.167232 -13.783856 1.744644 7.189235 -13.783856 1.900070 7.145228 -13.753004 1.722723 5.581725 -12.840064 1.722723 5.581725 -13.783856 1.900070 5.603728 -13.783856 1.744645 5.559722 -12.840064 1.921992 5.581725 -13.753004 1.921992 5.581725 -12.809212 1.744645 5.559722 -12.809212 1.900070 5.603728 -19.951948 1.440746 7.389693 -20.864889 1.440746 7.389693 -19.921093 1.629310 7.358840 -19.921093 1.529665 7.358840 -20.864889 1.640015 7.389693 -19.951948 1.640015 7.389693 -20.895742 1.529665 7.358840 -20.895742 1.629310 7.358840 -20.864889 1.440746 5.359263 -19.951948 1.440746 5.359263 -20.895742 1.629310 5.390117 -20.895742 1.529666 5.390117 -19.951948 1.640016 5.359263 -20.864889 1.640016 5.359263 -19.921093 1.529666 5.390117 -19.921093 1.629310 5.390117 -12.840064 1.440746 7.389693 -13.753004 1.440746 7.389693 -12.809212 1.629310 7.358840 -12.809212 1.529665 7.358840 -13.753004 1.640015 7.389693 -12.840064 1.640015 7.389693 -13.783856 1.529665 7.358840 -13.783856 1.629310 7.358840 -13.753004 1.440746 5.359263 -12.840064 1.440746 5.359263 -13.783856 1.629310 5.390117 -13.783856 1.529666 5.390117 -12.840064 1.640016 5.359263 -13.753004 1.640016 5.359263 -12.809212 1.529666 5.390117 -12.809212 1.629310 5.390117 -17.083908 1.002260 6.216891 -17.083908 0.951057 6.208781 -17.083908 0.951057 6.208781 -17.083908 0.899854 6.216891 -17.083908 0.899854 6.216891 -17.083908 0.853663 6.240426 -17.083908 0.853663 6.240426 -17.083908 0.817005 6.277085 -17.083908 0.817005 6.277085 -17.083908 0.793470 6.323276 -17.083908 0.793470 6.323276 -17.083908 0.785360 6.374478 -17.083908 0.785360 6.374478 
						-17.083908 0.793470 6.425681 -17.083908 0.793470 6.425681 -17.083908 0.817005 6.471871 -17.083908 0.817005 6.471871 -17.083908 0.853663 6.508531 -17.083908 0.853663 6.508531 -17.083908 0.899854 6.532065 -17.083908 0.899854 6.532065 -17.083908 0.951057 6.540175 -17.083908 0.951057 6.540175 -17.083908 1.002260 6.532065 -17.083908 1.002260 6.532065 -17.083908 1.291244 6.532065 -17.083908 1.291244 6.532065 -17.872616 1.291242 6.758992 -19.402824 1.612057 6.758992 -19.402824 1.291242 6.758992 -17.872616 1.291242 6.758992 -17.872616 1.761364 6.758992 -17.872616 1.761364 6.758992 -17.872616 1.761366 6.701568 -17.872616 1.761366 6.701568 -17.872616 1.761366 6.612119 -17.872616 1.761366 6.612119 -17.872616 1.761366 6.499413 -17.872616 1.761366 6.499413 -17.872616 1.761367 6.374478 -17.872616 1.761367 6.374478 -17.872616 1.761366 6.249543 -17.872616 1.761366 6.249543 -17.872616 1.761366 6.136838 -17.872616 1.761366 6.136838 -17.872616 1.761366 6.047389 -17.872616 1.761366 6.047389 -17.872616 1.761364 5.989964 -17.872616 1.761364 5.989964 -17.872616 1.291243 5.989964 -19.402824 1.291243 5.989964 -19.402824 1.612058 5.989964 -17.872616 1.291243 5.989964 -17.083908 1.291244 6.216891 -17.083908 1.291244 6.216891 -17.083908 1.002260 6.216891 -16.621044 1.002260 6.532065 -16.621044 0.951057 6.540175 -16.621044 0.951057 6.540175 -16.621044 0.899854 6.532065 -16.621044 0.899854 6.532065 -16.621044 0.853663 6.508531 -16.621044 0.853663 6.508531 -16.621044 0.817005 6.471871 -16.621044 0.817005 6.471871 -16.621044 0.793470 6.425681 -16.621044 0.793470 6.425681 -16.621044 0.785360 6.374478 -16.621044 0.785360 6.374478 -16.621044 0.793470 6.323276 -16.621044 0.793470 6.323276 -16.621044 0.817005 6.277085 -16.621044 0.817005 6.277085 -16.621044 0.853663 6.240426 -16.621044 0.853663 6.240426 -16.621044 0.899854 6.216891 -16.621044 0.899854 6.216891 
						-16.621044 0.951057 6.208781 -16.621044 0.951057 6.208781 -16.621044 1.002260 6.216891 -16.621044 1.002260 6.216891 -16.621044 1.291244 6.216891 -16.621044 1.291244 6.216891 -15.832337 1.291243 5.989964 -14.302122 1.612058 5.989964 -14.302122 1.291243 5.989964 -15.832337 1.291243 5.989964 -15.832337 1.761364 5.989964 -15.832337 1.761364 5.989964 -15.832337 1.761366 6.047389 -15.832337 1.761366 6.047389 -15.832337 1.761366 6.136838 -15.832337 1.761366 6.136838 -15.832337 1.761366 6.249543 -15.832337 1.761366 6.249543 -15.832337 1.761367 6.374478 -15.832337 1.761367 6.374478 -15.832337 1.761366 6.499413 -15.832337 1.761366 6.499413 -15.832337 1.761366 6.612119 -15.832337 1.761366 6.612119 -15.832337 1.761366 6.701568 -15.832337 1.761366 6.701568 -15.832337 1.761364 6.758992 -15.832337 1.761364 6.758992 -15.832337 1.291242 6.758992 -14.302122 1.291242 6.758992 -14.302122 1.612057 6.758992 -15.832337 1.291242 6.758992 -16.621044 1.291244 6.532065 -16.621044 1.291244 6.532065 -16.621044 1.002260 6.532065 -14.302122 1.612057 6.758992 -14.302122 1.291242 6.758992 -14.302122 1.291242 8.736768 -14.302122 1.612057 8.736768 -14.302122 1.291242 6.758992 -14.018757 1.291242 6.758992 -14.018757 1.291242 8.736768 -14.302122 1.291242 8.736768 -14.018757 1.612057 8.736768 -14.018757 1.291242 8.736768 -14.018757 1.612057 6.758992 -14.302122 1.612057 6.758992 -14.302122 1.612057 8.736768 -14.018757 1.612057 8.736768 -14.018757 1.291243 5.989964 -14.302122 1.291243 5.989964 -14.302122 1.291243 4.012189 -14.018757 1.291243 4.012189 -14.302122 1.291243 5.989964 -14.302122 1.612058 5.989964 -14.302122 1.612058 4.012189 -14.302122 1.291243 4.012189 -14.302122 1.612058 5.989964 -14.018757 1.612058 5.989964 -14.018757 1.612058 4.012189 -14.302122 1.612058 4.012189 -14.018757 1.291243 4.012189 -14.018757 1.612058 4.012189 -19.402824 1.612058 5.989964 
						-19.402824 1.291243 5.989964 -19.402824 1.291243 4.012189 -19.402824 1.612058 4.012189 -19.402824 1.291243 5.989964 -19.686192 1.291243 5.989964 -19.686192 1.291243 4.012189 -19.402824 1.291243 4.012189 -19.686192 1.612058 4.012189 -19.686192 1.291243 4.012189 -19.686192 1.612058 5.989964 -19.402824 1.612058 5.989964 -19.402824 1.612058 4.012189 -19.686192 1.612058 4.012189 -19.686192 1.291242 6.758992 -19.402824 1.291242 6.758992 -19.402824 1.291242 8.736768 -19.686192 1.291242 8.736768 -19.402824 1.291242 6.758992 -19.402824 1.612057 6.758992 -19.402824 1.612057 8.736768 -19.402824 1.291242 8.736768 -19.402824 1.612057 6.758992 -19.686192 1.612057 6.758992 -19.686192 1.612057 8.736768 -19.402824 1.612057 8.736768 -19.686192 1.291242 8.736768 -19.686192 1.612057 8.736768 -14.018757 1.291242 9.025769 -14.302122 1.291242 9.025769 -14.018757 1.612057 9.025769 -14.018757 1.291242 9.025769 -14.302122 1.612057 9.025769 -14.018757 1.612057 9.025769 -14.302122 1.291243 3.723187 -14.018757 1.291243 3.723187 -14.018757 1.612058 3.723187 -14.302122 1.612058 3.723187 -14.018757 1.291243 3.723187 -14.018757 1.612058 3.723187 -19.686192 1.291243 3.723187 -19.402824 1.291243 3.723187 -19.686192 1.612058 3.723187 -19.686192 1.291243 3.723187 -19.402824 1.612058 3.723187 -19.686192 1.612058 3.723187 -19.402824 1.291242 9.025769 -19.686192 1.291242 9.025769 -19.686192 1.612057 9.025769 -19.402824 1.612057 9.025769 -19.686192 1.291242 9.025769 -19.686192 1.612057 9.025769 -14.302122 1.612057 8.736768 -14.302122 1.291242 8.736768 -19.402824 1.291242 8.736768 -19.402824 1.612057 8.736768 -14.302122 1.291243 4.012189 -14.302122 1.612058 4.012189 -19.402824 1.612058 4.012189 -19.402824 1.291243 4.012189 -16.852478 1.002260 6.216891 -16.852478 0.951057 6.208781 -16.852478 0.951057 6.208781 -16.852478 0.899854 6.216891 -16.852478 0.899854 6.216891 
						-16.852478 0.853663 6.240426 -16.852478 0.853663 6.240426 -16.852478 0.817005 6.277085 -16.852478 0.817005 6.277085 -16.852478 0.793470 6.323276 -16.852478 0.793470 6.323276 -16.852478 0.785360 6.374478 -16.852478 0.785360 6.374478 -16.852478 0.793470 6.425681 -16.852478 0.793470 6.425681 -16.852478 0.817005 6.471871 -16.852478 0.817005 6.471871 -16.852478 0.853663 6.508531 -16.852478 0.853663 6.508531 -16.852478 0.899854 6.532065 -16.852478 0.899854 6.532065 -16.852478 0.951057 6.540175 -16.852478 0.951057 6.540175 -16.852478 1.002260 6.532065 -16.852478 1.002260 6.532065 -16.852478 1.291244 6.532065 -16.852478 1.291244 6.532065 -16.852478 1.291242 6.758992 -16.852478 1.291242 6.758992 -16.852478 1.761364 6.758992 -17.066526 9.589322 6.547904 -17.066526 9.589321 6.578349 -16.852478 9.589321 6.578349 -16.852478 9.589322 6.547904 -17.066526 9.589322 6.500480 -17.066526 9.589322 6.547904 -16.852478 9.589322 6.547904 -16.852478 9.589322 6.500480 -17.066526 9.589323 6.440724 -17.066526 9.589322 6.500480 -16.852478 9.589322 6.500480 -16.852478 9.589323 6.440724 -17.066526 9.589323 6.374486 -17.066526 9.589323 6.440724 -16.852478 9.589323 6.440724 -16.852478 9.589323 6.374486 -17.066526 9.589323 6.308248 -16.852478 9.589323 6.308248 -17.066526 9.589323 6.248492 -16.852478 9.589323 6.248492 -17.066526 9.589322 6.201068 -17.066526 9.589323 6.248492 -16.852478 9.589323 6.248492 -16.852478 9.589322 6.201068 -17.066526 9.589321 6.170623 -17.066526 9.589322 6.201068 -16.852478 9.589322 6.201068 -16.852478 9.589321 6.170623 -16.852478 1.291243 5.989964 -16.852478 1.761364 5.989964 -16.852478 1.291244 6.216891 -16.852478 1.291243 5.989964 -16.852478 1.002260 6.216891 -16.852478 1.291244 6.216891 -16.638428 9.589322 6.201068 -16.638428 9.589321 6.170623 -16.638428 9.589323 6.248492 -16.638428 9.589322 6.201068 -16.638428 9.589323 6.308248 
						-16.638428 9.589323 6.248492 -16.638428 9.589323 6.374486 -16.638428 9.589323 6.440724 -16.638428 9.589322 6.500480 -16.638428 9.589323 6.440724 -16.638428 9.589322 6.547904 -16.638428 9.589322 6.500480 -16.638428 9.589321 6.578349 -16.638428 9.589322 6.547904 -17.872616 1.761366 6.701568 -17.872616 1.761364 6.758992 -17.872616 2.144005 6.758992 -17.872616 2.144007 6.701568 -16.852478 2.144005 6.758992 -17.872616 2.144005 6.758992 -17.872616 1.761366 6.612119 -17.872616 2.144007 6.612119 -17.872616 1.761366 6.499413 -17.872616 2.144008 6.499413 -17.872616 1.761367 6.374478 -17.872616 2.144008 6.374478 -17.872616 1.761366 6.249543 -17.872616 2.144008 6.249543 -17.872616 1.761366 6.136838 -17.872616 2.144008 6.136838 -17.872616 1.761366 6.047389 -17.872616 2.144007 6.047389 -17.872616 1.761364 5.989964 -17.872616 2.144006 5.989964 -17.872616 2.144006 5.989964 -16.852478 2.144006 5.989964 -15.832337 1.761366 6.047389 -15.832337 1.761364 5.989964 -15.832337 2.144006 5.989964 -15.832337 2.144007 6.047389 -15.832337 2.144006 5.989964 -15.832337 1.761366 6.136838 -15.832337 2.144008 6.136838 -15.832337 1.761366 6.249543 -15.832337 2.144008 6.249543 -15.832337 1.761367 6.374478 -15.832337 2.144008 6.374478 -15.832337 1.761366 6.499413 -15.832337 2.144008 6.499413 -15.832337 1.761366 6.612119 -15.832337 2.144007 6.612119 -15.832337 1.761366 6.701568 -15.832337 2.144007 6.701568 -15.832337 1.761364 6.758992 -15.832337 2.144005 6.758992 -15.832337 2.144005 6.758992 -17.872616 2.144007 6.701568 -17.872616 2.144005 6.758992 -17.066526 2.144005 6.578341 -17.066526 2.144007 6.547896 -17.872616 2.144005 6.758992 -16.852478 2.144005 6.758992 -16.852478 2.144005 6.578341 -17.066526 2.144005 6.578341 -17.872616 2.144007 6.612119 -17.872616 2.144007 6.701568 -17.066526 2.144007 6.547896 -17.066526 2.144007 6.500472 -17.872616 2.144008 6.499413 
						-17.872616 2.144007 6.612119 -17.066526 2.144007 6.500472 -17.066526 2.144008 6.440717 -17.872616 2.144008 6.374478 -17.872616 2.144008 6.499413 -17.066526 2.144008 6.440717 -17.066526 2.144008 6.374478 -17.872616 2.144008 6.249543 -17.066526 2.144008 6.374478 -17.066526 2.144008 6.308240 -17.872616 2.144008 6.136838 -17.872616 2.144008 6.249543 -17.066526 2.144008 6.308240 -17.066526 2.144008 6.248485 -17.872616 2.144007 6.047389 -17.872616 2.144008 6.136838 -17.066526 2.144008 6.248485 -17.066526 2.144007 6.201060 -17.872616 2.144006 5.989964 -17.872616 2.144007 6.047389 -17.066526 2.144007 6.201060 -17.066526 2.144006 6.170615 -16.852478 2.144006 5.989964 -17.872616 2.144006 5.989964 -17.066526 2.144006 6.170615 -16.852478 2.144006 6.170615 -15.832337 2.144007 6.047389 -15.832337 2.144006 5.989964 -16.638428 2.144006 6.170615 -16.638428 2.144007 6.201060 -15.832337 2.144006 5.989964 -16.638428 2.144006 6.170615 -15.832337 2.144008 6.136838 -15.832337 2.144007 6.047389 -16.638428 2.144007 6.201060 -16.638428 2.144008 6.248485 -15.832337 2.144008 6.249543 -15.832337 2.144008 6.136838 -16.638428 2.144008 6.248485 -16.638428 2.144008 6.308240 -15.832337 2.144008 6.374478 -15.832337 2.144008 6.249543 -16.638428 2.144008 6.308240 -16.638428 2.144008 6.374478 -15.832337 2.144008 6.499413 -16.638428 2.144008 6.374478 -16.638428 2.144008 6.440717 -15.832337 2.144007 6.612119 -15.832337 2.144008 6.499413 -16.638428 2.144008 6.440717 -16.638428 2.144007 6.500472 -15.832337 2.144007 6.701568 -15.832337 2.144007 6.612119 -16.638428 2.144007 6.500472 -16.638428 2.144007 6.547896 -15.832337 2.144005 6.758992 -15.832337 2.144007 6.701568 -16.638428 2.144007 6.547896 -16.638428 2.144005 6.578341 -15.832337 2.144005 6.758992 -16.638428 2.144005 6.578341 -17.066526 2.144007 6.547896 -17.066526 2.144005 6.578341 -17.066526 5.866663 6.578345 
						-17.066526 5.866665 6.547900 -17.066526 2.144005 6.578341 -16.852478 2.144005 6.578341 -16.852478 5.866663 6.578345 -17.066526 5.866663 6.578345 -17.066526 2.144007 6.500472 -17.066526 2.144007 6.547896 -17.066526 5.866665 6.547900 -17.066526 5.866665 6.500476 -17.066526 2.144008 6.440717 -17.066526 2.144007 6.500472 -17.066526 5.866665 6.500476 -17.066526 5.866666 6.440721 -17.066526 2.144008 6.374478 -17.066526 2.144008 6.440717 -17.066526 5.866666 6.440721 -17.066526 5.866666 6.374482 -17.066526 2.144008 6.308240 -17.066526 5.866666 6.308244 -17.066526 2.144008 6.248485 -17.066526 5.866666 6.248488 -17.066526 2.144007 6.201060 -17.066526 2.144008 6.248485 -17.066526 5.866666 6.248488 -17.066526 5.866665 6.201064 -17.066526 2.144006 6.170615 -17.066526 2.144007 6.201060 -17.066526 5.866665 6.201064 -17.066526 5.866664 6.170619 -16.852478 2.144006 6.170615 -17.066526 2.144006 6.170615 -17.066526 5.866664 6.170619 -16.852478 5.866664 6.170619 -16.638428 2.144007 6.201060 -16.638428 2.144006 6.170615 -16.638428 5.866664 6.170619 -16.638428 5.866665 6.201064 -16.638428 2.144006 6.170615 -16.638428 5.866664 6.170619 -16.638428 2.144008 6.248485 -16.638428 2.144007 6.201060 -16.638428 5.866665 6.201064 -16.638428 5.866666 6.248488 -16.638428 2.144008 6.308240 -16.638428 2.144008 6.248485 -16.638428 5.866666 6.248488 -16.638428 5.866666 6.308244 -16.638428 2.144008 6.374478 -16.638428 2.144008 6.308240 -16.638428 5.866666 6.308244 -16.638428 5.866666 6.374482 -16.638428 2.144008 6.440717 -16.638428 2.144008 6.374478 -16.638428 5.866666 6.374482 -16.638428 5.866666 6.440721 -16.638428 2.144007 6.500472 -16.638428 2.144008 6.440717 -16.638428 5.866666 6.440721 -16.638428 5.866665 6.500476 -16.638428 2.144007 6.547896 -16.638428 2.144007 6.500472 -16.638428 5.866665 6.500476 -16.638428 5.866665 6.547900 -16.638428 2.144005 6.578341 
						-16.638428 2.144007 6.547896 -16.638428 5.866665 6.547900 -16.638428 5.866663 6.578345 -16.638428 2.144005 6.578341 -16.638428 5.866663 6.578345 -17.066526 9.589321 6.578349 -17.066526 9.589322 6.547904 -17.066526 9.589322 6.547904 -17.066526 9.589322 6.500480 -17.066526 9.589322 6.500480 -17.066526 9.589323 6.440724 -17.066526 9.589323 6.440724 -17.066526 9.589323 6.374486 -17.066526 9.589323 6.308248 -17.066526 9.589323 6.248492 -17.066526 9.589323 6.248492 -17.066526 9.589322 6.201068 -17.066526 9.589322 6.201068 -17.066526 9.589321 6.170623 -16.852482 6.035397 5.978219 -20.474316 6.035397 5.978219 -20.474316 9.420588 5.978222 -16.852482 9.420588 5.978222 -13.230616 6.035397 5.978219 -13.230616 9.420588 5.978222 -16.638428 9.589321 6.170623 -16.638428 9.589322 6.201068 -16.638428 9.589322 6.201068 -16.638428 9.589323 6.248492 -16.638428 9.589323 6.248492 -16.638428 9.589323 6.308248 -16.638428 9.589323 6.308248 -16.638428 9.589323 6.374486 -16.638428 9.589323 6.374486 -16.638428 9.589323 6.440724 -16.638428 9.589323 6.440724 -16.638428 9.589322 6.500480 -16.638428 9.589322 6.500480 -16.638428 9.589322 6.547904 -16.638428 9.589322 6.547904 -16.638428 9.589321 6.578349 -16.638428 9.589321 6.578349 -16.852478 9.589321 6.578349 -17.066526 9.589321 6.578349 -16.852478 5.866664 6.170619 -17.066526 5.866664 6.170619 -20.615459 5.866664 6.043769 -16.852482 5.866664 6.043769 -17.066526 5.866664 6.170619 -17.066526 9.589321 6.170623 -20.615459 9.589321 6.043773 -20.615459 5.866664 6.043769 -17.066526 9.589321 6.170623 -16.852478 9.589321 6.170623 -16.852482 9.589321 6.043773 -20.615459 9.589321 6.043773 -16.638428 5.866664 6.170619 -16.852478 5.866664 6.170619 -16.852482 5.866664 6.043769 -13.089474 5.866664 6.043769 -16.638428 9.589321 6.170623 -13.089474 9.589321 6.043773 -16.638428 9.589321 6.170623 -16.638428 5.866664 6.170619 
						-13.089474 5.866664 6.043769 -13.089474 9.589321 6.043773 -20.615459 5.866664 5.906184 -16.852482 5.866664 5.906184 -20.615459 5.866664 6.043769 -20.615459 9.589321 6.043773 -20.615459 9.589321 5.906188 -20.615459 5.866664 5.906184 -16.852482 9.589321 5.906188 -20.615459 9.589321 5.906188 -13.089474 5.866664 6.043769 -16.852482 5.866664 6.043769 -16.852482 5.866664 5.906184 -13.089474 5.866664 5.906184 -13.089474 9.589321 5.906188 -13.089474 9.589321 6.043773 -13.089474 5.866664 6.043769 -13.089474 5.866664 5.906184 -13.089474 9.589321 5.906188 -16.852482 5.866664 5.906184 -20.615459 5.866664 5.906184 -20.474316 6.035397 5.906184 -16.852482 6.035397 5.906184 -20.615459 5.866664 5.906184 -20.615459 9.589321 5.906188 -20.474316 9.420588 5.906188 -20.474316 6.035397 5.906184 -20.615459 9.589321 5.906188 -16.852482 9.589321 5.906188 -16.852482 9.420588 5.906188 -20.474316 9.420588 5.906188 -13.089474 5.866664 5.906184 -13.230616 6.035397 5.906184 -13.089474 9.589321 5.906188 -13.230616 9.420588 5.906188 -13.089474 9.589321 5.906188 -13.089474 5.866664 5.906184 -13.230616 6.035397 5.906184 -13.230616 9.420588 5.906188 -16.852482 6.035397 5.906184 -20.474316 6.035397 5.906184 -20.474316 6.035397 5.978219 -16.852482 6.035397 5.978219 -20.474316 6.035397 5.906184 -20.474316 9.420588 5.906188 -20.474316 9.420588 5.978222 -20.474316 6.035397 5.978219 -20.474316 9.420588 5.906188 -16.852482 9.420588 5.906188 -16.852482 9.420588 5.978222 -20.474316 9.420588 5.978222 -13.230616 6.035397 5.906184 -13.230616 6.035397 5.978219 -13.230616 9.420588 5.906188 -13.230616 9.420588 5.978222 -13.230616 9.420588 5.906188 -13.230616 6.035397 5.906184 -13.230616 6.035397 5.978219 -13.230616 9.420588 5.978222 -20.449780 1.339034 6.248416 -20.449780 1.281090 6.134694 -20.590973 1.281090 6.134694 -20.590973 1.339034 6.248416 -20.449780 1.281090 6.134694 
						-20.449780 1.190840 6.044444 -20.590973 1.190840 6.044444 -20.590973 1.281090 6.134694 -20.449780 1.190840 6.044444 -20.449780 1.077118 5.986501 -20.590973 1.077118 5.986501 -20.590973 1.190840 6.044444 -20.449780 1.077118 5.986501 -20.449780 0.951057 5.966535 -20.590973 0.951057 5.966535 -20.590973 1.077118 5.986501 -20.449780 0.951057 5.966535 -20.449780 0.824995 5.986501 -20.590973 0.824995 5.986501 -20.590973 0.951057 5.966535 -20.449780 0.824995 5.986501 -20.449780 0.711273 6.044444 -20.590973 0.711273 6.044444 -20.590973 0.824995 5.986501 -20.449780 0.711273 6.044444 -20.449780 0.621023 6.134694 -20.590973 0.621023 6.134694 -20.590973 0.711273 6.044444 -20.449780 0.621023 6.134694 -20.449780 0.563079 6.248416 -20.590973 0.563079 6.248416 -20.590973 0.621023 6.134694 -20.449780 0.563079 6.248416 -20.449780 0.543113 6.374478 -20.590973 0.543113 6.374478 -20.590973 0.563079 6.248416 -20.449780 0.543113 6.374478 -20.449780 0.563079 6.500541 -20.590973 0.563079 6.500541 -20.590973 0.543113 6.374478 -20.449780 0.563079 6.500541 -20.449780 0.621023 6.614263 -20.590973 0.621023 6.614263 -20.590973 0.563079 6.500541 -20.449780 0.621023 6.614263 -20.449780 0.711273 6.704513 -20.590973 0.711273 6.704513 -20.590973 0.621023 6.614263 -20.449780 0.711273 6.704513 -20.449780 0.824995 6.762456 -20.590973 0.824995 6.762456 -20.590973 0.711273 6.704513 -20.449780 0.824995 6.762456 -20.449780 0.951057 6.782422 -20.590973 0.951057 6.782422 -20.590973 0.824995 6.762456 -20.449780 0.951057 6.782422 -20.449780 1.077118 6.762456 -20.590973 1.077118 6.762456 -20.590973 0.951057 6.782422 -20.449780 1.077118 6.762456 -20.449780 1.190840 6.704513 -20.590973 1.190840 6.704513 -20.590973 1.077118 6.762456 -20.449780 1.190840 6.704513 -20.449780 1.281090 6.614263 -20.590973 1.281090 6.614263 -20.590973 1.190840 6.704513 -20.449780 1.281090 6.614263 
						-20.449780 1.339034 6.500541 -20.590973 1.339034 6.500541 -20.590973 1.281090 6.614263 -20.449780 1.339034 6.500541 -20.449780 1.359001 6.374478 -20.590973 1.359001 6.374478 -20.590973 1.339034 6.500541 -20.449780 1.359001 6.374478 -20.449780 1.339034 6.248416 -20.590973 1.339034 6.248416 -20.590973 1.359001 6.374478 -13.255171 1.339034 6.248416 -13.255171 1.359001 6.374478 -13.113976 1.359001 6.374478 -13.113976 1.339034 6.248416 -13.255171 1.359001 6.374478 -13.255171 1.339034 6.500541 -13.113976 1.339034 6.500541 -13.113976 1.359001 6.374478 -13.255171 1.339034 6.500541 -13.255171 1.281090 6.614263 -13.113976 1.281090 6.614263 -13.113976 1.339034 6.500541 -13.255171 1.281090 6.614263 -13.255171 1.190840 6.704513 -13.113976 1.190840 6.704513 -13.113976 1.281090 6.614263 -13.255171 1.190840 6.704513 -13.255171 1.077118 6.762456 -13.113976 1.077118 6.762456 -13.113976 1.190840 6.704513 -13.255171 1.077118 6.762456 -13.255171 0.951057 6.782422 -13.113976 0.951057 6.782422 -13.113976 1.077118 6.762456 -13.255171 0.951057 6.782422 -13.255171 0.824995 6.762456 -13.113976 0.824995 6.762456 -13.113976 0.951057 6.782422 -13.255171 0.824995 6.762456 -13.255171 0.711273 6.704513 -13.113976 0.711273 6.704513 -13.113976 0.824995 6.762456 -13.255171 0.711273 6.704513 -13.255171 0.621023 6.614263 -13.113976 0.621023 6.614263 -13.113976 0.711273 6.704513 -13.255171 0.621023 6.614263 -13.255171 0.563079 6.500541 -13.113976 0.563079 6.500541 -13.113976 0.621023 6.614263 -13.255171 0.563079 6.500541 -13.255171 0.543113 6.374478 -13.113976 0.543113 6.374478 -13.113976 0.563079 6.500541 -13.255171 0.543113 6.374478 -13.255171 0.563079 6.248416 -13.113976 0.563079 6.248416 -13.113976 0.543113 6.374478 -13.255171 0.563079 6.248416 -13.255171 0.621023 6.134694 -13.113976 0.621023 6.134694 -13.113976 0.563079 6.248416 -13.255171 0.621023 6.134694 
						-13.255171 0.711273 6.044444 -13.113976 0.711273 6.044444 -13.113976 0.621023 6.134694 -13.255171 0.711273 6.044444 -13.255171 0.824995 5.986501 -13.113976 0.824995 5.986501 -13.113976 0.711273 6.044444 -13.255171 0.824995 5.986501 -13.255171 0.951057 5.966535 -13.113976 0.951057 5.966535 -13.113976 0.824995 5.986501 -13.255171 0.951057 5.966535 -13.255171 1.077118 5.986501 -13.113976 1.077118 5.986501 -13.113976 0.951057 5.966535 -13.255171 1.077118 5.986501 -13.255171 1.190840 6.044444 -13.113976 1.190840 6.044444 -13.113976 1.077118 5.986501 -13.255171 1.190840 6.044444 -13.255171 1.281090 6.134694 -13.113976 1.281090 6.134694 -13.113976 1.190840 6.044444 -13.255171 1.281090 6.134694 -13.255171 1.339034 6.248416 -13.113976 1.339034 6.248416 -13.113976 1.281090 6.134694 
					</float_array>
					<technique_common>
						<accessor count="2203" offset="0" source="#meshId5-positions-array" stride="3">
							<param name="X" type="float" />
							<param name="Y" type="float" />
							<param name="Z" type="float" />
						</accessor>
					</technique_common>
				</source>
				<source id="meshId5-normals" name="meshId5-normals">
					<float_array id="meshId5-normals-array" count="6609"> 
						0.000000 0.891007 -0.453990 0.000000 0.809017 -0.587785 0.000000 0.809017 -0.587785 0.000000 0.891007 -0.453990 0.000000 0.587785 -0.809017 0.000000 0.587785 -0.809017 0.000000 0.587785 -0.809017 0.000000 0.309017 -0.951056 0.000000 0.309017 -0.951056 0.000000 0.587785 -0.809017 0.000000 0.000000 -1.000000 0.000000 0.000000 -1.000000 0.000000 -0.309017 -0.951056 0.000000 -0.309017 -0.951056 0.000000 -0.587786 -0.809017 0.000000 -0.587786 -0.809017 0.000000 -0.587786 -0.809017 0.000000 -0.809017 -0.587785 0.000000 -0.809017 -0.587785 0.000000 -0.587786 -0.809017 0.000000 -0.951056 -0.309017 0.000000 -0.951056 -0.309017 0.000000 -1.000000 0.000000 0.000000 -1.000000 0.000000 0.000000 -0.951056 0.309017 0.000000 -0.951056 0.309017 0.000000 -0.809017 0.587785 0.000000 -0.809017 0.587785 0.000000 -0.587786 0.809017 0.000000 -0.587786 0.809017 0.000000 -0.587786 0.809017 0.000000 -0.309017 0.951056 0.000000 -0.309017 0.951056 0.000000 -0.587786 0.809017 0.000000 0.000000 1.000000 0.000000 0.000000 1.000000 0.000000 0.309017 0.951056 0.000000 0.309017 0.951056 0.000000 0.587786 0.809017 0.000000 0.587786 0.809017 0.000000 0.587786 0.809017 0.000000 0.809017 0.587785 0.000000 0.809017 0.587785 0.000000 0.587786 0.809017 0.000000 0.891007 0.453990 0.000000 0.891007 0.453990 -1.000000 -0.000000 -0.000000 -1.000000 -0.000000 -0.000000 -1.000000 -0.000000 -0.000000 -1.000000 -0.000000 -0.000000 -1.000000 -0.000000 -0.000000 -1.000000 -0.000000 -0.000000 -1.000000 -0.000000 -0.000000 -1.000000 -0.000000 -0.000000 -1.000000 -0.000000 -0.000000 -1.000000 -0.000000 -0.000000 -1.000000 -0.000000 -0.000000 -1.000000 -0.000000 -0.000000 -1.000000 -0.000000 -0.000000 -1.000000 -0.000000 -0.000000 -1.000000 -0.000000 -0.000000 -1.000000 -0.000000 -0.000000 -1.000000 -0.000000 -0.000000 -1.000000 -0.000000 -0.000000 
						-1.000000 -0.000000 -0.000000 -1.000000 -0.000000 -0.000000 0.729924 0.675113 -0.106926 0.729925 0.675113 -0.106926 0.729924 0.675113 -0.106926 0.729924 0.675113 -0.106926 0.729925 0.675112 0.106927 0.729925 0.675112 0.106927 0.729925 0.675112 0.106927 0.729924 0.675112 0.106927 0.729925 0.609027 0.310315 0.729925 0.609027 0.310315 0.729925 0.609027 0.310315 0.729925 0.609027 0.310315 0.729926 0.483326 0.483326 0.729926 0.483326 0.483326 0.729926 0.483326 0.483326 0.729926 0.483326 0.483326 0.729925 0.310316 0.609027 0.729925 0.310316 0.609027 0.729925 0.310316 0.609027 0.729925 0.310316 0.609027 0.729924 0.106927 0.675113 0.729923 0.106927 0.675113 0.729924 0.106927 0.675113 0.729924 0.106927 0.675113 0.729924 -0.106927 0.675113 0.729924 -0.106927 0.675113 0.729923 -0.106927 0.675113 0.729923 -0.106927 0.675113 0.729925 -0.310316 0.609027 0.729925 -0.310316 0.609027 0.729925 -0.310316 0.609027 0.729925 -0.310316 0.609027 0.729926 -0.483326 0.483326 0.729926 -0.483326 0.483326 0.729926 -0.483326 0.483326 0.729926 -0.483326 0.483326 0.729925 -0.609027 0.310315 0.729925 -0.609027 0.310315 0.729925 -0.609027 0.310315 0.729925 -0.609027 0.310315 0.729925 -0.675112 0.106927 0.729925 -0.675112 0.106927 0.729925 -0.675112 0.106927 0.729925 -0.675112 0.106927 0.729925 -0.675112 -0.106927 0.729925 -0.675112 -0.106927 0.729925 -0.675112 -0.106927 0.729925 -0.675112 -0.106927 0.729925 -0.609027 -0.310315 0.729925 -0.609027 -0.310315 0.729925 -0.609027 -0.310315 0.729925 -0.609027 -0.310315 0.729926 -0.483326 -0.483326 0.729926 -0.483326 -0.483326 0.729926 -0.483326 -0.483326 0.729926 -0.483326 -0.483326 0.729925 -0.310316 -0.609027 0.729925 -0.310316 -0.609027 0.729925 -0.310316 -0.609027 0.729925 -0.310316 -0.609027 0.729924 -0.106927 -0.675113 0.729924 -0.106927 -0.675113 
						0.729924 -0.106927 -0.675113 0.729923 -0.106927 -0.675113 0.729923 0.106927 -0.675114 0.729923 0.106927 -0.675114 0.729923 0.106927 -0.675113 0.729923 0.106927 -0.675113 0.729925 0.310316 -0.609027 0.729925 0.310316 -0.609027 0.729925 0.310316 -0.609027 0.729925 0.310316 -0.609027 0.729926 0.483326 -0.483326 0.729926 0.483326 -0.483326 0.729926 0.483326 -0.483326 0.729926 0.483326 -0.483326 0.729925 0.609027 -0.310315 0.729925 0.609027 -0.310315 0.729925 0.609027 -0.310315 0.729925 0.609027 -0.310315 -0.729933 0.609019 -0.310311 -0.729933 0.609019 -0.310311 -0.965877 -0.209535 0.152236 -0.965877 -0.246323 0.080035 -0.729934 0.483320 -0.483320 -0.729934 0.483320 -0.483320 -0.965877 -0.152236 0.209535 -0.965877 -0.209535 0.152236 -0.729933 0.310312 -0.609019 -0.729933 0.310312 -0.609019 -0.965877 -0.080035 0.246323 -0.965877 -0.152236 0.209535 -0.729932 0.106925 -0.675105 -0.729932 0.106925 -0.675105 -0.965878 0.000000 0.258999 -0.965877 -0.080035 0.246323 -0.729932 -0.106925 -0.675105 -0.729932 -0.106925 -0.675105 -0.965877 0.080035 0.246323 -0.965878 0.000000 0.258999 -0.729933 -0.310312 -0.609019 -0.729933 -0.310312 -0.609019 -0.965877 0.152236 0.209535 -0.965877 0.080035 0.246323 -0.729934 -0.483320 -0.483320 -0.729934 -0.483320 -0.483320 -0.965877 0.209535 0.152236 -0.965877 0.152236 0.209535 -0.729933 -0.609019 -0.310311 -0.729933 -0.609019 -0.310311 -0.965877 0.246323 0.080035 -0.965877 0.209535 0.152236 -0.729933 -0.675104 -0.106926 -0.729933 -0.675104 -0.106926 -0.965877 0.259000 0.000000 -0.965877 0.246323 0.080035 -0.729933 -0.675103 0.106926 -0.729933 -0.675103 0.106926 -0.965877 0.246323 -0.080035 -0.965877 0.259000 0.000000 -0.729933 -0.609019 0.310311 -0.729933 -0.609019 0.310311 -0.965877 0.209535 -0.152236 -0.965877 0.246323 -0.080035 -0.729934 -0.483320 0.483320 -0.729934 -0.483320 0.483320 
						-0.965877 0.152236 -0.209535 -0.965877 0.209535 -0.152236 -0.729933 -0.310312 0.609019 -0.729933 -0.310312 0.609019 -0.965877 0.080035 -0.246323 -0.965877 0.152236 -0.209535 -0.729932 -0.106925 0.675105 -0.729932 -0.106925 0.675105 -0.965878 -0.000000 -0.258999 -0.965877 0.080035 -0.246323 -0.729932 0.106925 0.675105 -0.729932 0.106925 0.675105 -0.965877 -0.080035 -0.246323 -0.965878 -0.000000 -0.258999 -0.729933 0.310312 0.609019 -0.729933 0.310312 0.609019 -0.965877 -0.152236 -0.209535 -0.965877 -0.080035 -0.246323 -0.729934 0.483320 0.483320 -0.729934 0.483320 0.483320 -0.965877 -0.209535 -0.152236 -0.965877 -0.152236 -0.209535 -0.729933 0.609019 0.310311 -0.729933 0.609019 0.310311 -0.965877 -0.246323 -0.080035 -0.965877 -0.209535 -0.152236 -0.729933 0.675104 0.106926 -0.729933 0.675104 0.106926 -0.965877 -0.259000 -0.000000 -0.965877 -0.246323 -0.080035 -0.729933 0.675104 -0.106925 -0.729933 0.675104 -0.106925 -0.965877 -0.246323 0.080035 -0.965877 -0.259000 -0.000000 1.000000 0.000000 0.000000 1.000000 0.000000 0.000000 1.000000 0.000000 0.000000 1.000000 0.000000 0.000000 1.000000 0.000000 0.000000 1.000000 0.000000 0.000000 1.000000 0.000000 0.000000 1.000000 0.000000 0.000000 1.000000 0.000000 0.000000 1.000000 0.000000 0.000000 1.000000 0.000000 0.000000 1.000000 0.000000 0.000000 1.000000 0.000000 0.000000 1.000000 0.000000 0.000000 1.000000 0.000000 0.000000 1.000000 0.000000 0.000000 1.000000 0.000000 0.000000 1.000000 0.000000 0.000000 1.000000 0.000000 0.000000 1.000000 0.000000 0.000000 1.000000 0.000000 0.000000 1.000000 0.000000 0.000000 1.000000 0.000000 0.000000 1.000000 0.000000 0.000000 1.000000 0.000000 0.000000 1.000000 0.000000 0.000000 1.000000 0.000000 0.000000 1.000000 0.000000 0.000000 1.000000 0.000000 0.000000 1.000000 0.000000 0.000000 
						1.000000 0.000000 0.000000 1.000000 0.000000 0.000000 1.000000 0.000000 0.000000 1.000000 0.000000 0.000000 1.000000 0.000000 0.000000 1.000000 0.000000 0.000000 1.000000 0.000000 0.000000 1.000000 0.000000 0.000000 1.000000 0.000000 0.000000 1.000000 0.000000 0.000000 0.000000 0.987687 -0.156441 0.000000 0.987687 -0.156441 0.000000 0.987687 -0.156441 0.000000 0.987687 -0.156441 0.000000 0.987687 0.156441 0.000000 0.987687 0.156441 0.000000 0.987687 0.156441 0.000000 0.987687 0.156441 0.000000 0.891005 0.453993 0.000000 0.891005 0.453993 0.000000 0.891005 0.453993 0.000000 0.891005 0.453993 0.000000 0.707124 0.707089 0.000000 0.707124 0.707089 0.000000 0.707124 0.707089 0.000000 0.707124 0.707089 0.000000 0.453981 0.891011 0.000000 0.453981 0.891011 0.000000 0.453981 0.891011 0.000000 0.453981 0.891011 0.000000 0.156440 0.987687 0.000000 0.156440 0.987687 0.000000 0.156440 0.987687 0.000000 0.156440 0.987687 0.000000 -0.156440 0.987687 0.000000 -0.156440 0.987687 0.000000 -0.156440 0.987687 0.000000 -0.156440 0.987687 0.000000 -0.453980 0.891012 0.000000 -0.453980 0.891012 0.000000 -0.453980 0.891012 0.000000 -0.453980 0.891012 0.000000 -0.707125 0.707088 0.000000 -0.707125 0.707088 0.000000 -0.707125 0.707088 0.000000 -0.707125 0.707088 0.000000 -0.891005 0.453994 0.000000 -0.891005 0.453994 0.000000 -0.891005 0.453994 0.000000 -0.891005 0.453994 0.000000 -0.987688 0.156439 0.000000 -0.987688 0.156439 0.000000 -0.987688 0.156439 0.000000 -0.987688 0.156439 0.000000 -0.987688 -0.156439 0.000000 -0.987688 -0.156439 0.000000 -0.987688 -0.156439 0.000000 -0.987688 -0.156439 0.000000 -0.891005 -0.453994 0.000000 -0.891005 -0.453994 0.000000 -0.891005 -0.453994 0.000000 -0.891005 -0.453994 0.000000 -0.707125 -0.707088 0.000000 -0.707125 -0.707088 
						0.000000 -0.707125 -0.707088 0.000000 -0.707125 -0.707088 0.000000 -0.453980 -0.891012 0.000000 -0.453980 -0.891012 0.000000 -0.453980 -0.891012 0.000000 -0.453980 -0.891012 0.000000 -0.156440 -0.987687 0.000000 -0.156440 -0.987687 0.000000 -0.156440 -0.987687 0.000000 -0.156440 -0.987687 0.000000 0.156440 -0.987687 0.000000 0.156440 -0.987687 0.000000 0.156440 -0.987687 0.000000 0.156440 -0.987687 0.000000 0.453981 -0.891011 0.000000 0.453981 -0.891011 0.000000 0.453981 -0.891011 0.000000 0.453981 -0.891011 0.000000 0.707121 -0.707093 0.000000 0.707121 -0.707093 0.000000 0.707121 -0.707093 0.000000 0.707121 -0.707093 0.000000 0.891008 -0.453987 0.000000 0.891008 -0.453987 0.000000 0.891008 -0.453987 0.000000 0.891008 -0.453987 0.000000 0.891007 -0.453990 0.000000 0.891007 -0.453990 0.000000 0.809017 -0.587785 0.000000 0.809017 -0.587785 0.000000 0.587785 -0.809017 0.000000 0.587785 -0.809017 0.000000 0.587785 -0.809017 0.000000 0.587785 -0.809017 0.000000 0.309016 -0.951057 0.000000 0.309016 -0.951057 0.000000 0.000000 -1.000000 0.000000 0.000000 -1.000000 0.000000 -0.309017 -0.951056 0.000000 -0.309017 -0.951056 0.000000 -0.587786 -0.809017 0.000000 -0.587786 -0.809017 0.000000 -0.587786 -0.809017 0.000000 -0.587786 -0.809017 0.000000 -0.809017 -0.587785 0.000000 -0.809017 -0.587785 0.000000 -0.951056 -0.309017 0.000000 -0.951056 -0.309017 0.000000 -1.000000 0.000000 0.000000 -1.000000 0.000000 0.000000 -0.951056 0.309017 0.000000 -0.951056 0.309017 0.000000 -0.809017 0.587785 0.000000 -0.809017 0.587785 0.000000 -0.587786 0.809017 0.000000 -0.587786 0.809017 0.000000 -0.587786 0.809017 0.000000 -0.587786 0.809017 0.000000 -0.309017 0.951056 0.000000 -0.309017 0.951056 0.000000 0.000000 1.000000 0.000000 0.000000 1.000000 0.000000 0.309017 0.951056 0.000000 0.309017 0.951056 
						0.000000 0.587786 0.809017 0.000000 0.587786 0.809017 0.000000 0.587786 0.809017 0.000000 0.587786 0.809017 0.000000 0.809017 0.587785 0.000000 0.809017 0.587785 0.000000 0.891007 0.453990 0.000000 0.891007 0.453990 1.000000 0.000000 0.000000 1.000000 0.000000 0.000000 1.000000 0.000000 0.000000 1.000000 0.000000 0.000000 1.000000 0.000000 0.000000 1.000000 0.000000 0.000000 1.000000 0.000000 0.000000 1.000000 0.000000 0.000000 1.000000 0.000000 0.000000 1.000000 0.000000 0.000000 1.000000 0.000000 0.000000 1.000000 0.000000 0.000000 1.000000 0.000000 0.000000 1.000000 0.000000 0.000000 1.000000 0.000000 0.000000 1.000000 0.000000 0.000000 1.000000 0.000000 0.000000 1.000000 0.000000 0.000000 1.000000 0.000000 0.000000 1.000000 0.000000 0.000000 -0.729941 0.675095 -0.106924 -0.729941 0.675095 -0.106924 -0.729941 0.675095 -0.106924 -0.729941 0.675095 -0.106924 -0.729941 0.675095 0.106925 -0.729941 0.675095 0.106925 -0.729941 0.675095 0.106925 -0.729941 0.675095 0.106925 -0.729941 0.609011 0.310309 -0.729941 0.609011 0.310309 -0.729941 0.609011 0.310309 -0.729941 0.609011 0.310309 -0.729942 0.483314 0.483313 -0.729942 0.483314 0.483313 -0.729942 0.483314 0.483313 -0.729942 0.483314 0.483314 -0.729941 0.310308 0.609011 -0.729941 0.310308 0.609011 -0.729941 0.310308 0.609011 -0.729941 0.310308 0.609011 -0.729939 0.106924 0.675098 -0.729939 0.106924 0.675098 -0.729939 0.106924 0.675098 -0.729939 0.106924 0.675098 -0.729939 -0.106924 0.675097 -0.729939 -0.106924 0.675097 -0.729939 -0.106924 0.675097 -0.729939 -0.106924 0.675097 -0.729941 -0.310308 0.609011 -0.729941 -0.310308 0.609011 -0.729941 -0.310308 0.609011 -0.729941 -0.310308 0.609011 -0.729942 -0.483314 0.483314 -0.729942 -0.483314 0.483313 -0.729942 -0.483314 0.483314 -0.729942 -0.483314 0.483313 
						-0.729941 -0.609012 0.310309 -0.729941 -0.609012 0.310309 -0.729941 -0.609012 0.310309 -0.729941 -0.609012 0.310309 -0.729941 -0.675095 0.106923 -0.729941 -0.675095 0.106923 -0.729941 -0.675095 0.106923 -0.729941 -0.675095 0.106923 -0.729941 -0.675095 -0.106923 -0.729941 -0.675095 -0.106923 -0.729941 -0.675095 -0.106923 -0.729941 -0.675095 -0.106923 -0.729941 -0.609011 -0.310310 -0.729941 -0.609011 -0.310310 -0.729941 -0.609011 -0.310310 -0.729941 -0.609011 -0.310310 -0.729943 -0.483315 -0.483311 -0.729943 -0.483315 -0.483311 -0.729943 -0.483315 -0.483311 -0.729943 -0.483315 -0.483311 -0.729941 -0.310308 -0.609011 -0.729941 -0.310308 -0.609011 -0.729941 -0.310308 -0.609011 -0.729941 -0.310308 -0.609011 -0.729942 -0.106924 -0.675094 -0.729942 -0.106924 -0.675094 -0.729942 -0.106924 -0.675094 -0.729942 -0.106924 -0.675094 -0.729942 0.106924 -0.675094 -0.729942 0.106924 -0.675094 -0.729942 0.106924 -0.675094 -0.729942 0.106924 -0.675094 -0.729943 0.310309 -0.609009 -0.729943 0.310308 -0.609009 -0.729943 0.310309 -0.609009 -0.729943 0.310309 -0.609009 -0.729943 0.483314 -0.483313 -0.729943 0.483314 -0.483313 -0.729943 0.483314 -0.483313 -0.729943 0.483314 -0.483313 -0.729941 0.609011 -0.310308 -0.729941 0.609011 -0.310308 -0.729941 0.609011 -0.310308 -0.729941 0.609011 -0.310308 0.729937 0.609015 -0.310312 0.965877 -0.246324 0.080034 0.965877 -0.209535 0.152237 0.729937 0.609015 -0.310312 0.729939 0.483317 -0.483314 0.965877 -0.209535 0.152237 0.965877 -0.152236 0.209536 0.729939 0.483317 -0.483314 0.729936 0.310309 -0.609017 0.965877 -0.152236 0.209536 0.965877 -0.080035 0.246323 0.729936 0.310309 -0.609017 0.729936 0.106924 -0.675101 0.965877 -0.080035 0.246323 0.965877 0.000000 0.259000 0.729936 0.106924 -0.675101 0.729936 -0.106924 -0.675101 0.965877 0.000000 0.259000 0.965877 0.080035 0.246323 0.729936 -0.106924 -0.675101 
						0.729937 -0.310310 -0.609015 0.965877 0.080035 0.246323 0.965877 0.152236 0.209537 0.729937 -0.310310 -0.609015 0.729939 -0.483318 -0.483315 0.965877 0.152236 0.209537 0.965877 0.209535 0.152237 0.729939 -0.483318 -0.483315 0.729937 -0.609015 -0.310312 0.965877 0.209535 0.152237 0.965877 0.246324 0.080034 0.729937 -0.609015 -0.310312 0.729937 -0.675099 -0.106924 0.965877 0.246324 0.080034 0.965877 0.259001 0.000000 0.729937 -0.675099 -0.106924 0.729937 -0.675099 0.106924 0.965877 0.259001 0.000000 0.965877 0.246324 -0.080034 0.729937 -0.675099 0.106924 0.729937 -0.609016 0.310309 0.965877 0.246324 -0.080034 0.965877 0.209535 -0.152236 0.729937 -0.609016 0.310309 0.729938 -0.483317 0.483317 0.965877 0.209535 -0.152236 0.965877 0.152236 -0.209535 0.729938 -0.483317 0.483317 0.729937 -0.310310 0.609015 0.965877 0.152236 -0.209535 0.965877 0.080035 -0.246324 0.729937 -0.310310 0.609015 0.729939 -0.106925 0.675097 0.965877 0.080035 -0.246324 0.965877 0.000000 -0.259001 0.729939 -0.106925 0.675097 0.729935 0.106925 0.675101 0.965877 0.000000 -0.259001 0.965877 -0.080035 -0.246323 0.729935 0.106925 0.675101 0.729937 0.310310 0.609015 0.965877 -0.080035 -0.246323 0.965877 -0.152236 -0.209535 0.729937 0.310310 0.609015 0.729938 0.483317 0.483317 0.965877 -0.152236 -0.209535 0.965877 -0.209536 -0.152236 0.729938 0.483317 0.483317 0.729937 0.609015 0.310312 0.965877 -0.209536 -0.152236 0.965877 -0.246324 -0.080035 0.729937 0.609015 0.310312 0.729937 0.675099 0.106926 0.965877 -0.246324 -0.080035 0.965877 -0.259001 -0.000001 0.729937 0.675099 0.106926 0.729937 0.675100 -0.106924 0.965877 -0.259001 -0.000001 0.965877 -0.246324 0.080034 0.729937 0.675100 -0.106924 -1.000000 -0.000000 -0.000002 -1.000000 -0.000000 -0.000002 -1.000000 -0.000000 -0.000002 -1.000000 -0.000000 -0.000002 
						-1.000000 0.000000 0.000004 -1.000000 0.000000 0.000004 -1.000000 0.000000 0.000004 -1.000000 0.000000 0.000000 -1.000000 0.000000 0.000000 -1.000000 0.000000 0.000000 -1.000000 0.000000 0.000000 -1.000000 -0.000000 -0.000001 -1.000000 -0.000000 -0.000001 -1.000000 -0.000000 -0.000001 -1.000000 -0.000000 -0.000001 -1.000000 -0.000000 -0.000001 -1.000000 0.000000 0.000000 -1.000000 0.000000 0.000000 -1.000000 0.000000 0.000000 -1.000000 0.000000 0.000000 -1.000000 -0.000000 -0.000001 -1.000000 -0.000000 -0.000001 -1.000000 -0.000000 -0.000001 -1.000000 -0.000000 -0.000001 -1.000000 0.000000 0.000001 -1.000000 0.000000 0.000001 -1.000000 0.000000 0.000001 -1.000000 0.000000 0.000001 -1.000000 0.000000 0.000000 -1.000000 0.000000 0.000000 -1.000000 0.000000 0.000000 -1.000000 0.000000 0.000000 -1.000000 0.000000 0.000000 -1.000000 0.000000 0.000000 -1.000000 -0.000000 -0.000000 -1.000000 -0.000000 -0.000000 -1.000000 0.000000 0.000000 -1.000000 0.000000 0.000000 -1.000000 0.000000 0.000000 -1.000000 0.000000 0.000000 -1.000000 0.000000 0.000001 -1.000000 0.000000 0.000001 -1.000000 0.000000 0.000001 -1.000000 0.000000 0.000001 -1.000000 0.000000 0.000000 -1.000000 0.000000 0.000000 -1.000000 0.000000 0.000000 -1.000000 0.000000 0.000000 -1.000000 0.000000 0.000000 -1.000000 0.000000 0.000000 -1.000000 0.000000 0.000000 -1.000000 0.000000 0.000000 -1.000000 0.000000 0.000000 -1.000000 0.000000 0.000000 -1.000000 0.000000 0.000000 -1.000000 0.000000 0.000000 -1.000000 -0.000000 -0.000002 0.000000 0.987687 -0.156441 0.000000 0.987687 -0.156441 0.000000 0.987687 -0.156441 0.000000 0.987687 -0.156441 0.000000 0.987687 0.156441 0.000000 0.987687 0.156441 0.000000 0.987687 0.156441 0.000000 0.987687 0.156441 0.000000 0.891005 0.453993 0.000000 0.891005 0.453993 0.000000 0.891005 0.453993 
						0.000000 0.891005 0.453993 0.000000 0.707124 0.707090 0.000000 0.707124 0.707090 0.000000 0.707124 0.707090 0.000000 0.707124 0.707090 0.000000 0.453981 0.891011 0.000000 0.453981 0.891011 0.000000 0.453981 0.891011 0.000000 0.453981 0.891011 0.000000 0.156440 0.987687 0.000000 0.156440 0.987687 0.000000 0.156440 0.987687 0.000000 0.156440 0.987687 0.000000 -0.156440 0.987687 0.000000 -0.156440 0.987687 0.000000 -0.156440 0.987687 0.000000 -0.156440 0.987687 0.000000 -0.453980 0.891012 0.000000 -0.453980 0.891012 0.000000 -0.453980 0.891012 0.000000 -0.453980 0.891012 0.000000 -0.707125 0.707088 0.000000 -0.707125 0.707088 0.000000 -0.707125 0.707088 0.000000 -0.707125 0.707088 0.000000 -0.891005 0.453993 0.000000 -0.891005 0.453994 0.000000 -0.891005 0.453994 0.000000 -0.891005 0.453993 0.000000 -0.987688 0.156439 0.000000 -0.987688 0.156439 0.000000 -0.987688 0.156439 0.000000 -0.987688 0.156439 0.000000 -0.987688 -0.156439 0.000000 -0.987688 -0.156439 0.000000 -0.987688 -0.156439 0.000000 -0.987688 -0.156439 0.000000 -0.891005 -0.453993 0.000000 -0.891005 -0.453994 0.000000 -0.891005 -0.453994 0.000000 -0.891005 -0.453993 0.000000 -0.707125 -0.707088 0.000000 -0.707125 -0.707088 0.000000 -0.707125 -0.707088 0.000000 -0.707125 -0.707088 0.000000 -0.453980 -0.891012 0.000000 -0.453980 -0.891012 0.000000 -0.453980 -0.891012 0.000000 -0.453980 -0.891012 0.000000 -0.156440 -0.987687 0.000000 -0.156440 -0.987687 0.000000 -0.156440 -0.987687 0.000000 -0.156440 -0.987687 0.000000 0.156440 -0.987687 0.000000 0.156440 -0.987687 0.000000 0.156440 -0.987687 0.000000 0.156440 -0.987687 0.000000 0.453981 -0.891011 0.000000 0.453981 -0.891011 0.000000 0.453981 -0.891011 0.000000 0.453981 -0.891011 0.000000 0.707121 -0.707093 0.000000 0.707121 -0.707093 0.000000 0.707121 -0.707093 
						0.000000 0.707121 -0.707093 0.000000 0.891008 -0.453987 0.000000 0.891008 -0.453987 0.000000 0.891008 -0.453987 0.000000 0.891008 -0.453987 -0.965877 -0.246323 0.080035 -0.965877 -0.209535 0.152236 -0.858440 -0.414955 0.301483 -0.858441 -0.487809 0.158498 -0.965877 -0.152236 0.209535 -0.858440 -0.301483 0.414956 -0.965877 -0.152236 0.209535 -0.965877 -0.080035 0.246323 -0.858441 -0.158499 0.487809 -0.858440 -0.301483 0.414956 -0.965878 0.000000 0.258999 -0.858441 0.000000 0.512913 -0.965877 0.080035 0.246323 -0.858441 0.158499 0.487809 -0.965877 0.152236 0.209535 -0.858440 0.301483 0.414956 -0.965877 0.152236 0.209535 -0.965877 0.209535 0.152236 -0.858440 0.414956 0.301483 -0.858440 0.301483 0.414956 -0.965877 0.246323 0.080035 -0.858441 0.487809 0.158499 -0.965877 0.259000 0.000000 -0.858441 0.512913 0.000000 -0.965877 0.246323 -0.080035 -0.858441 0.487809 -0.158499 -0.965877 0.209535 -0.152236 -0.858440 0.414956 -0.301483 -0.965877 0.152236 -0.209535 -0.858440 0.301483 -0.414956 -0.965877 0.152236 -0.209535 -0.965877 0.080035 -0.246323 -0.858441 0.158499 -0.487809 -0.858440 0.301483 -0.414956 -0.965878 -0.000000 -0.258999 -0.858441 -0.000000 -0.512913 -0.965877 -0.080035 -0.246323 -0.858441 -0.158499 -0.487809 -0.965877 -0.152236 -0.209535 -0.858440 -0.301483 -0.414956 -0.965877 -0.152236 -0.209535 -0.965877 -0.209535 -0.152236 -0.858440 -0.414956 -0.301483 -0.858440 -0.301483 -0.414956 -0.965877 -0.246323 -0.080035 -0.858441 -0.487809 -0.158499 -0.965877 -0.259000 -0.000000 -0.858441 -0.512913 -0.000000 0.965877 -0.246324 0.080034 0.965877 -0.259001 -0.000001 0.858441 -0.512912 -0.000001 0.858441 -0.487808 0.158497 0.965877 -0.246324 -0.080035 0.858441 -0.487808 -0.158498 0.965877 -0.209536 -0.152236 0.858441 -0.414955 -0.301482 0.965877 -0.152236 -0.209535 0.858441 -0.301482 -0.414955 0.965877 -0.152236 -0.209535 
						0.965877 -0.080035 -0.246323 0.858441 -0.158498 -0.487808 0.858441 -0.301482 -0.414955 0.965877 0.000000 -0.259001 0.858441 0.000000 -0.512912 0.965877 0.080035 -0.246324 0.858441 0.158498 -0.487808 0.965877 0.152236 -0.209535 0.858441 0.301482 -0.414955 0.965877 0.152236 -0.209535 0.965877 0.209535 -0.152236 0.858441 0.414955 -0.301482 0.858441 0.301482 -0.414955 0.965877 0.246324 -0.080034 0.858441 0.487808 -0.158497 0.965877 0.259001 0.000000 0.858441 0.512912 0.000000 0.965877 0.246324 0.080034 0.858441 0.487808 0.158497 0.965877 0.209535 0.152237 0.858441 0.414955 0.301483 0.965877 0.152236 0.209537 0.858441 0.301482 0.414955 0.965877 0.152236 0.209537 0.965877 0.080035 0.246323 0.858442 0.158498 0.487808 0.858441 0.301482 0.414955 0.965877 0.000000 0.259000 0.858442 0.000000 0.512911 0.965877 -0.080035 0.246323 0.858442 -0.158498 0.487808 0.965877 -0.152236 0.209536 0.858441 -0.301482 0.414955 0.965877 -0.152236 0.209536 0.965877 -0.209535 0.152237 0.858441 -0.414954 0.301483 0.858441 -0.301482 0.414955 0.000000 1.000000 0.000006 0.000000 1.000000 0.000006 0.082049 0.996628 0.000006 0.082049 0.996628 0.000006 0.000000 1.000000 0.000002 0.000000 1.000000 0.000002 0.082049 0.996628 0.000002 0.082049 0.996628 0.000002 0.000000 1.000000 0.000005 0.000000 1.000000 0.000005 0.082049 0.996628 0.000005 0.082049 0.996628 0.000005 0.000000 1.000000 0.000029 0.000000 1.000000 0.000029 0.082049 0.996628 0.000029 0.082049 0.996628 0.000029 0.000000 0.156440 0.987687 0.000000 0.156440 0.987687 0.000000 -0.156440 0.987687 0.000000 -0.156440 0.987687 0.000000 -0.453980 0.891012 0.000000 -0.453980 0.891012 0.000000 -0.707125 0.707088 0.000000 -0.707125 0.707088 0.000000 -0.891005 0.453994 0.000000 -0.891005 0.453994 0.000000 -0.987688 0.156439 
						0.000000 -0.987688 0.156439 0.000000 -0.987688 -0.156439 0.000000 -0.987688 -0.156439 0.000000 -0.891005 -0.453994 0.000000 -0.891005 -0.453994 0.000000 -0.707125 -0.707088 0.000000 -0.707125 -0.707088 0.000000 -0.453980 -0.891012 0.000000 -0.453980 -0.891012 0.000000 -0.156440 -0.987687 0.000000 -0.156440 -0.987687 0.000000 0.156440 -0.987687 0.000000 0.156440 -0.987687 0.000000 1.000000 -0.000025 0.000000 1.000000 -0.000025 0.082049 0.996628 -0.000025 0.082049 0.996628 -0.000025 0.000000 1.000000 -0.000005 0.000000 1.000000 -0.000005 0.082049 0.996628 -0.000005 0.082049 0.996628 -0.000005 0.000000 1.000000 0.000000 0.000000 1.000000 0.000000 0.082049 0.996628 0.000000 0.082049 0.996628 0.000000 0.000000 1.000000 -0.000006 0.000000 1.000000 -0.000006 0.082049 0.996628 -0.000006 0.082049 0.996628 -0.000006 0.000000 1.000000 -0.000006 0.000000 1.000000 -0.000006 -0.082049 0.996628 -0.000006 -0.082049 0.996628 -0.000006 0.000000 1.000000 0.000000 0.000000 1.000000 0.000000 -0.082049 0.996628 0.000000 -0.082049 0.996628 0.000000 0.000000 1.000000 -0.000005 0.000000 1.000000 -0.000005 -0.082049 0.996628 -0.000005 -0.082049 0.996628 -0.000005 0.000000 1.000000 -0.000025 0.000000 1.000000 -0.000025 -0.082049 0.996628 -0.000025 -0.082049 0.996628 -0.000025 0.000000 0.156440 -0.987687 0.000000 0.156440 -0.987687 0.000000 -0.156440 -0.987687 0.000000 -0.156440 -0.987687 0.000000 -0.453980 -0.891012 0.000000 -0.453980 -0.891012 0.000000 -0.707125 -0.707088 0.000000 -0.707125 -0.707088 0.000000 -0.891005 -0.453993 0.000000 -0.891005 -0.453993 0.000000 -0.987688 -0.156439 0.000000 -0.987688 -0.156439 0.000000 -0.987688 0.156439 0.000000 -0.987688 0.156439 0.000000 -0.891005 0.453993 0.000000 -0.891005 0.453993 0.000000 -0.707125 0.707088 0.000000 -0.707125 0.707088 0.000000 -0.453980 0.891012 
						0.000000 -0.453980 0.891012 0.000000 -0.156440 0.987687 0.000000 -0.156440 0.987687 0.000000 0.156440 0.987687 0.000000 0.156440 0.987687 0.000000 1.000000 0.000029 0.000000 1.000000 0.000029 -0.082049 0.996628 0.000029 -0.082049 0.996628 0.000029 0.000000 1.000000 0.000005 0.000000 1.000000 0.000005 -0.082049 0.996628 0.000005 -0.082049 0.996628 0.000005 0.000000 1.000000 0.000002 0.000000 1.000000 0.000002 -0.082049 0.996628 0.000002 -0.082049 0.996628 0.000002 0.000000 1.000000 0.000006 0.000000 1.000000 0.000006 -0.082049 0.996628 0.000006 -0.082049 0.996628 0.000006 1.000000 0.000000 0.000000 1.000000 0.000000 0.000000 1.000000 0.000000 0.000000 1.000000 0.000000 0.000000 1.000000 0.000000 0.000000 1.000000 0.000000 0.000000 1.000000 0.000000 0.000007 1.000000 0.000000 0.000007 1.000000 0.000000 0.000000 1.000000 0.000000 0.000000 0.000000 0.000000 1.000000 0.000000 0.000000 1.000000 0.000000 0.000000 1.000000 0.000000 0.000000 1.000000 1.000000 0.000000 0.000000 1.000000 0.000000 0.000000 1.000000 0.000000 0.000000 1.000000 0.000000 0.000000 0.000000 0.000000 -1.000000 0.000000 0.000000 -1.000000 0.000000 0.000000 -1.000000 0.000000 0.000000 -1.000000 1.000000 0.000000 0.000000 1.000000 0.000000 0.000000 1.000000 0.000000 0.000000 1.000000 0.000000 0.000000 -1.000000 0.000000 0.000000 -1.000000 0.000000 0.000000 -1.000000 0.000000 0.000000 -1.000000 0.000000 0.000000 -1.000000 -0.000000 -0.000007 -1.000000 -0.000000 -0.000007 -1.000000 0.000000 0.000000 -1.000000 0.000000 0.000000 -1.000000 0.000000 0.000000 -1.000000 0.000000 0.000000 0.000000 0.000000 -1.000000 0.000000 0.000000 -1.000000 0.000000 0.000000 -1.000000 0.000000 0.000000 -1.000000 -1.000000 0.000000 0.000000 -1.000000 0.000000 0.000000 -1.000000 0.000000 0.000000 
						-1.000000 0.000000 0.000000 0.000000 0.000000 1.000000 0.000000 0.000000 1.000000 0.000000 0.000000 1.000000 0.000000 0.000000 1.000000 -1.000000 0.000000 0.000000 -1.000000 0.000000 0.000000 -1.000000 0.000000 0.000000 -1.000000 0.000000 0.000000 0.000000 -1.000000 -0.000004 0.000000 -1.000000 -0.000004 0.000000 -1.000000 -0.000004 0.000000 -1.000000 -0.000004 0.000000 -1.000000 -0.000003 0.000000 -1.000000 -0.000003 0.000000 -1.000000 -0.000003 0.000000 -1.000000 -0.000003 0.000001 -1.000000 -0.000009 0.000001 -1.000000 -0.000009 0.000001 -1.000000 -0.000009 0.000001 -1.000000 -0.000009 0.000002 -1.000000 -0.000027 0.000002 -1.000000 -0.000027 0.000002 -1.000000 -0.000027 0.000002 -1.000000 -0.000027 0.000000 -1.000000 -0.000006 0.000000 -1.000000 -0.000006 0.000000 -1.000000 -0.000006 0.000000 -1.000000 -0.000006 0.000002 -1.000000 0.000024 0.000002 -1.000000 0.000024 0.000002 -1.000000 0.000024 0.000002 -1.000000 0.000024 0.000000 -1.000000 0.000004 0.000000 -1.000000 0.000004 0.000000 -1.000000 0.000004 0.000000 -1.000000 0.000004 0.000000 -1.000000 0.000006 0.000000 -1.000000 0.000006 0.000000 -1.000000 0.000006 0.000000 -1.000000 0.000006 0.000000 -1.000000 0.000002 0.000000 -1.000000 0.000002 0.000000 -1.000000 0.000002 0.000000 -1.000000 0.000002 0.000000 -1.000000 0.000004 0.000000 -1.000000 0.000004 0.000000 -1.000000 0.000004 0.000000 -1.000000 0.000004 0.000000 -1.000000 0.000004 0.000000 -1.000000 0.000004 0.000000 -1.000000 0.000004 0.000000 -1.000000 0.000002 0.000000 -1.000000 0.000002 0.000000 -1.000000 0.000002 0.000000 -1.000000 0.000002 0.000000 -1.000000 0.000006 0.000000 -1.000000 0.000006 0.000000 -1.000000 0.000006 0.000000 -1.000000 0.000006 -0.000002 -1.000000 0.000024 -0.000002 -1.000000 0.000024 -0.000002 -1.000000 0.000024 -0.000002 -1.000000 0.000024 
						0.000000 -1.000000 0.000004 0.000000 -1.000000 0.000004 0.000000 -1.000000 0.000004 0.000000 -1.000000 0.000004 -0.000002 -1.000000 -0.000027 -0.000002 -1.000000 -0.000027 -0.000002 -1.000000 -0.000027 -0.000002 -1.000000 -0.000027 0.000000 -1.000000 -0.000006 0.000000 -1.000000 -0.000006 0.000000 -1.000000 -0.000006 0.000000 -1.000000 -0.000006 -0.000001 -1.000000 -0.000009 -0.000001 -1.000000 -0.000009 -0.000001 -1.000000 -0.000009 -0.000001 -1.000000 -0.000009 -0.000000 -1.000000 -0.000003 -0.000000 -1.000000 -0.000003 -0.000000 -1.000000 -0.000003 -0.000000 -1.000000 -0.000003 -0.000000 -1.000000 -0.000004 -0.000000 -1.000000 -0.000004 -0.000000 -1.000000 -0.000004 1.000000 0.000000 0.000000 1.000000 0.000000 0.000000 1.000000 0.000000 0.000000 1.000000 0.000000 0.000000 1.000000 0.000000 0.000000 1.000000 0.000000 0.000000 1.000000 0.000000 0.000000 1.000000 0.000000 0.000000 1.000000 0.000000 0.000000 1.000000 0.000000 0.000000 0.000000 0.000000 1.000000 0.000000 0.000000 1.000000 0.000000 0.000000 1.000000 0.000000 0.000000 1.000000 1.000000 0.000000 0.000000 1.000000 0.000000 0.000000 1.000000 0.000000 0.000000 1.000000 0.000000 0.000000 0.000000 0.000000 -1.000000 0.000000 0.000000 -1.000000 0.000000 0.000000 -1.000000 0.000000 0.000000 -1.000000 1.000000 0.000000 0.000000 1.000000 0.000000 0.000000 1.000000 0.000000 0.000000 1.000000 0.000000 0.000000 -1.000000 0.000000 0.000000 -1.000000 0.000000 0.000000 -1.000000 0.000000 0.000000 -1.000000 0.000000 0.000000 -1.000000 0.000000 0.000000 -1.000000 0.000000 0.000000 -1.000000 0.000000 0.000000 -1.000000 0.000000 0.000000 -1.000000 0.000000 0.000000 -1.000000 0.000000 0.000000 0.000000 0.000000 -1.000000 0.000000 0.000000 -1.000000 0.000000 0.000000 -1.000000 0.000000 0.000000 -1.000000 -1.000000 0.000000 0.000000 
						-1.000000 0.000000 0.000000 -1.000000 0.000000 0.000000 -1.000000 0.000000 0.000000 0.000000 0.000000 1.000000 0.000000 0.000000 1.000000 0.000000 0.000000 1.000000 0.000000 0.000000 1.000000 -1.000000 -0.000000 -0.000001 -1.000000 -0.000000 -0.000001 -1.000000 0.000000 0.000000 -1.000000 0.000000 0.000000 0.589327 -0.795408 -0.141489 0.798261 -0.576802 -0.173430 0.730783 -0.577797 -0.363466 0.730478 -0.577475 -0.364588 0.574473 -0.818523 -0.000001 0.833685 -0.552240 -0.000001 0.589327 -0.795408 0.141488 0.798262 -0.576802 0.173430 -0.574473 -0.818524 -0.000001 -0.833664 -0.552271 -0.000000 -0.798245 -0.576823 0.173436 -0.589326 -0.795409 0.141489 -0.589326 -0.795409 -0.141490 -0.798245 -0.576823 -0.173436 -0.730473 -0.577481 -0.364590 -0.730777 -0.577802 -0.363468 0.730478 -0.577475 0.364588 0.730784 -0.577796 0.363465 -0.730778 -0.577802 0.363468 -0.730473 -0.577480 0.364590 0.589335 -0.795403 -0.141488 0.798272 -0.576788 -0.173426 0.730794 -0.577786 -0.363460 0.730489 -0.577465 -0.364583 0.574480 -0.818519 -0.000001 0.833695 -0.552225 0.000000 0.589335 -0.795403 0.141487 0.798272 -0.576788 0.173426 -0.798261 -0.576802 -0.173432 -0.589333 -0.795404 -0.141488 -0.730484 -0.577471 -0.364582 -0.730789 -0.577792 -0.363460 -0.833685 -0.552240 -0.000002 -0.574483 -0.818517 -0.000001 -0.798262 -0.576802 0.173430 -0.589333 -0.795404 0.141486 0.730489 -0.577464 0.364583 0.730794 -0.577786 0.363460 -0.730790 -0.577792 0.363460 -0.730485 -0.577470 0.364582 0.711375 0.670198 0.211614 0.711375 0.670197 0.211615 0.708931 0.593426 0.381132 0.708931 0.593426 0.381133 0.711469 0.702717 0.000001 0.711469 0.702717 0.000000 0.711375 0.670198 -0.211614 0.711375 0.670198 -0.211614 -0.711469 0.702717 0.000001 -0.711469 0.702717 0.000001 -0.711375 0.670198 -0.211614 -0.711375 0.670198 -0.211613 -0.711375 0.670198 0.211614 
						-0.711375 0.670197 0.211615 -0.708932 0.593426 0.381132 -0.708932 0.593426 0.381132 0.708931 0.593426 -0.381133 0.708931 0.593426 -0.381132 -0.708931 0.593427 -0.381132 -0.708931 0.593426 -0.381132 0.711387 0.670187 0.211609 0.711387 0.670187 0.211609 0.708942 0.593416 0.381128 0.708942 0.593416 0.381129 0.711480 0.702706 -0.000001 0.711480 0.702706 -0.000001 0.711387 0.670187 -0.211610 0.711386 0.670187 -0.211611 -0.711386 0.670186 0.211615 -0.711386 0.670186 0.211614 -0.708942 0.593416 0.381129 -0.708942 0.593416 0.381128 -0.711480 0.702706 0.000001 -0.711480 0.702706 0.000001 -0.711386 0.670186 -0.211614 -0.711386 0.670186 -0.211613 0.708942 0.593416 -0.381129 0.708942 0.593416 -0.381129 -0.708942 0.593416 -0.381129 -0.708942 0.593416 -0.381129 0.709457 -0.495329 -0.501318 0.709457 -0.495328 -0.501319 -0.709457 -0.495329 -0.501318 -0.709457 -0.495329 -0.501318 0.709438 0.491580 0.505023 0.709438 0.491579 0.505023 -0.709438 0.491579 0.505023 -0.709438 0.491580 0.505023 0.709457 -0.495329 0.501318 0.709457 -0.495329 0.501318 -0.709457 -0.495329 0.501318 -0.709457 -0.495329 0.501318 -0.709437 0.491580 -0.505023 -0.709437 0.491579 -0.505023 0.709437 0.491579 -0.505023 0.709437 0.491580 -0.505023 -0.709468 -0.495321 -0.501310 -0.709468 -0.495321 -0.501310 0.709470 -0.495322 -0.501307 0.709470 -0.495322 -0.501307 0.709448 0.491571 0.505017 0.709448 0.491570 0.505017 -0.709451 0.491573 0.505011 -0.709451 0.491573 0.505010 -0.709469 -0.495321 0.501310 -0.709469 -0.495321 0.501310 0.709470 -0.495321 0.501307 0.709470 -0.495322 0.501307 -0.709451 0.491573 -0.505010 -0.709451 0.491573 -0.505011 0.709448 0.491571 -0.505017 0.709447 0.491571 -0.505017 0.707098 -0.437976 -0.555147 0.707098 -0.437976 -0.555147 -0.707099 -0.437977 -0.555147 -0.707099 -0.437977 -0.555147 0.723556 0.314597 0.614407 
						0.723556 0.314597 0.614407 -0.723556 0.314597 0.614407 -0.723556 0.314597 0.614407 0.707099 -0.437977 0.555147 0.707099 -0.437977 0.555147 -0.707098 -0.437976 0.555147 -0.707098 -0.437976 0.555147 -0.723556 0.314597 -0.614407 -0.723555 0.314597 -0.614407 0.723556 0.314597 -0.614407 0.723556 0.314597 -0.614407 -0.707108 -0.437968 -0.555142 -0.707108 -0.437968 -0.555142 0.707115 -0.437973 -0.555129 0.707115 -0.437973 -0.555129 0.723566 0.314591 0.614398 0.723566 0.314592 0.614398 -0.723571 0.314592 0.614391 -0.723571 0.314592 0.614391 -0.707108 -0.437968 0.555142 -0.707108 -0.437968 0.555142 0.707115 -0.437973 0.555129 0.707115 -0.437973 0.555129 -0.723568 0.314594 -0.614393 -0.723568 0.314595 -0.614393 0.723566 0.314592 -0.614398 0.723566 0.314591 -0.614398 0.707106 0.000000 0.707108 0.707106 0.000000 0.707108 0.723556 0.314597 0.614407 0.723556 0.314597 0.614407 -0.707106 0.000000 0.707107 -0.707106 0.000000 0.707107 -0.723556 0.314597 0.614407 -0.723556 0.314597 0.614407 0.707106 0.000000 -0.707107 0.707106 0.000000 -0.707107 0.723556 0.314597 -0.614407 0.723556 0.314597 -0.614407 -0.707106 -0.000000 -0.707108 -0.707106 -0.000000 -0.707108 -0.723555 0.314597 -0.614407 -0.723556 0.314597 -0.614407 -0.707121 0.000000 0.707092 -0.707122 0.000000 0.707092 -0.723571 0.314592 0.614391 -0.723571 0.314592 0.614391 0.707112 0.000000 0.707101 0.707112 0.000000 0.707102 0.723566 0.314592 0.614398 0.723566 0.314591 0.614398 -0.707112 -0.000000 -0.707101 -0.707112 -0.000000 -0.707101 -0.723568 0.314595 -0.614393 -0.723568 0.314594 -0.614393 0.707112 0.000000 -0.707101 0.707112 0.000000 -0.707101 0.723566 0.314591 -0.614398 0.723566 0.314592 -0.614398 0.000000 0.953632 0.300976 0.000000 1.000000 0.000001 0.000000 1.000000 0.000001 0.000000 0.953632 0.300976 0.000000 0.953632 -0.300975 
						0.000000 0.953632 -0.300975 0.000000 0.953632 0.300976 0.000000 0.953632 0.300976 0.000000 1.000000 0.000001 0.000000 1.000000 0.000001 0.000000 0.953632 -0.300975 0.000000 0.953632 -0.300975 0.505106 -0.853908 -0.125335 0.509121 -0.860695 -0.000001 -0.509124 -0.860693 -0.000001 -0.505110 -0.853906 -0.125334 0.000000 0.000000 1.000000 0.000000 0.000000 1.000000 0.000000 0.000000 1.000000 0.000000 0.000000 1.000000 0.505106 -0.853908 0.125333 0.000000 0.000000 -1.000000 0.000000 0.000000 -1.000000 0.000000 0.000000 -1.000000 0.000000 0.000000 -1.000000 -0.505110 -0.853906 0.125333 0.000000 0.000000 1.000000 0.000000 0.000000 1.000000 0.000000 0.000000 1.000000 0.000000 0.000000 1.000000 0.505112 -0.853905 -0.125334 0.509126 -0.860692 -0.000001 -0.509130 -0.860690 -0.000001 -0.505116 -0.853903 -0.125332 0.505112 -0.853905 0.125332 0.000000 0.000000 -1.000000 0.000000 0.000000 -1.000000 0.000000 0.000000 -1.000000 0.000000 0.000000 -1.000000 -0.505115 -0.853903 0.125331 1.000000 0.000000 0.000000 1.000000 0.000000 0.000000 1.000000 0.000000 0.000000 1.000000 0.000000 0.000000 -1.000000 0.000000 0.000000 -1.000000 -0.000000 -0.000000 -1.000000 -0.000000 -0.000000 -1.000000 0.000000 0.000000 0.000000 0.000000 1.000000 0.000000 0.000000 1.000000 0.000000 0.000000 1.000000 0.000000 0.000000 1.000000 1.000000 0.000000 0.000000 1.000000 0.000000 0.000000 0.000000 0.000000 -1.000000 0.000000 0.000000 -1.000000 0.000000 0.000000 -1.000000 0.000000 0.000000 -1.000000 -1.000000 0.000000 0.000000 -1.000000 0.000000 0.000000 0.000000 0.000000 1.000000 0.000000 0.000000 1.000000 0.000000 0.000000 1.000000 0.000000 0.000000 1.000000 1.000000 0.000000 0.000001 1.000000 0.000000 0.000000 1.000000 0.000000 0.000000 1.000000 0.000000 0.000002 -1.000000 -0.000000 -0.000001 
						-1.000000 -0.000000 -0.000001 -1.000000 -0.000000 -0.000001 -1.000000 -0.000000 -0.000001 1.000000 0.000000 0.000000 1.000000 0.000000 -0.000001 0.000000 0.000000 -1.000000 0.000000 0.000000 -1.000000 0.000000 0.000000 -1.000000 0.000000 0.000000 -1.000000 -1.000000 0.000000 0.000000 -1.000000 0.000000 0.000000 0.000000 -0.903854 -0.427840 0.000000 -0.903854 -0.427840 0.000000 -0.849203 -0.528067 0.000000 -0.849203 -0.528067 1.000000 0.000000 0.000000 1.000000 0.000000 0.000000 0.000000 0.841474 0.540297 0.000000 0.841474 0.540297 -1.000000 0.000000 0.000000 -1.000000 -0.000000 -0.000000 0.000000 -0.903854 0.427840 0.000000 -0.903854 0.427840 0.000000 -0.849203 0.528067 0.000000 -0.849203 0.528067 -1.000000 0.000000 0.000000 -1.000000 -0.000000 -0.000000 0.000000 0.841474 -0.540297 0.000000 0.841474 -0.540297 1.000000 0.000000 0.000000 1.000000 0.000000 0.000000 0.000000 -0.903854 -0.427840 0.000000 -0.903854 -0.427840 0.000000 -0.849203 -0.528066 0.000000 -0.849203 -0.528067 1.000000 0.000000 -0.000001 1.000000 0.000000 -0.000003 0.000000 0.841474 0.540297 0.000000 0.841474 0.540297 -1.000000 -0.000000 -0.000006 -1.000000 -0.000000 -0.000002 0.000000 -0.903854 0.427840 0.000000 -0.903854 0.427840 0.000000 -0.849203 0.528067 0.000000 -0.849203 0.528066 -1.000000 0.000000 0.000001 -1.000000 0.000000 0.000003 0.000000 0.841474 -0.540297 0.000000 0.841474 -0.540297 1.000000 0.000000 0.000004 1.000000 0.000000 0.000002 0.000000 -0.697157 -0.716919 0.000000 -0.697157 -0.716919 1.000000 0.000000 0.000000 1.000000 0.000000 0.000000 0.000000 0.697157 0.716919 0.000000 0.697157 0.716919 -1.000000 0.000000 0.000000 -1.000000 0.000000 0.000000 0.000000 -0.697157 0.716919 0.000000 -0.697157 0.716919 -1.000000 -0.000000 -0.000000 -1.000000 0.000000 0.000000 0.000000 0.697157 -0.716919 
						0.000000 0.697157 -0.716919 1.000000 0.000000 -0.000001 1.000000 0.000000 0.000000 0.000000 -0.697157 -0.716919 0.000000 -0.697157 -0.716919 1.000000 0.000000 -0.000004 1.000000 0.000000 -0.000001 0.000000 0.697157 0.716919 0.000000 0.697157 0.716919 -1.000000 0.000000 0.000008 -1.000000 -0.000000 -0.000007 0.000000 -0.697157 0.716919 0.000000 -0.697157 0.716919 -1.000000 0.000000 0.000003 -1.000000 -0.000000 -0.000004 0.000000 0.697157 -0.716919 0.000000 0.697157 -0.716919 1.000000 0.000000 0.000001 1.000000 0.000000 0.000004 0.000000 -0.619385 -0.785088 0.000000 -0.619385 -0.785088 1.000000 0.000000 0.000000 1.000000 0.000000 0.000000 0.000000 0.619385 0.785088 0.000000 0.619385 0.785088 -1.000000 0.000000 0.000000 -1.000000 0.000000 0.000000 0.000000 -0.619385 0.785088 0.000000 -0.619385 0.785088 -1.000000 0.000000 0.000000 -1.000000 0.000000 0.000000 0.000000 0.619385 -0.785088 0.000000 0.619385 -0.785088 1.000000 0.000000 -0.000001 1.000000 0.000000 -0.000001 0.000000 -0.619384 -0.785088 0.000000 -0.619384 -0.785088 1.000000 0.000000 0.000000 1.000000 0.000000 0.000000 0.000000 0.619385 0.785088 0.000000 0.619385 0.785088 -1.000000 0.000000 0.000013 -1.000000 0.000000 0.000013 0.000000 -0.619384 0.785088 0.000000 -0.619384 0.785088 -1.000000 -0.000000 -0.000006 -1.000000 -0.000000 -0.000006 0.000000 0.619385 -0.785088 0.000000 0.619385 -0.785088 1.000000 0.000000 0.000000 1.000000 0.000000 0.000000 0.000000 0.156440 -0.987687 0.000000 0.156440 -0.987687 0.000000 -0.156440 -0.987687 0.000000 -0.156440 -0.987687 0.000000 -0.453980 -0.891012 0.000000 -0.453980 -0.891012 0.000000 -0.707125 -0.707088 0.000000 -0.707125 -0.707088 0.000000 -0.891005 -0.453994 0.000000 -0.891005 -0.453994 0.000000 -0.987688 -0.156439 0.000000 -0.987688 -0.156439 0.000000 -0.987688 0.156439 
						0.000000 -0.987688 0.156439 0.000000 -0.891005 0.453994 0.000000 -0.891005 0.453994 0.000000 -0.707125 0.707088 0.000000 -0.707125 0.707088 0.000000 -0.453980 0.891012 0.000000 -0.453980 0.891012 0.000000 -0.156440 0.987687 0.000000 -0.156440 0.987687 0.000000 0.156440 0.987687 0.000000 0.156440 0.987687 0.000000 0.000000 1.000000 0.000000 0.000000 1.000000 0.000000 -1.000000 -0.000006 0.000000 -1.000000 -0.000006 0.000000 0.000000 1.000000 0.000000 0.000000 1.000000 0.000000 0.000000 1.000000 0.000000 0.000000 1.000000 -0.097112 0.995273 0.000029 -0.097112 0.995273 0.000029 -0.097112 0.995273 0.000005 -0.097112 0.995273 0.000005 -0.097112 0.995273 0.000002 -0.097112 0.995273 0.000002 -0.097112 0.995273 0.000006 -0.097112 0.995273 0.000006 -0.097112 0.995273 -0.000006 -0.097112 0.995273 -0.000006 -0.097112 0.995273 0.000000 -0.097112 0.995273 0.000000 -0.097112 0.995273 -0.000005 -0.097112 0.995273 -0.000005 -0.097112 0.995273 -0.000025 -0.097112 0.995273 -0.000025 0.000000 0.000000 -1.000000 0.000000 0.000000 -1.000000 0.000000 0.000000 -1.000000 0.000000 0.000000 -1.000000 0.000000 -1.000000 0.000004 0.000000 -1.000000 0.000004 0.000000 0.000000 -1.000000 0.000000 0.000000 -1.000000 0.000000 0.156440 0.987687 0.000000 0.156440 0.987687 0.000000 -0.156440 0.987687 0.000000 -0.156440 0.987687 0.000000 -0.453980 0.891012 0.000000 -0.453980 0.891012 0.000000 -0.707125 0.707088 0.000000 -0.707125 0.707088 0.000000 -0.891005 0.453993 0.000000 -0.891005 0.453993 0.000000 -0.987688 0.156439 0.000000 -0.987688 0.156439 0.000000 -0.987688 -0.156439 0.000000 -0.987688 -0.156439 0.000000 -0.891005 -0.453993 0.000000 -0.891005 -0.453993 0.000000 -0.707125 -0.707088 0.000000 -0.707125 -0.707088 0.000000 -0.453980 -0.891012 0.000000 -0.453980 -0.891012 0.000000 -0.156440 -0.987687 
						0.000000 -0.156440 -0.987687 0.000000 0.156440 -0.987687 0.000000 0.156440 -0.987687 0.000000 0.000000 -1.000000 0.000000 0.000000 -1.000000 0.000000 -1.000000 0.000004 0.000000 -1.000000 0.000004 0.000000 0.000000 -1.000000 0.000000 0.000000 -1.000000 0.000000 0.000000 -1.000000 0.000000 0.000000 -1.000000 0.097111 0.995273 -0.000025 0.097111 0.995273 -0.000025 0.097111 0.995273 -0.000005 0.097111 0.995273 -0.000005 0.097111 0.995273 0.000000 0.097111 0.995273 0.000000 0.097111 0.995273 -0.000006 0.097111 0.995273 -0.000006 0.097111 0.995273 0.000006 0.097111 0.995273 0.000006 0.097111 0.995273 0.000002 0.097111 0.995273 0.000002 0.097111 0.995273 0.000005 0.097111 0.995273 0.000005 0.097111 0.995273 0.000029 0.097111 0.995273 0.000029 0.000000 0.000000 1.000000 0.000000 0.000000 1.000000 0.000000 0.000000 1.000000 0.000000 0.000000 1.000000 0.000000 -1.000000 -0.000006 0.000000 -1.000000 -0.000006 0.000000 0.000000 1.000000 0.000000 0.000000 1.000000 -1.000000 0.000000 0.000000 -1.000000 0.000000 0.000000 -1.000000 0.000000 0.000000 -1.000000 0.000000 0.000000 0.000000 -1.000000 0.000000 0.000000 -1.000000 0.000000 0.000000 -1.000000 0.000000 0.000000 -1.000000 0.000000 1.000000 0.000000 0.000000 1.000000 0.000000 0.000000 0.000000 1.000000 0.000000 0.000000 1.000000 0.000000 0.000000 1.000000 0.000000 0.000000 1.000000 0.000000 0.000000 -1.000000 0.000000 0.000000 -1.000000 0.000000 0.000000 -1.000000 0.000000 0.000000 -1.000000 0.000000 -1.000000 0.000000 0.000000 -1.000000 0.000000 0.000000 -1.000000 0.000000 0.000000 -1.000000 0.000000 0.000000 0.000000 1.000000 0.000000 0.000000 1.000000 0.000000 0.000000 1.000000 0.000000 0.000000 1.000000 0.000000 1.000000 0.000000 0.000000 1.000000 0.000000 0.000000 1.000000 0.000000 0.000000 
						1.000000 0.000000 0.000000 1.000000 0.000000 0.000000 1.000000 0.000000 0.000000 0.000000 -1.000000 0.000000 0.000000 -1.000000 0.000000 0.000000 -1.000000 0.000000 0.000000 -1.000000 0.000000 -1.000000 0.000000 0.000000 -1.000000 0.000000 0.000000 0.000000 1.000000 0.000000 0.000000 1.000000 0.000000 0.000000 1.000000 0.000000 0.000000 1.000000 0.000000 0.000000 -1.000000 0.000000 0.000000 -1.000000 0.000000 0.000000 -1.000000 0.000000 0.000000 -1.000000 0.000000 1.000000 0.000000 0.000000 1.000000 0.000000 0.000000 1.000000 0.000000 0.000000 1.000000 0.000000 0.000000 0.000000 1.000000 0.000000 0.000000 1.000000 0.000000 0.000000 1.000000 0.000000 0.000000 1.000000 0.000000 -1.000000 0.000000 0.000000 -1.000000 0.000000 0.000000 0.000000 -1.000000 0.000000 0.000000 -1.000000 0.000000 1.000000 0.000000 0.000000 1.000000 0.000000 0.000000 0.000000 1.000000 0.000000 0.000000 1.000000 0.000000 0.000000 -1.000000 0.000000 0.000000 -1.000000 0.000000 0.000000 1.000000 0.000000 0.000000 1.000000 0.000000 1.000000 0.000000 0.000000 1.000000 0.000000 0.000000 0.000000 -1.000000 0.000000 0.000000 -1.000000 0.000000 -1.000000 0.000000 0.000000 -1.000000 0.000000 0.000000 0.000000 1.000000 0.000000 0.000000 1.000000 0.000000 0.000000 -1.000000 0.000000 0.000000 -1.000000 0.000000 0.000000 1.000000 0.000000 0.000000 1.000000 0.000000 -1.000000 0.000000 0.000000 -1.000000 0.000000 0.000000 0.000000 0.000000 -1.000000 0.000000 0.000000 -1.000000 0.000000 0.000000 -1.000000 0.000000 0.000000 -1.000000 0.000000 0.000000 1.000000 0.000000 0.000000 1.000000 0.000000 0.000000 1.000000 0.000000 0.000000 1.000000 0.000000 0.156440 -0.987687 0.000000 0.156440 -0.987687 0.000000 -0.156440 -0.987687 0.000000 -0.156440 -0.987687 0.000000 -0.453980 -0.891012 
						0.000000 -0.453980 -0.891012 0.000000 -0.707125 -0.707088 0.000000 -0.707125 -0.707088 0.000000 -0.891005 -0.453994 0.000000 -0.891005 -0.453994 0.000000 -0.987688 -0.156439 0.000000 -0.987688 -0.156439 0.000000 -0.987688 0.156439 0.000000 -0.987688 0.156439 0.000000 -0.891005 0.453994 0.000000 -0.891005 0.453994 0.000000 -0.707125 0.707088 0.000000 -0.707125 0.707088 0.000000 -0.453980 0.891012 0.000000 -0.453980 0.891012 0.000000 -0.156440 0.987687 0.000000 -0.156440 0.987687 0.000000 0.156440 0.987687 0.000000 0.156440 0.987687 0.000000 0.000000 1.000000 0.000000 0.000000 1.000000 0.000000 -1.000000 -0.000006 0.000000 -1.000000 -0.000006 0.000000 0.000000 1.000000 0.000000 0.000000 1.000000 0.000000 1.000000 0.000063 0.000000 1.000000 0.000063 0.000000 1.000000 0.000063 0.000000 1.000000 0.000063 0.000000 1.000000 0.000000 0.000000 1.000000 0.000000 0.000000 1.000000 0.000000 0.000000 1.000000 0.000000 0.000000 1.000000 0.000016 0.000000 1.000000 0.000016 0.000000 1.000000 0.000016 0.000000 1.000000 0.000016 0.000000 1.000000 0.000000 0.000000 1.000000 0.000000 0.000000 1.000000 0.000000 0.000000 1.000000 0.000000 0.000000 1.000000 0.000000 0.000000 1.000000 0.000000 0.000000 1.000000 0.000000 0.000000 1.000000 0.000000 0.000000 1.000000 -0.000020 0.000000 1.000000 -0.000020 0.000000 1.000000 -0.000020 0.000000 1.000000 -0.000020 0.000000 1.000000 -0.000031 0.000000 1.000000 -0.000031 0.000000 1.000000 -0.000031 0.000000 1.000000 -0.000031 0.000000 0.000000 -1.000000 0.000000 0.000000 -1.000000 0.000000 -1.000000 0.000004 0.000000 -1.000000 0.000004 0.000000 0.000000 -1.000000 0.000000 0.000000 -1.000000 0.000000 1.000000 -0.000031 0.000000 1.000000 -0.000031 0.000000 1.000000 -0.000020 0.000000 1.000000 -0.000020 0.000000 1.000000 0.000000 
						0.000000 1.000000 0.000000 0.000000 1.000000 0.000000 0.000000 1.000000 0.000000 0.000000 1.000000 0.000016 0.000000 1.000000 0.000016 0.000000 1.000000 0.000000 0.000000 1.000000 0.000000 0.000000 1.000000 0.000063 0.000000 1.000000 0.000063 -1.000000 0.000000 0.000000 -1.000000 0.000000 0.000000 -1.000000 0.000000 0.000000 -1.000000 0.000000 0.000000 0.000000 0.000000 1.000000 0.000000 0.000000 1.000000 -1.000000 0.000000 0.000000 -1.000000 0.000000 0.000000 -1.000000 0.000000 0.000000 -1.000000 0.000000 0.000000 -1.000000 0.000000 0.000001 -1.000000 0.000000 0.000001 -1.000000 -0.000000 -0.000001 -1.000000 -0.000000 -0.000001 -1.000000 0.000000 0.000000 -1.000000 0.000000 0.000000 -1.000000 0.000000 0.000000 -1.000000 0.000000 0.000000 -1.000000 0.000000 0.000000 -1.000000 0.000000 0.000000 0.000000 0.000000 -1.000000 0.000000 0.000000 -1.000000 1.000000 0.000000 0.000000 1.000000 0.000000 0.000000 1.000000 0.000000 0.000000 1.000000 0.000000 0.000000 0.000000 0.000000 -1.000000 1.000000 0.000000 0.000000 1.000000 0.000000 0.000000 1.000000 0.000000 0.000000 1.000000 0.000000 0.000000 1.000000 0.000000 0.000000 1.000000 0.000000 0.000000 1.000000 0.000000 0.000000 1.000000 0.000000 0.000000 1.000000 0.000000 0.000000 1.000000 0.000000 0.000000 1.000000 0.000000 0.000000 1.000000 0.000000 0.000000 1.000000 0.000000 0.000000 1.000000 0.000000 0.000000 0.000000 0.000000 1.000000 0.000006 1.000000 0.000033 0.000006 1.000000 0.000033 0.000006 1.000000 0.000033 0.000006 1.000000 0.000033 0.000000 1.000000 0.000000 0.000000 1.000000 0.000000 0.000000 1.000000 0.000000 0.000000 1.000000 0.000000 0.000001 1.000000 0.000007 0.000001 1.000000 0.000007 0.000001 1.000000 0.000007 0.000001 1.000000 0.000007 0.000001 1.000000 0.000006 
						0.000001 1.000000 0.000006 0.000001 1.000000 0.000006 0.000001 1.000000 0.000006 0.000000 1.000000 0.000005 0.000000 1.000000 0.000005 0.000000 1.000000 0.000005 0.000000 1.000000 0.000005 0.000000 1.000000 -0.000005 0.000000 1.000000 -0.000005 0.000000 1.000000 -0.000005 0.000000 1.000000 0.000000 0.000000 1.000000 0.000000 0.000000 1.000000 0.000000 0.000000 1.000000 0.000000 0.000001 1.000000 -0.000007 0.000001 1.000000 -0.000007 0.000001 1.000000 -0.000007 0.000001 1.000000 -0.000007 0.000007 1.000000 -0.000033 0.000007 1.000000 -0.000033 0.000007 1.000000 -0.000033 0.000007 1.000000 -0.000033 0.000000 1.000000 0.000000 0.000000 1.000000 0.000000 0.000000 1.000000 0.000000 0.000000 1.000000 0.000000 -0.000007 1.000000 -0.000033 -0.000007 1.000000 -0.000033 -0.000007 1.000000 -0.000033 -0.000007 1.000000 -0.000033 0.000000 1.000000 0.000000 0.000000 1.000000 0.000000 -0.000001 1.000000 -0.000007 -0.000001 1.000000 -0.000007 -0.000001 1.000000 -0.000007 -0.000001 1.000000 -0.000007 0.000000 1.000000 0.000000 0.000000 1.000000 0.000000 0.000000 1.000000 0.000000 0.000000 1.000000 0.000000 0.000000 1.000000 -0.000005 0.000000 1.000000 -0.000005 0.000000 1.000000 -0.000005 0.000000 1.000000 -0.000005 0.000000 1.000000 0.000005 0.000000 1.000000 0.000005 0.000000 1.000000 0.000005 -0.000001 1.000000 0.000006 -0.000001 1.000000 0.000006 -0.000001 1.000000 0.000006 -0.000001 1.000000 0.000006 -0.000001 1.000000 0.000007 -0.000001 1.000000 0.000007 -0.000001 1.000000 0.000007 -0.000001 1.000000 0.000007 -0.000006 1.000000 0.000033 -0.000006 1.000000 0.000033 -0.000006 1.000000 0.000033 -0.000006 1.000000 0.000033 0.000000 1.000000 0.000000 0.000000 1.000000 0.000000 -1.000000 -0.000000 -0.000009 -1.000000 -0.000000 -0.000009 -1.000000 -0.000000 -0.000004 
						-1.000000 -0.000000 -0.000004 0.000000 -0.000001 1.000000 0.000000 -0.000001 1.000000 0.000000 -0.000001 1.000000 0.000000 -0.000001 1.000000 -1.000000 0.000000 0.000000 -1.000000 0.000000 0.000000 -1.000000 0.000000 0.000000 -1.000000 0.000000 0.000000 -1.000000 -0.000000 -0.000004 -1.000000 -0.000000 -0.000004 -1.000000 -0.000000 -0.000002 -1.000000 -0.000000 -0.000002 -1.000000 0.000000 0.000000 -1.000000 0.000000 0.000000 -1.000000 0.000000 0.000000 -1.000000 0.000000 0.000000 -1.000000 0.000000 0.000000 -1.000000 0.000000 0.000000 -1.000000 0.000000 0.000000 -1.000000 0.000000 0.000000 -1.000000 0.000000 0.000006 -1.000000 0.000000 0.000006 -1.000000 0.000000 0.000003 -1.000000 0.000000 0.000003 -1.000000 0.000000 0.000000 -1.000000 0.000000 0.000000 -1.000000 0.000000 0.000000 -1.000000 0.000000 0.000000 0.000000 0.000001 -1.000000 0.000000 0.000001 -1.000000 0.000000 0.000001 -1.000000 0.000000 0.000001 -1.000000 1.000000 0.000000 0.000000 1.000000 0.000000 0.000000 1.000000 0.000000 0.000000 1.000000 0.000000 0.000000 0.000000 0.000001 -1.000000 0.000000 0.000001 -1.000000 1.000000 0.000000 0.000006 1.000000 0.000000 0.000006 1.000000 0.000000 0.000003 1.000000 0.000000 0.000003 1.000000 0.000000 0.000000 1.000000 0.000000 0.000000 1.000000 0.000000 0.000000 1.000000 0.000000 0.000000 1.000000 0.000000 -0.000004 1.000000 0.000000 -0.000004 1.000000 0.000000 -0.000002 1.000000 0.000000 -0.000002 1.000000 0.000000 0.000004 1.000000 0.000000 0.000004 1.000000 0.000000 0.000002 1.000000 0.000000 0.000002 1.000000 0.000000 -0.000004 1.000000 0.000000 -0.000004 1.000000 0.000000 -0.000002 1.000000 0.000000 -0.000002 1.000000 0.000000 0.000006 1.000000 0.000000 0.000006 1.000000 0.000000 0.000003 1.000000 0.000000 0.000003 1.000000 0.000000 -0.000009 
						1.000000 0.000000 -0.000009 1.000000 0.000000 -0.000004 1.000000 0.000000 -0.000004 0.000000 -0.000001 1.000000 0.000000 -0.000001 1.000000 -1.000000 0.000000 0.000000 -1.000000 0.000000 0.000000 -1.000000 0.000000 0.000000 -1.000000 0.000000 0.000000 -1.000000 0.000000 0.000000 -1.000000 0.000000 0.000000 -1.000000 0.000000 0.000000 -1.000000 0.000000 0.000000 -1.000000 0.000000 0.000000 -1.000000 0.000000 0.000000 -1.000000 0.000000 0.000000 -1.000000 0.000000 0.000000 -1.000000 0.000000 0.000000 -1.000000 0.000000 0.000000 0.000000 0.000001 -1.000000 0.000000 0.000001 -1.000000 0.000000 0.000001 -1.000000 0.000000 0.000001 -1.000000 0.000000 0.000001 -1.000000 0.000000 0.000001 -1.000000 1.000000 0.000000 0.000000 1.000000 0.000000 0.000000 1.000000 0.000000 0.000000 1.000000 0.000000 0.000000 1.000000 0.000000 0.000000 1.000000 0.000000 0.000000 1.000000 0.000000 0.000000 1.000000 0.000000 0.000000 1.000000 0.000000 0.000000 1.000000 0.000000 0.000000 1.000000 0.000000 0.000000 1.000000 0.000000 0.000000 1.000000 0.000000 0.000000 1.000000 0.000000 0.000000 1.000000 0.000000 0.000000 1.000000 0.000000 0.000000 0.000000 -0.000001 1.000000 0.000000 -0.000001 1.000000 0.000000 -0.000001 1.000000 0.000000 -1.000000 0.000000 0.000000 -1.000000 0.000000 0.000000 -1.000000 0.000000 0.000000 -1.000000 0.000000 -0.035720 -0.000001 0.999362 -0.035720 -0.000001 0.999362 -0.035720 -0.000001 0.999362 -0.035720 -0.000001 0.999362 0.000000 1.000000 0.000000 0.000000 1.000000 0.000000 0.000000 1.000000 0.000000 0.000000 1.000000 0.000000 0.000000 -1.000000 0.000000 0.000000 -1.000000 0.000000 0.000000 -1.000000 0.000000 0.000000 -1.000000 0.000000 0.000000 1.000000 0.000000 0.000000 1.000000 0.000000 0.035720 -0.000001 0.999362 0.035720 -0.000001 0.999362 
						0.035720 -0.000001 0.999362 0.035720 -0.000001 0.999362 0.000000 -1.000000 0.000000 0.000000 -1.000000 0.000000 -1.000000 0.000000 0.000000 -1.000000 0.000000 0.000000 -1.000000 0.000000 0.000000 -1.000000 0.000000 0.000000 0.000000 1.000000 0.000000 0.000000 1.000000 0.000000 0.000000 -1.000000 0.000000 0.000000 -1.000000 0.000000 0.000000 -1.000000 0.000000 0.000000 -1.000000 0.000000 0.000000 1.000000 0.000000 1.000000 0.000000 0.000000 1.000000 0.000000 0.000000 1.000000 0.000000 0.000000 1.000000 0.000000 0.000000 0.000000 0.000000 -1.000000 0.000000 0.000000 -1.000000 0.000000 0.000000 -1.000000 0.000000 0.000000 -1.000000 0.000000 0.000001 -1.000000 0.000000 0.000001 -1.000000 0.000000 0.000001 -1.000000 0.000000 0.000001 -1.000000 0.000000 0.000000 -1.000000 0.000000 0.000000 -1.000000 0.000000 0.000000 -1.000000 0.000000 0.000000 -1.000000 0.000000 0.000000 -1.000000 0.000000 0.000000 -1.000000 0.000000 0.000000 -1.000000 0.000000 0.000000 -1.000000 0.000000 0.000001 -1.000000 0.000000 0.000001 -1.000000 0.000000 0.000001 -1.000000 0.000000 0.000001 -1.000000 0.000000 1.000000 0.000000 0.000000 1.000000 0.000000 0.000000 1.000000 0.000000 0.000000 1.000000 0.000000 1.000000 0.000000 0.000000 1.000000 0.000000 0.000000 1.000000 0.000000 0.000000 1.000000 0.000000 0.000000 0.000000 -1.000000 0.000000 0.000000 -1.000000 0.000000 0.000000 -1.000000 0.000000 0.000000 -1.000000 0.000000 0.000000 1.000000 0.000000 0.000000 1.000000 0.000000 0.000000 -1.000000 0.000000 0.000000 -1.000000 0.000000 -1.000000 0.000000 0.000000 -1.000000 0.000000 0.000000 -1.000000 0.000000 0.000000 -1.000000 0.000000 0.000000 0.000000 0.891007 -0.453989 0.000000 0.891007 -0.453989 0.000000 0.891007 -0.453989 0.000000 0.891007 -0.453989 0.000000 0.707106 -0.707107 
						0.000000 0.707106 -0.707107 0.000000 0.707106 -0.707107 0.000000 0.707106 -0.707107 0.000000 0.453986 -0.891009 0.000000 0.453986 -0.891009 0.000000 0.453986 -0.891009 0.000000 0.453986 -0.891009 0.000000 0.156434 -0.987688 0.000000 0.156434 -0.987688 0.000000 0.156434 -0.987688 0.000000 0.156434 -0.987688 0.000000 -0.156434 -0.987688 0.000000 -0.156434 -0.987688 0.000000 -0.156434 -0.987688 0.000000 -0.156434 -0.987688 0.000000 -0.453985 -0.891009 0.000000 -0.453985 -0.891009 0.000000 -0.453985 -0.891009 0.000000 -0.453985 -0.891009 0.000000 -0.707106 -0.707107 0.000000 -0.707106 -0.707107 0.000000 -0.707106 -0.707107 0.000000 -0.707106 -0.707107 0.000000 -0.891007 -0.453989 0.000000 -0.891007 -0.453989 0.000000 -0.891007 -0.453989 0.000000 -0.891007 -0.453989 0.000000 -0.987688 -0.156435 0.000000 -0.987688 -0.156435 0.000000 -0.987688 -0.156435 0.000000 -0.987688 -0.156435 0.000000 -0.987688 0.156435 0.000000 -0.987688 0.156435 0.000000 -0.987688 0.156435 0.000000 -0.987688 0.156435 0.000000 -0.891007 0.453989 0.000000 -0.891007 0.453989 0.000000 -0.891007 0.453989 0.000000 -0.891007 0.453989 0.000000 -0.707106 0.707107 0.000000 -0.707106 0.707107 0.000000 -0.707106 0.707107 0.000000 -0.707106 0.707107 0.000000 -0.453985 0.891009 0.000000 -0.453985 0.891009 0.000000 -0.453985 0.891009 0.000000 -0.453985 0.891009 0.000000 -0.156434 0.987688 0.000000 -0.156434 0.987688 0.000000 -0.156434 0.987688 0.000000 -0.156434 0.987688 0.000000 0.156434 0.987688 0.000000 0.156434 0.987688 0.000000 0.156434 0.987688 0.000000 0.156434 0.987688 0.000000 0.453985 0.891009 0.000000 0.453985 0.891009 0.000000 0.453985 0.891009 0.000000 0.453985 0.891009 0.000000 0.707106 0.707107 0.000000 0.707106 0.707107 0.000000 0.707106 0.707107 0.000000 0.707106 0.707107 0.000000 0.891008 0.453988 
						0.000000 0.891008 0.453988 0.000000 0.891008 0.453988 0.000000 0.891008 0.453988 0.000000 0.987688 0.156436 0.000000 0.987688 0.156436 0.000000 0.987688 0.156436 0.000000 0.987688 0.156436 0.000000 0.987688 -0.156435 0.000000 0.987688 -0.156435 0.000000 0.987688 -0.156435 0.000000 0.987688 -0.156435 0.000000 0.987688 -0.156435 0.000000 0.987688 -0.156435 0.000000 0.987688 -0.156435 0.000000 0.987688 -0.156435 0.000000 0.987688 0.156435 0.000000 0.987688 0.156435 0.000000 0.987688 0.156435 0.000000 0.987688 0.156435 0.000000 0.891008 0.453988 0.000000 0.891008 0.453988 0.000000 0.891008 0.453988 0.000000 0.891008 0.453988 0.000000 0.707107 0.707107 0.000000 0.707107 0.707107 0.000000 0.707107 0.707107 0.000000 0.707107 0.707107 0.000000 0.453985 0.891009 0.000000 0.453985 0.891009 0.000000 0.453985 0.891009 0.000000 0.453985 0.891009 0.000000 0.156434 0.987688 0.000000 0.156434 0.987688 0.000000 0.156434 0.987688 0.000000 0.156434 0.987688 0.000000 -0.156434 0.987688 0.000000 -0.156434 0.987688 0.000000 -0.156434 0.987688 0.000000 -0.156434 0.987688 0.000000 -0.453985 0.891009 0.000000 -0.453985 0.891009 0.000000 -0.453985 0.891009 0.000000 -0.453985 0.891009 0.000000 -0.707107 0.707107 0.000000 -0.707107 0.707107 0.000000 -0.707107 0.707107 0.000000 -0.707107 0.707107 0.000000 -0.891008 0.453988 0.000000 -0.891008 0.453988 0.000000 -0.891008 0.453988 0.000000 -0.891008 0.453988 0.000000 -0.987688 0.156435 0.000000 -0.987688 0.156435 0.000000 -0.987688 0.156435 0.000000 -0.987688 0.156435 0.000000 -0.987688 -0.156435 0.000000 -0.987688 -0.156435 0.000000 -0.987688 -0.156435 0.000000 -0.987688 -0.156435 0.000000 -0.891008 -0.453988 0.000000 -0.891008 -0.453988 0.000000 -0.891008 -0.453988 0.000000 -0.891008 -0.453988 0.000000 -0.707107 -0.707107 
						0.000000 -0.707107 -0.707107 0.000000 -0.707107 -0.707107 0.000000 -0.707107 -0.707107 0.000000 -0.453985 -0.891009 0.000000 -0.453985 -0.891009 0.000000 -0.453985 -0.891009 0.000000 -0.453985 -0.891009 0.000000 -0.156434 -0.987688 0.000000 -0.156434 -0.987688 0.000000 -0.156434 -0.987688 0.000000 -0.156434 -0.987688 0.000000 0.156434 -0.987688 0.000000 0.156434 -0.987688 0.000000 0.156434 -0.987688 0.000000 0.156434 -0.987688 0.000000 0.453985 -0.891009 0.000000 0.453985 -0.891009 0.000000 0.453985 -0.891009 0.000000 0.453985 -0.891009 0.000000 0.707107 -0.707107 0.000000 0.707107 -0.707107 0.000000 0.707107 -0.707107 0.000000 0.707107 -0.707107 0.000000 0.891008 -0.453988 0.000000 0.891008 -0.453988 0.000000 0.891008 -0.453988 0.000000 0.891008 -0.453988 
					</float_array>
					<technique_common>
						<accessor count="2203" offset="0" source="#meshId5-normals-array" stride="3">
							<param name="X" type="float" />
							<param name="Y" type="float" />
							<param name="Z" type="float" />
						</accessor>
					</technique_common>
				</source>
				<source id="meshId5-tangents" name="meshId5-tangents">
					<float_array id="meshId5-tangents-array" count="6609"> 
						-0.156301 -0.448410 -0.880056 -0.170965 -0.579131 -0.797106 -0.139095 -0.582071 -0.801153 -0.151685 -0.448737 -0.880697 -0.155446 -0.799183 -0.580640 -0.096149 -0.805269 -0.585062 0.079855 0.806434 0.585908 0.121039 0.944064 0.306745 0.154442 0.939646 0.305309 0.139513 0.801105 0.582037 0.138618 0.990346 0.000000 0.138598 0.990349 0.000000 0.154457 0.939643 -0.305309 0.121035 0.944065 -0.306745 0.139508 0.801105 -0.582038 0.079852 0.806433 -0.585909 -0.101381 -0.804848 0.584757 -0.144448 -0.581621 0.800532 -0.177215 -0.578482 0.796212 -0.161290 -0.798424 0.580090 -0.162912 -0.304889 0.938351 -0.165487 -0.304756 0.937943 -0.165783 0.000000 0.986162 -0.165762 0.000000 0.986166 -0.165445 0.304758 0.937950 -0.162869 0.304891 0.938358 -0.177195 0.578484 0.796215 -0.144467 0.581619 0.800530 -0.161310 0.798422 0.580088 -0.101439 0.804844 0.584754 -0.045748 0.808170 0.587171 -0.085835 0.947547 0.307876 -0.118588 0.944345 0.306836 -0.104204 0.804612 0.584586 -0.102765 0.994706 0.000000 -0.102765 0.994706 0.000000 -0.118588 0.944345 -0.306836 -0.085835 0.947547 -0.307876 -0.104204 0.804612 -0.584586 -0.045748 0.808170 -0.587171 -0.096150 0.805268 -0.585062 -0.139095 0.582071 -0.801153 -0.170963 0.579131 -0.797106 -0.155444 0.799183 -0.580641 -0.151685 0.448737 -0.880697 -0.156301 0.448410 -0.880056 0.000000 1.000000 -0.000182 0.000000 1.000000 0.000133 0.000000 1.000000 -0.000009 0.000000 1.000000 0.000005 0.000000 1.000000 -0.000004 0.000000 1.000000 0.000005 0.000000 1.000000 -0.000013 0.000000 1.000000 -0.000004 0.000000 1.000000 0.000004 0.000000 1.000000 0.000000 0.000000 1.000000 0.000006 0.000000 1.000000 -0.000009 0.000000 1.000000 -0.000033 0.000000 1.000000 -0.000007 0.000000 1.000000 0.000005 0.000000 1.000000 -0.000005 0.000000 1.000000 0.000063 0.000000 1.000000 0.000231 
						0.000000 1.000000 -0.000256 0.000000 1.000000 -0.000004 -0.092738 -0.057173 -0.994048 -0.102906 -0.046111 -0.993622 -0.106558 -0.042130 -0.993414 -0.095899 -0.053738 -0.993940 -0.106916 0.267276 -0.957670 -0.117050 0.277580 -0.953545 -0.120689 0.281271 -0.952009 -0.110067 0.270483 -0.956412 -0.100027 0.544278 -0.832921 -0.109256 0.552110 -0.826582 -0.112572 0.554902 -0.824264 -0.102896 0.546721 -0.830968 -0.067162 0.754399 -0.652971 -0.063683 0.752119 -0.655944 -0.062431 0.751293 -0.657009 -0.066081 0.753693 -0.653896 -0.088348 0.926364 -0.366121 -0.099900 0.929871 -0.354063 -0.104049 0.931066 -0.349700 -0.091940 0.927482 -0.362387 -0.070338 0.994195 -0.081415 -0.076558 0.994263 -0.074702 -0.078793 0.994267 -0.072285 -0.072271 0.994225 -0.079331 -0.063502 0.972809 0.222734 -0.068908 0.971146 0.228316 -0.070852 0.970532 0.230320 -0.065182 0.972299 0.224470 -0.032165 0.874425 0.484094 -0.027926 0.876723 0.480184 -0.026400 0.877542 0.478772 -0.030848 0.875142 0.482881 -0.127440 0.598477 0.790939 -0.141458 0.584982 0.798615 -0.146486 0.580065 0.801290 -0.131801 0.594313 0.793360 -0.109356 0.344092 0.932546 -0.119480 0.333318 0.935213 -0.123115 0.329423 0.936121 -0.112504 0.340753 0.933397 -0.109253 0.039190 0.993241 -0.119775 0.027684 0.992415 -0.123553 0.023542 0.992059 -0.112525 0.035617 0.993010 -0.109694 -0.270104 0.956562 -0.120546 -0.281125 0.952070 -0.124442 -0.285073 0.950393 -0.113068 -0.273535 0.955193 -0.103385 -0.547137 0.830634 -0.112899 -0.555177 0.824034 -0.116316 -0.558042 0.821620 -0.106342 -0.549646 0.828601 -0.070771 -0.756746 0.649867 -0.067390 -0.754548 0.652775 -0.066173 -0.753753 0.653817 -0.069721 -0.756065 0.650772 0.112286 0.933339 -0.340986 0.125350 0.936666 -0.327024 0.130038 0.937777 -0.321971 0.116349 0.934410 -0.336662 0.093923 0.994010 -0.055886 0.102316 0.993652 -0.046756 
						0.105331 0.993487 -0.043470 0.096532 0.993915 -0.053051 0.086890 0.965161 0.246810 0.094322 0.962483 0.254421 0.096993 0.961491 0.257152 0.089200 0.964341 0.249177 0.055820 0.860968 0.505587 0.051934 0.863252 0.502094 0.050535 0.864067 0.500833 0.054613 0.861680 0.504504 -0.123338 -0.602367 -0.788633 -0.137070 -0.589241 -0.796246 -0.141996 -0.584458 -0.798903 -0.127609 -0.598316 -0.791033 -0.104952 -0.348746 -0.931322 -0.113139 -0.340078 -0.933567 -0.116081 -0.336947 -0.934341 -0.107497 -0.346059 -0.932034 -0.100026 -0.544279 -0.832920 -0.109256 -0.552112 -0.826580 -0.016529 -0.536718 -0.843600 0.059509 -0.511811 -0.857035 -0.067159 -0.754399 -0.652972 -0.063679 -0.752117 -0.655946 -0.026705 -0.746169 -0.665221 0.052447 -0.733844 -0.677291 0.112282 0.933338 0.340987 0.125300 0.936655 0.327074 0.012940 0.934957 0.354526 -0.062136 0.921593 0.383153 0.093869 0.994012 0.055942 0.102342 0.993651 0.046724 0.018002 0.997582 0.067133 -0.058233 0.993814 0.094568 0.086900 0.965157 -0.246821 0.094290 0.962494 -0.254390 0.019725 0.971026 -0.238160 -0.056785 0.975670 -0.211765 0.055817 0.860969 -0.505587 0.051968 0.863232 -0.502126 0.029080 0.867645 -0.496333 -0.050163 0.875240 -0.481080 -0.127455 -0.598460 0.790949 -0.141475 -0.584963 0.798626 -0.009491 -0.616025 0.787670 0.065288 -0.639779 0.765781 -0.109405 -0.344038 0.932560 -0.119490 -0.333304 0.935217 -0.014360 -0.359473 0.933045 0.061448 -0.385611 0.920613 -0.109250 -0.039191 0.993241 -0.119771 -0.027685 0.992415 -0.014269 -0.053213 0.998481 0.061431 -0.082316 0.994711 -0.109653 0.270066 0.956578 -0.120545 0.281129 0.952069 -0.014082 0.258615 0.965878 0.061526 0.229447 0.971375 -0.103395 0.547149 0.830625 -0.112910 0.555189 0.824024 -0.015757 0.539156 0.842059 0.060203 0.514079 0.855627 -0.070818 0.756777 0.649825 -0.067364 0.754533 0.652796 
						-0.025962 0.748034 0.663152 0.053183 0.735716 0.675199 -0.088346 0.926364 0.366122 -0.099897 0.929870 0.354064 -0.018276 0.927624 0.373067 0.057217 0.914449 0.400637 -0.070336 0.994195 0.081416 -0.076555 0.994263 0.074702 -0.023408 0.995908 0.087294 0.053408 0.992164 0.112951 -0.063500 0.972809 -0.222734 -0.068867 0.971158 -0.228274 -0.025020 0.975441 -0.218833 0.052006 0.979633 -0.193944 -0.032160 0.874427 -0.484090 -0.027955 0.876707 -0.480211 -0.033902 0.876370 -0.480443 0.045429 0.883960 -0.465350 -0.123349 0.602354 -0.788641 -0.137039 0.589267 -0.796231 -0.010445 0.618819 -0.785464 0.064430 0.642353 -0.763696 -0.104952 0.348744 -0.931323 -0.113135 0.340079 -0.933567 -0.015810 0.364515 -0.931063 0.060476 0.389078 -0.919217 -0.092734 0.057176 -0.994048 -0.102946 0.046067 -0.993620 -0.017751 0.066196 -0.997649 0.058060 0.095225 -0.993761 -0.106928 -0.267290 -0.957665 -0.117017 -0.277548 -0.953559 -0.014870 -0.255766 -0.966624 0.060943 -0.227271 -0.971923 0.000000 1.000000 -0.000003 0.000000 1.000000 -0.000004 0.000000 1.000000 0.000013 0.000000 1.000000 0.000014 0.000000 1.000000 0.000002 0.000000 1.000000 0.000000 0.000000 1.000000 0.000016 0.000000 1.000000 -0.000032 0.000000 1.000000 0.000002 0.000000 1.000000 0.000021 0.000000 1.000000 -0.000015 0.000000 1.000000 -0.000051 0.000000 1.000000 -0.000005 0.000000 1.000000 -0.000033 0.000000 1.000000 0.000023 0.000000 1.000000 0.000094 0.000000 1.000000 -0.000006 0.000000 1.000000 -0.000039 0.000000 1.000000 -0.000012 0.000000 1.000000 0.000014 0.000000 1.000000 -0.000002 0.000000 1.000000 0.000009 0.000000 1.000000 -0.000003 0.000000 1.000000 0.000018 0.000000 1.000000 0.000014 0.000000 1.000000 -0.000009 0.000000 1.000000 -0.000004 0.000000 1.000000 -0.000052 0.000000 1.000000 -0.000026 0.000000 1.000000 0.000028 
						0.000000 1.000000 0.000018 0.000000 1.000000 0.000086 0.000000 1.000000 0.000001 0.000000 1.000000 0.000004 0.000000 1.000000 -0.000018 0.000000 1.000000 -0.000068 0.000000 1.000000 -0.000004 0.000000 1.000000 -0.000039 0.000000 1.000000 -0.000011 0.000000 1.000000 0.000011 -0.001380 -0.156441 -0.987686 -0.001380 -0.156441 -0.987686 -0.001380 -0.156441 -0.987686 -0.001380 -0.156441 -0.987686 -0.001385 0.156441 -0.987686 -0.001385 0.156441 -0.987686 -0.001380 0.156441 -0.987686 -0.001380 0.156441 -0.987686 -0.001380 0.453992 -0.891005 -0.001384 0.453992 -0.891005 -0.001726 0.453992 -0.891004 -0.001722 0.453992 -0.891004 -0.001379 0.707089 -0.707124 -0.001379 0.707089 -0.707124 -0.001379 0.707089 -0.707124 -0.001379 0.707089 -0.707124 0.122578 0.884292 -0.450557 0.123548 0.884185 -0.450503 0.197854 0.873398 -0.445006 0.196895 0.873570 -0.445094 0.122380 0.980263 -0.155264 0.121188 0.980408 -0.155287 0.008979 0.987648 -0.156434 0.028973 0.987273 -0.156374 -0.002062 0.987685 0.156440 -0.001739 0.987686 0.156440 0.001479 0.987686 0.156440 0.023286 0.987420 0.156398 -0.092385 0.887201 0.452038 -0.090907 0.887323 0.452100 -0.010139 0.890966 0.453957 0.024046 0.890754 0.453849 -0.048270 0.706264 0.706301 -0.048270 0.706264 0.706301 -0.048263 0.706264 0.706301 -0.048262 0.706264 0.706301 -0.048273 0.453465 0.889966 -0.048269 0.453465 0.889966 -0.048000 0.453471 0.889978 -0.047925 0.453472 0.889981 -0.047926 0.156259 0.986553 -0.047930 0.156259 0.986552 -0.048270 0.156257 0.986536 -0.048268 0.156257 0.986536 -0.048262 -0.156257 0.986537 -0.048262 -0.156257 0.986537 -0.048272 -0.156257 0.986536 -0.048272 -0.156257 0.986536 -0.048272 -0.453465 0.889966 -0.048272 -0.453465 0.889966 -0.048276 -0.453465 0.889966 -0.048276 -0.453465 0.889966 -0.048259 -0.706264 0.706301 -0.048259 -0.706264 0.706301 
						-0.048192 -0.706267 0.706304 -0.048269 -0.706264 0.706301 0.089906 0.887404 -0.452142 0.090465 0.887358 -0.452118 0.098037 0.886720 -0.451793 0.170288 0.877998 -0.447349 0.169040 0.973474 -0.154189 0.168566 0.973554 -0.154201 0.103116 0.982422 -0.155606 0.145277 0.977209 -0.154780 0.263346 0.952824 0.150918 0.261685 0.953270 0.150989 0.094434 0.983274 0.155741 0.134759 0.978678 0.155013 0.349061 0.834967 0.425426 0.349666 0.834766 0.425323 0.395715 0.818281 0.416924 0.395123 0.818508 0.417040 -0.001380 -0.707092 -0.707120 -0.001379 -0.707092 -0.707120 -0.001374 -0.707092 -0.707120 -0.001374 -0.707092 -0.707120 -0.001720 -0.453986 -0.891007 -0.001716 -0.453986 -0.891007 -0.001385 -0.453987 -0.891007 -0.001390 -0.453987 -0.891007 0.090104 -0.452143 -0.887383 0.087355 -0.452254 -0.887601 0.075031 -0.586128 -0.806737 0.104820 -0.584547 -0.804560 0.033401 -0.808566 -0.587457 0.090310 -0.805711 -0.585383 -0.058929 0.807611 0.586764 -0.117895 0.803375 0.583686 -0.132491 0.942673 0.306292 -0.099458 0.946341 0.307484 -0.116655 0.993173 0.000000 -0.116635 0.993175 0.000000 -0.099490 0.946338 -0.307484 -0.132504 0.942671 -0.306292 -0.058931 0.807611 -0.586764 -0.117899 0.803374 -0.583686 0.042264 -0.808294 0.587260 0.100081 -0.804955 0.584835 0.115081 -0.583880 0.803642 0.083534 -0.585731 0.806190 0.103427 -0.307360 0.945956 0.101121 -0.307433 0.946182 0.103932 0.000000 0.994584 0.103932 0.000000 0.994584 0.101113 0.307433 0.946182 0.103399 0.307361 0.945959 0.083566 0.585729 0.806187 0.115094 0.583879 0.803641 0.042266 0.808294 0.587260 0.100085 0.804955 0.584834 0.070113 0.807026 0.586339 0.129486 0.802206 0.582837 0.144265 0.941108 0.305784 0.111006 0.945179 0.307107 0.128396 0.991723 0.000000 0.128396 0.991723 0.000000 0.110997 0.945180 -0.307107 0.144237 0.941112 -0.305786 
						0.070115 0.807025 -0.586339 0.129450 0.802209 -0.582840 0.033400 0.808565 -0.587458 0.090307 0.805711 -0.585384 0.104837 0.584546 -0.804559 0.075028 0.586128 -0.806737 0.090162 0.452141 -0.887378 0.087373 0.452254 -0.887599 0.000000 0.000036 1.000000 0.000000 -0.000010 1.000000 0.000000 -0.000001 1.000000 0.000000 0.000000 1.000000 0.000000 -0.000018 1.000000 0.000000 -0.000008 1.000000 0.000000 0.000002 1.000000 0.000000 0.000032 1.000000 0.000000 -0.000017 1.000000 0.000000 0.000017 1.000000 0.000000 0.000002 1.000000 0.000000 -0.000023 1.000000 0.000000 0.000046 1.000000 0.000000 -0.000070 1.000000 0.000000 0.000070 1.000000 0.000000 -0.000095 1.000000 0.000000 -0.000009 1.000000 0.000000 0.000028 1.000000 0.000000 0.000270 1.000000 0.000000 0.000013 1.000000 0.061626 -0.090794 -0.993961 0.063713 -0.088549 -0.994032 0.070757 -0.080960 -0.994203 0.068342 -0.083563 -0.994156 0.077692 0.237369 -0.968308 0.079469 0.239197 -0.967714 0.085467 0.245356 -0.965658 0.083411 0.243246 -0.966372 0.057974 0.507522 -0.859686 0.059717 0.509080 -0.858645 0.065600 0.514318 -0.855087 0.063583 0.512526 -0.856314 0.023583 0.724494 -0.688878 0.022286 0.723559 -0.689903 0.017903 0.720383 -0.693346 0.019405 0.721475 -0.692168 0.105446 0.931462 -0.348222 0.109364 0.932550 -0.344079 0.122572 0.935989 -0.330002 0.118048 0.934850 -0.334844 0.087189 0.994186 -0.063190 0.089614 0.994134 -0.060560 0.097797 0.993864 -0.051669 0.094993 0.993973 -0.054719 0.080238 0.967455 0.239985 0.082350 0.966737 0.242155 0.089478 0.964241 0.249467 0.087035 0.965109 0.246962 0.049088 0.864906 0.499528 0.047862 0.865613 0.498420 0.043722 0.867983 0.494666 0.045142 0.867174 0.495955 0.085703 0.636808 0.766244 0.089240 0.633664 0.768444 0.101171 0.622920 0.775716 0.097083 0.626626 0.773250 
						0.068390 0.386639 0.919692 0.070232 0.384762 0.920340 0.076450 0.378399 0.922480 0.074319 0.380584 0.921755 0.068765 0.083106 0.994165 0.070620 0.081106 0.994200 0.076879 0.074349 0.994264 0.074734 0.076667 0.994252 0.069479 -0.228907 0.970966 0.071459 -0.230949 0.970338 0.078143 -0.237831 0.968158 0.075852 -0.235474 0.968916 0.063104 -0.512101 0.856604 0.064882 -0.513682 0.855524 0.070882 -0.518993 0.851834 0.068825 -0.517177 0.853107 0.029812 -0.728943 0.683925 0.028525 -0.728028 0.684953 0.024178 -0.724919 0.688409 0.025669 -0.725989 0.687227 -0.097611 0.929198 -0.356459 -0.101373 0.930301 -0.352511 -0.114055 0.933811 -0.339100 -0.109711 0.932644 -0.343712 -0.079448 0.994266 -0.071573 -0.081661 0.994256 -0.069179 -0.089129 0.994145 -0.061086 -0.086569 0.994197 -0.063862 -0.072574 0.969981 0.232100 -0.074483 0.969363 0.234066 -0.080926 0.967222 0.240693 -0.078718 0.967966 0.238423 -0.041337 0.869332 0.492497 -0.040064 0.870049 0.491335 -0.035758 0.872448 0.487398 -0.037234 0.871629 0.488750 0.078861 -0.642832 -0.761937 0.082220 -0.639883 -0.764061 0.093550 -0.629808 -0.771097 0.089668 -0.633283 -0.768708 0.060766 -0.394374 -0.916939 0.062379 -0.392741 -0.917531 0.067827 -0.387211 -0.919493 0.065960 -0.389110 -0.918827 0.057969 -0.507517 -0.859690 -0.050908 -0.483541 -0.873840 0.026068 -0.506155 -0.862048 0.063575 -0.512520 -0.856319 0.023580 -0.724490 -0.688882 -0.043719 -0.711255 -0.701573 0.035606 -0.723290 -0.689626 0.019402 -0.721471 -0.692173 -0.097625 0.929203 0.356443 0.059117 0.917246 0.393910 -0.016222 0.930496 0.365944 -0.109727 0.932649 0.343694 -0.079460 0.994266 0.071560 0.055274 0.992844 0.105853 -0.021311 0.996609 0.079472 -0.086583 0.994197 0.063848 -0.072625 0.969965 -0.232149 0.053863 0.978136 -0.200871 -0.022975 0.973784 -0.226310 -0.078732 0.967962 -0.238435 
						-0.041339 0.869333 -0.492495 0.047262 0.880624 -0.471454 -0.032043 0.873041 -0.486593 -0.037236 0.871630 -0.488748 0.085703 -0.636806 0.766246 -0.056679 -0.665170 0.744538 0.018861 -0.643132 0.765523 0.097084 -0.626624 0.773251 0.068391 -0.386641 0.919691 -0.053007 -0.415421 0.908083 0.023882 -0.392398 0.919485 0.074320 -0.380586 0.921754 0.068803 -0.083067 0.994166 -0.053090 -0.114152 0.992044 0.023784 -0.088696 0.995775 0.074777 -0.076621 0.994252 0.069444 0.228871 0.970977 -0.053233 0.198518 0.978651 0.023546 0.224221 0.974254 0.075811 0.235431 0.968930 0.063145 0.512133 0.856582 -0.051947 0.486976 0.871869 0.025004 0.509601 0.860048 0.068830 0.517176 0.853107 0.029807 0.728942 0.683926 -0.044961 0.714511 0.698178 0.034355 0.726562 0.686242 0.025662 0.725987 0.687230 0.105499 0.931477 0.348167 -0.060735 0.919590 0.388156 0.014471 0.932895 0.359857 0.118063 0.934853 0.334829 0.087190 0.994186 0.063190 -0.056858 0.993380 0.099816 0.019552 0.997147 0.072913 0.094994 0.993973 0.054719 0.080239 0.967455 -0.239985 -0.055420 0.976839 -0.206674 0.021242 0.972332 -0.232637 0.087036 0.965108 -0.246963 0.049089 0.864905 -0.499529 -0.048814 0.877760 -0.476608 0.030462 0.870175 -0.491800 0.045107 0.867194 -0.495923 0.078862 0.642833 -0.761936 -0.055277 0.669210 -0.741015 0.020415 0.647548 -0.761751 0.089670 0.633283 -0.768708 0.060809 0.394334 -0.916953 -0.051461 0.420805 -0.905690 0.025611 0.398335 -0.916883 0.066003 0.389069 -0.918841 0.061587 0.090839 -0.993959 -0.051668 0.119550 -0.991483 0.025025 0.093329 -0.995321 0.068339 0.083569 -0.994156 0.077740 -0.237415 -0.968293 -0.054879 -0.204654 -0.977295 0.022067 -0.229624 -0.973029 0.083385 -0.243216 -0.966381 -0.000000 1.000000 0.000010 -0.000000 1.000000 0.000025 0.000000 1.000000 0.000000 0.000000 1.000000 -0.000004 
						-0.000000 1.000000 -0.000075 -0.000000 1.000000 -0.000096 -0.000000 1.000000 -0.000005 0.000000 1.000000 -0.000018 0.000000 1.000000 0.000120 0.000000 1.000000 0.000159 0.000000 1.000000 -0.000010 0.000000 1.000000 -0.000015 0.000000 1.000000 -0.000094 -0.000000 1.000000 0.000016 0.000000 1.000000 -0.000232 -0.000000 1.000000 0.000026 0.000000 1.000000 -0.000015 0.000000 1.000000 0.000059 0.000000 1.000000 0.000081 0.000000 1.000000 -0.000011 -0.000000 1.000000 0.000014 0.000000 1.000000 -0.000055 0.000000 1.000000 -0.000075 -0.000000 1.000000 0.000010 -0.000000 1.000000 -0.000030 0.000000 1.000000 0.000137 0.000000 1.000000 0.000184 -0.000000 1.000000 -0.000020 0.000000 1.000000 0.000008 0.000000 1.000000 0.000013 0.000000 1.000000 -0.000019 0.000000 1.000000 0.000005 0.000000 1.000000 -0.000031 0.000000 1.000000 0.000008 0.000000 1.000000 0.000009 0.000000 1.000000 0.000008 0.000000 1.000000 -0.000026 0.000000 1.000000 -0.000007 0.000000 1.000000 -0.000091 0.000000 1.000000 -0.000019 -0.000000 1.000000 -0.000030 -0.000000 1.000000 -0.000008 -0.000000 1.000000 -0.000001 -0.000000 1.000000 -0.000029 0.000000 1.000000 0.000028 0.000000 1.000000 0.000061 0.000000 1.000000 0.000068 0.000000 1.000000 0.000011 0.000000 1.000000 0.000013 0.000000 1.000000 0.000002 0.000000 1.000000 -0.000068 0.000000 1.000000 -0.000013 0.000000 1.000000 -0.000024 0.000000 1.000000 -0.000001 0.000000 1.000000 0.000010 0.000000 1.000000 0.000028 -0.000000 1.000000 0.000045 0.006551 -0.156438 -0.987666 0.006556 -0.156438 -0.987666 0.006556 -0.156438 -0.987666 0.006551 -0.156438 -0.987666 0.006551 0.156438 -0.987666 0.006550 0.156438 -0.987666 0.006550 0.156438 -0.987666 0.006551 0.156438 -0.987666 0.006551 0.453983 -0.890986 0.006551 0.453983 -0.890986 0.006551 0.453983 -0.890986 
						0.006551 0.453983 -0.890986 0.006550 0.707075 -0.707109 0.006550 0.707075 -0.707109 0.006550 0.707075 -0.707109 0.006550 0.707075 -0.707109 -0.455390 0.793260 -0.404175 -0.492568 0.775424 -0.395088 -0.493045 0.775183 -0.394965 -0.455878 0.793038 -0.404062 -0.452105 0.880983 -0.139539 -0.191642 0.969381 -0.153540 -0.241801 0.958379 -0.151798 -0.449564 0.882250 -0.139740 -0.382567 0.912552 0.144539 -0.210016 0.965660 0.152951 -0.268674 0.951371 0.150688 -0.380843 0.913255 0.144651 -0.299012 0.850248 0.433210 -0.227925 0.867559 0.442031 -0.338744 0.838334 0.427140 -0.298378 0.850424 0.433300 -0.048266 0.706264 0.706301 -0.048195 0.706267 0.706304 -0.048273 0.706264 0.706301 -0.048266 0.706264 0.706301 -0.048269 0.453464 0.889967 -0.048271 0.453465 0.889966 -0.048271 0.453465 0.889966 -0.048269 0.453464 0.889967 -0.048268 0.156257 0.986536 -0.048270 0.156257 0.986536 -0.048270 0.156257 0.986536 -0.048268 0.156257 0.986536 -0.048269 -0.156257 0.986536 -0.048271 -0.156257 0.986536 -0.048271 -0.156257 0.986536 -0.048269 -0.156257 0.986536 -0.047924 -0.453472 0.889981 -0.048002 -0.453471 0.889978 -0.047925 -0.453472 0.889981 -0.047924 -0.453472 0.889981 -0.048267 -0.706264 0.706301 -0.048262 -0.706264 0.706301 -0.048262 -0.706264 0.706301 -0.048267 -0.706264 0.706301 0.218463 0.869490 -0.443014 0.058377 0.889492 -0.453206 0.041129 0.890258 -0.453596 0.216217 0.869935 -0.443241 0.153930 0.975916 -0.154575 0.048608 0.986520 -0.156255 0.037263 0.987001 -0.156331 0.152442 0.976144 -0.154612 0.067549 0.985432 0.156083 0.040277 0.986886 0.156313 0.030118 0.987239 0.156369 0.067072 0.985463 0.156088 -0.059365 0.889440 0.453181 -0.134200 0.882951 0.449875 -0.135167 0.882834 0.449815 -0.060340 0.889388 0.453154 0.006551 -0.707078 -0.707106 0.006550 -0.707078 -0.707106 0.006550 -0.707078 -0.707106 
						0.006551 -0.707078 -0.707106 0.006551 -0.453977 -0.890989 0.006550 -0.453977 -0.890989 0.006550 -0.453977 -0.890989 0.006551 -0.453977 -0.890989 -0.248573 0.968420 -0.019338 -0.219361 0.974325 -0.050711 -0.439072 0.898347 -0.013742 -0.493722 0.869616 0.002366 -0.172098 0.981829 -0.079969 -0.352729 0.934342 -0.050868 -0.152379 0.988200 0.015557 -0.088819 0.995740 -0.024742 -0.182031 0.983292 -0.000845 -0.303294 0.950789 0.063349 -0.023048 0.996033 -0.085951 -0.047444 0.995713 -0.079406 0.044051 0.987965 -0.148275 0.090606 0.982960 -0.159935 0.112863 0.975561 -0.188529 0.222033 0.947712 -0.229223 -0.170496 -0.982730 -0.071928 -0.218220 -0.974970 -0.042587 -0.436926 -0.899477 -0.006073 -0.349727 -0.935838 -0.043572 -0.247958 -0.968708 -0.011020 -0.492583 -0.870204 0.010345 -0.258973 -0.965776 0.014488 -0.512863 -0.858357 0.013931 -0.250011 -0.967428 0.039729 -0.496378 -0.867937 0.017185 -0.222096 -0.972463 0.070627 -0.444253 -0.895305 0.032678 -0.175985 -0.979331 0.099700 -0.360061 -0.930380 0.068917 0.127003 0.983466 0.129093 0.059770 0.994265 0.088686 0.122843 0.986910 0.104489 0.251247 0.952474 0.172246 -0.007080 0.999626 0.026403 -0.014582 0.999596 0.024405 -0.073517 0.996660 -0.035559 -0.150923 0.987008 -0.055106 -0.139137 0.987354 -0.075984 -0.276206 0.953414 -0.121293 -0.174413 0.980395 0.091679 -0.220994 0.973269 0.062524 -0.442169 0.896584 0.024985 -0.357114 0.932026 0.061623 -0.249439 0.967880 0.031437 -0.495320 0.868662 0.009222 -0.258995 0.965859 0.006110 -0.512904 0.858426 0.005859 -0.246230 -0.969147 -0.011206 -0.258825 -0.965219 -0.036895 -0.512589 -0.857900 -0.035489 -0.489382 -0.871495 -0.031649 -0.251460 -0.965883 -0.061957 -0.499049 -0.865719 -0.038482 -0.224978 -0.969980 -0.092328 -0.449690 -0.891595 -0.053272 -0.180144 -0.976147 -0.121185 -0.367911 -0.925630 -0.088609 0.145461 0.988225 -0.047465 
						0.080781 0.996707 -0.007091 0.165744 0.985754 -0.028615 0.289180 0.952658 -0.093903 0.014629 0.998404 0.054556 0.030143 0.998272 0.050449 -0.052360 0.991759 0.116929 -0.107677 0.985553 0.130735 -0.120372 0.980191 0.157280 -0.237591 0.950717 0.199217 -0.150710 0.988303 0.023328 -0.203639 0.977582 0.053518 -0.409175 0.908460 0.085303 -0.312112 0.949034 0.043828 -0.239371 0.966991 0.087348 -0.476643 0.872832 0.104765 -0.257320 0.959608 0.113747 -0.509829 0.853281 0.109482 -0.255484 0.956881 0.138227 -0.506456 0.855024 0.111516 -0.234073 0.957805 0.166792 -0.466747 0.875693 0.123729 -0.193808 0.961503 0.194809 -0.393438 0.906085 0.155619 -0.138452 0.987210 -0.079038 -0.072736 0.996604 -0.038607 -0.149325 0.987089 -0.057942 -0.274759 0.953444 -0.124307 -0.006275 0.999707 0.023400 -0.012921 0.999683 0.021625 0.060560 0.994482 0.085658 0.124476 0.987003 0.101644 0.127705 0.983767 0.126074 0.252669 0.952608 0.169399 -0.166161 -0.984808 0.050432 -0.215102 -0.976368 0.020879 -0.431008 -0.902231 -0.014558 -0.341510 -0.939575 0.023860 -0.830296 -0.000003 0.557323 -0.833214 -0.000003 0.552950 -0.834782 0.068721 0.546275 -0.833959 0.068654 0.547539 -0.857383 -0.000001 0.514679 -0.858442 -0.000001 0.512910 -0.843718 0.069459 0.532274 -0.843775 0.069464 0.532183 -0.863682 -0.000003 0.504038 -0.864659 -0.000003 0.502360 -0.845334 0.069591 0.529686 -0.845329 0.069590 0.529694 -0.858407 -0.000015 0.512969 -0.860079 -0.000015 0.510161 -0.844300 0.069493 0.531346 -0.843758 0.069448 0.532212 0.007681 0.987658 -0.156435 -0.049894 0.986457 -0.156245 -0.006235 0.987668 0.156437 -0.072906 0.985059 0.156024 0.091038 0.887312 0.452095 -0.024814 0.890738 0.453840 -0.047918 0.706276 0.706313 -0.047996 0.706273 0.706310 -0.048272 0.453465 0.889966 -0.048272 0.453465 0.889966 -0.048270 0.156257 0.986536 
						-0.048270 0.156257 0.986536 -0.048272 -0.156257 0.986536 -0.048272 -0.156257 0.986536 -0.048275 -0.453465 0.889966 -0.048198 -0.453466 0.889969 -0.048263 -0.706264 0.706301 -0.048263 -0.706264 0.706301 0.107498 0.885849 -0.451349 0.093465 0.887112 -0.451993 0.082226 0.984343 -0.155910 0.073018 0.985051 -0.156022 0.073762 0.984997 0.156014 0.064647 0.985621 0.156113 -0.744773 0.000017 0.667318 -0.749654 0.000017 0.661830 -0.815029 0.067113 0.575520 -0.813143 0.066958 0.578200 -0.764460 0.000003 0.644671 -0.769591 0.000003 0.638537 -0.816562 0.067228 0.573330 -0.814629 0.067069 0.576091 -0.785310 0.000000 0.619103 -0.789789 0.000000 0.613379 -0.820434 0.067544 0.567737 -0.818845 0.067413 0.570043 -0.807588 0.000004 0.589747 -0.811207 0.000004 0.584759 -0.826700 0.068063 0.558511 -0.825540 0.067967 0.560235 -0.827991 0.000003 0.560741 -0.830970 0.000003 0.556318 -0.831115 -0.068420 0.551875 -0.830305 -0.068353 0.553101 -0.855212 0.000000 0.518278 -0.856294 0.000000 0.516488 -0.840067 -0.069160 0.538056 -0.840160 -0.069168 0.537910 -0.861566 0.000003 0.507646 -0.862564 0.000003 0.505948 -0.841726 -0.069294 0.535440 -0.841754 -0.069296 0.535396 -0.856069 0.000013 0.516861 -0.857788 0.000013 0.514004 -0.840668 -0.069196 0.537111 -0.840134 -0.069152 0.537952 -0.052670 0.986317 0.156223 -0.009672 0.987641 0.156433 -0.040172 0.986890 -0.156314 0.006108 0.987669 -0.156437 -0.119571 0.884619 -0.450723 -0.046028 0.890068 -0.453499 -0.047919 -0.706276 0.706313 -0.047997 -0.706273 0.706310 -0.048276 -0.453464 0.889966 -0.048276 -0.453464 0.889966 -0.048272 -0.156257 0.986536 -0.048272 -0.156257 0.986536 -0.048271 0.156257 0.986536 -0.048271 0.156257 0.986536 -0.048272 0.453464 0.889967 -0.048195 0.453466 0.889970 -0.048267 0.706264 0.706301 -0.048266 0.706264 0.706301 -0.119274 0.884651 0.450739 
						-0.085984 0.887712 0.452299 -0.073318 0.985029 0.156019 -0.051549 0.986374 0.156232 -0.061239 0.985834 -0.156146 -0.041381 0.986841 -0.156306 -0.743487 -0.000019 0.668751 -0.748421 -0.000019 0.663225 -0.812262 -0.066888 0.579445 -0.810370 -0.066732 0.582106 -0.762800 -0.000003 0.646635 -0.767852 -0.000003 0.640628 -0.812691 -0.066909 0.578841 -0.810803 -0.066754 0.581500 -0.783012 -0.000001 0.622007 -0.787469 -0.000001 0.616355 -0.816385 -0.067211 0.573583 -0.814824 -0.067083 0.575815 -0.805411 -0.000004 0.592717 -0.809086 -0.000004 0.587691 -0.823150 -0.067771 0.563766 -0.822005 -0.067676 0.565445 0.000000 1.000000 0.000000 0.000000 1.000000 0.000000 0.000000 1.000000 0.000000 0.000000 1.000000 0.000000 0.000000 1.000000 0.000000 0.000000 1.000000 0.000000 0.000000 1.000000 0.000000 0.000000 1.000000 0.000000 0.000000 1.000000 0.000000 0.000000 1.000000 0.000000 0.146690 0.989183 0.000000 0.172557 0.985000 0.000000 0.182437 0.983218 0.000000 0.177033 0.984205 0.000000 0.000000 1.000000 0.000000 0.000000 1.000000 0.000000 0.000000 1.000000 0.000000 0.000000 1.000000 0.000000 0.130165 0.991492 0.000000 0.114760 0.993393 0.000000 0.124646 0.992201 0.000000 0.125850 0.992049 0.000000 0.000000 1.000000 0.000000 0.000000 1.000000 0.000000 0.000000 1.000000 0.000000 0.000000 1.000000 0.000000 0.000000 1.000000 0.000000 0.000000 1.000000 0.000000 0.000000 1.000000 0.000000 0.000000 1.000000 0.000000 0.000000 1.000000 0.000000 0.000000 1.000000 0.000000 0.000000 1.000000 0.000000 0.000000 1.000000 0.000000 0.000000 1.000000 0.000000 0.000000 1.000000 0.000000 -0.161795 0.986824 0.000000 -0.185611 0.982623 0.000000 -0.194272 0.980948 0.000000 -0.191454 0.981502 0.000000 0.000000 1.000000 0.000000 0.000000 1.000000 0.000000 0.000000 1.000000 0.000000 
						0.000000 1.000000 0.000000 -0.147447 0.989070 0.000000 -0.131140 0.991364 0.000000 -0.141042 0.990004 0.000000 -0.142358 0.989815 0.000000 0.000000 1.000000 0.000000 0.000000 1.000000 0.000000 0.000000 1.000000 0.000000 0.000000 1.000000 0.000000 0.003139 -0.000004 0.999995 0.003134 -0.000004 0.999995 0.003001 -0.000004 0.999995 0.003003 -0.000004 0.999995 0.003089 -0.000003 0.999995 0.003087 -0.000003 0.999995 0.003014 -0.000003 0.999995 0.003015 -0.000003 0.999995 0.002938 -0.000009 0.999996 0.002945 -0.000009 0.999996 0.003199 -0.000009 0.999995 0.003196 -0.000009 0.999995 0.003028 -0.000027 0.999995 0.003029 -0.000027 0.999995 0.003107 -0.000027 0.999995 0.003107 -0.000027 0.999995 0.002527 -0.000006 0.999997 0.002804 -0.000006 0.999996 0.004000 -0.000006 0.999992 0.002549 -0.000006 0.999997 0.003035 0.000024 0.999995 0.003037 0.000024 0.999995 0.003116 0.000024 0.999995 0.003116 0.000024 0.999995 0.002146 0.000004 0.999998 0.003126 0.000004 0.999995 0.003022 0.000004 0.999995 0.002994 0.000004 0.999996 0.002933 0.000006 0.999996 0.002934 0.000006 0.999996 0.002995 0.000006 0.999996 0.002994 0.000006 0.999996 0.003093 0.000002 0.999995 0.003091 0.000002 0.999995 0.003011 0.000002 0.999995 0.003012 0.000002 0.999995 0.003140 0.000004 0.999995 0.003151 0.000004 0.999995 0.003151 0.000004 0.999995 0.003143 0.000004 0.999995 0.003138 0.000004 0.999995 0.003002 0.000004 0.999996 0.003004 0.000004 0.999995 0.003089 0.000002 0.999995 0.003087 0.000002 0.999995 0.003016 0.000002 0.999995 0.003017 0.000002 0.999995 0.002938 0.000006 0.999996 0.002945 0.000006 0.999996 0.003193 0.000006 0.999995 0.003190 0.000006 0.999995 0.003035 0.000024 0.999995 0.003031 0.000024 0.999995 0.002802 0.000024 0.999996 0.002804 0.000024 0.999996 
						0.003523 0.000004 0.999994 0.002897 0.000004 0.999996 0.003654 0.000004 0.999993 0.003544 0.000004 0.999994 0.003036 -0.000027 0.999995 0.003037 -0.000027 0.999995 0.003120 -0.000027 0.999995 0.003119 -0.000027 0.999995 0.002414 -0.000006 0.999997 0.003110 -0.000006 0.999995 0.003156 -0.000006 0.999995 0.003137 -0.000006 0.999995 0.002933 -0.000009 0.999996 0.002934 -0.000009 0.999996 0.003001 -0.000009 0.999996 0.003000 -0.000009 0.999996 0.003089 -0.000003 0.999995 0.003087 -0.000003 0.999995 0.003014 -0.000003 0.999995 0.003015 -0.000003 0.999995 0.003143 -0.000004 0.999995 0.003146 -0.000004 0.999995 0.003146 -0.000004 0.999995 0.000000 1.000000 0.000000 0.000000 1.000000 0.000000 0.000000 1.000000 0.000000 0.000000 1.000000 0.000000 0.000000 1.000000 0.000000 0.000000 1.000000 0.000000 0.000000 1.000000 0.000000 0.000000 1.000000 0.000000 0.000000 1.000000 0.000000 0.000000 1.000000 0.000000 0.000000 1.000000 0.000000 0.000000 1.000000 0.000000 0.000000 1.000000 0.000000 0.000000 1.000000 0.000000 0.000000 1.000000 0.000000 0.000000 1.000000 0.000000 0.000000 1.000000 0.000000 0.000000 1.000000 0.000000 0.093600 0.995610 0.000000 0.093599 0.995610 0.000000 0.093599 0.995610 0.000000 0.093600 0.995610 0.000000 0.000000 1.000000 0.000000 0.000000 1.000000 0.000000 0.000000 1.000000 0.000000 0.000000 1.000000 0.000000 0.000000 1.000000 0.000000 0.000000 1.000000 0.000000 0.000000 1.000000 0.000000 0.000000 1.000000 0.000000 0.000000 1.000000 0.000000 0.000000 1.000000 0.000000 0.000000 1.000000 0.000000 0.000000 1.000000 0.000000 0.000000 1.000000 0.000000 0.000000 1.000000 0.000000 0.093599 0.995610 0.000000 0.093583 0.995612 0.000000 0.093540 0.995616 0.000000 0.093573 0.995612 0.000000 0.000000 1.000000 0.000000 
						0.000000 1.000000 0.000000 0.000000 1.000000 0.000000 0.000000 1.000000 0.000000 0.000000 1.000000 0.000000 0.000000 1.000000 0.000000 0.000000 1.000000 0.000000 0.000000 1.000000 0.000000 0.000000 1.000000 0.000000 0.000000 1.000000 0.000000 0.000000 1.000000 0.000000 0.000000 1.000000 0.000000 -0.010972 -0.182997 0.983052 0.020308 -0.262003 0.964853 0.018672 -0.515346 0.856779 0.019888 -0.515640 0.856575 -0.069422 -0.048724 0.996397 -0.055149 -0.083257 0.995001 -0.108484 0.095634 0.989487 -0.075920 0.189287 0.978983 -0.071371 0.050089 0.996191 -0.056509 0.085301 0.994751 0.018881 0.263837 0.964382 -0.012982 0.184434 0.982759 -0.108101 -0.095923 0.989501 -0.075398 -0.189986 0.978887 -0.003937 -0.530282 0.847812 -0.002751 -0.529966 0.848014 -0.005169 0.529163 0.848504 -0.003980 0.528848 0.848707 0.018587 0.515423 0.856734 0.019802 0.515718 0.856529 -0.004338 -0.178246 0.983976 0.025765 -0.254975 0.966604 0.026536 -0.508016 0.860939 0.027780 -0.508287 0.860740 -0.064087 -0.044981 0.996930 -0.051470 -0.077704 0.995647 -0.103553 0.099315 0.989653 -0.073152 0.192962 0.978476 -0.069585 -0.197699 0.977790 -0.099051 -0.102673 0.989771 0.003493 -0.537002 0.843574 0.004649 -0.536662 0.843784 -0.051501 0.077745 0.995642 -0.064260 0.045100 0.996914 0.022052 0.259759 0.965422 -0.008575 0.181279 0.983394 -0.003174 0.530980 0.847379 -0.001991 0.530660 0.847583 0.019818 0.514278 0.857394 0.021038 0.514569 0.857191 0.031014 0.270868 -0.962117 0.030936 0.270946 -0.962097 0.034185 0.510852 -0.858989 0.034254 0.510793 -0.859021 0.034080 -0.034504 -0.998823 0.033913 -0.034336 -0.998835 0.033379 -0.332974 -0.942345 0.033248 -0.332850 -0.942394 0.034068 0.034494 -0.998824 0.033899 0.034323 -0.998836 0.030920 -0.270960 -0.962094 0.030998 -0.270882 -0.962113 0.033381 0.332976 -0.942344 
						0.033244 0.332848 -0.942394 0.026847 0.562715 -0.826215 0.026774 0.562656 -0.826258 0.026852 -0.562720 -0.826211 0.026777 -0.562658 -0.826256 0.034206 -0.510834 -0.858999 0.034273 -0.510775 -0.859031 0.034034 0.267890 -0.962848 0.033947 0.267975 -0.962828 0.037239 0.508153 -0.860462 0.037316 0.508085 -0.860498 0.036470 -0.036927 -0.998652 0.036289 -0.036744 -0.998666 0.035791 -0.335252 -0.941449 0.035643 -0.335113 -0.941503 0.035607 0.335085 -0.941515 0.035755 0.335223 -0.941460 0.029921 0.565224 -0.824395 0.029838 0.565156 -0.824445 0.036308 0.036763 -0.998664 0.036490 0.036947 -0.998651 0.033913 -0.268016 -0.962817 0.034001 -0.267928 -0.962839 0.029934 -0.565235 -0.824387 0.029850 -0.565166 -0.824437 0.037260 -0.508135 -0.860471 0.037336 -0.508068 -0.860508 0.022629 -0.694966 0.718687 0.022650 -0.694951 0.718700 -0.005867 -0.707167 0.707022 -0.005848 -0.707181 0.707009 0.043454 0.684706 -0.727523 0.043594 0.684599 -0.727615 0.013093 0.725649 -0.687940 0.013117 0.725666 -0.687922 -0.006799 0.706500 0.707681 -0.006779 0.706514 0.707667 0.022192 0.695289 0.718388 0.022211 0.695274 0.718401 0.043420 -0.684732 -0.727500 0.043559 -0.684626 -0.727592 0.013114 -0.725664 -0.687924 0.013138 -0.725679 -0.687908 0.001869 -0.712663 0.701504 0.001877 -0.712669 0.701498 0.030678 -0.688959 0.724151 0.030711 -0.688935 0.724173 0.046522 0.682354 -0.729540 0.046671 0.682240 -0.729637 0.016183 0.727750 -0.685651 0.016203 0.727763 -0.685637 0.023709 0.694165 0.719426 0.023728 0.694151 0.719438 -0.005012 0.707777 0.706419 -0.004993 0.707789 0.706406 0.046500 -0.682364 -0.729532 0.046650 -0.682249 -0.729630 0.016203 -0.727769 -0.685631 0.016222 -0.727782 -0.685616 0.030355 -0.765563 0.642645 0.029916 -0.765855 0.642316 -0.007394 -0.780465 0.625156 -0.007478 -0.780412 0.625222 0.140123 0.804626 -0.577011 
						0.140229 0.804547 -0.577096 -0.088541 0.840449 -0.534608 -0.088483 0.840487 -0.534559 -0.008229 0.779937 0.625804 -0.008311 0.779885 0.625868 0.029759 0.765960 0.642199 0.029323 0.766250 0.641873 0.140160 -0.804599 -0.577041 0.140263 -0.804522 -0.577123 -0.088579 -0.840425 -0.534640 -0.088514 -0.840467 -0.534585 0.000485 -0.785391 0.619000 0.000392 -0.785333 0.619073 0.038505 -0.760065 0.648706 0.038055 -0.760370 0.648374 0.143106 0.802393 -0.579384 0.143216 0.802310 -0.579472 -0.085555 0.842360 -0.532080 -0.085497 0.842398 -0.532031 0.031425 0.764851 0.643441 0.030980 0.765148 0.643108 -0.006451 0.781052 0.624433 -0.006537 0.780997 0.624500 0.143087 -0.802402 -0.579376 0.143197 -0.802319 -0.579464 -0.085556 -0.842363 -0.532075 -0.085495 -0.842403 -0.532023 0.091430 0.991605 -0.091429 0.091428 0.991606 -0.091427 -0.149480 0.940393 -0.305478 -0.149476 0.940392 -0.305483 0.091451 0.991601 0.091451 0.091459 0.991600 0.091459 0.325137 0.940505 -0.098673 0.325135 0.940505 -0.098675 -0.034889 0.998782 -0.034889 -0.034853 0.998785 -0.034853 -0.272901 0.947959 0.164006 -0.272910 0.947959 0.163995 -0.034824 0.998787 0.034824 -0.034834 0.998786 0.034834 0.205905 0.947947 0.242897 0.205925 0.947949 0.242875 0.017758 0.999685 0.017759 0.017725 0.999686 0.017726 0.256714 0.948900 -0.183539 0.256723 0.948900 -0.183529 0.017695 0.999687 -0.017695 0.017704 0.999687 -0.017704 -0.222640 0.948896 -0.223667 -0.222658 0.948897 -0.223645 -0.074452 0.994441 0.074453 -0.074451 0.994442 0.074452 0.166619 0.943382 0.286825 0.166615 0.943382 0.286827 -0.074466 0.994439 -0.074467 -0.074426 0.994445 -0.074427 -0.309599 0.943458 0.118471 -0.309609 0.943456 0.118460 0.049725 0.300604 -0.952452 0.047684 0.000001 -0.998863 0.047684 0.000001 -0.998863 0.043513 0.300691 -0.952729 0.043543 -0.300690 -0.952728 
						0.049758 -0.300602 -0.952451 0.046904 0.300645 -0.952582 0.053889 0.300539 -0.952246 0.051266 0.000001 -0.998685 0.051266 0.000001 -0.998685 0.046904 -0.300644 -0.952582 0.053889 -0.300538 -0.952246 0.024688 -0.130867 0.991093 -0.026156 -0.015473 0.999538 -0.027803 0.016445 0.999478 -0.184434 -0.035069 0.982219 -0.255046 0.966929 0.000000 -0.255139 0.966904 0.000000 -0.255145 0.966903 0.000000 -0.255076 0.966921 0.000000 -0.184212 0.035206 0.982256 -0.062475 0.998047 0.000000 -0.062511 0.998044 0.000000 -0.062513 0.998044 0.000000 -0.062487 0.998046 0.000000 0.022920 0.131897 0.990998 -0.255012 0.966938 0.000000 -0.255062 0.966925 0.000000 -0.255065 0.966924 0.000000 -0.255029 0.966934 0.000000 0.030195 -0.127648 0.991360 -0.021146 -0.012510 0.999698 -0.022261 0.013167 0.999665 -0.175181 -0.040755 0.983692 -0.177853 0.039115 0.983279 0.255028 0.966934 0.000000 0.255173 0.966895 0.000000 0.255183 0.966893 0.000000 0.255076 0.966921 0.000000 0.027207 0.129392 0.991220 0.000000 1.000000 -0.000038 0.000000 1.000000 -0.000005 0.000000 1.000000 -0.000012 0.000000 1.000000 -0.000033 0.000000 1.000000 0.000006 0.000000 1.000000 -0.000039 0.000000 1.000000 -0.000040 0.000000 1.000000 -0.000005 0.129340 0.991600 0.000000 0.129340 0.991600 0.000000 0.129340 0.991600 0.000000 0.129340 0.991600 0.000000 0.000000 1.000000 -0.000054 0.000000 1.000000 -0.000084 -0.049243 0.998787 0.000000 -0.049242 0.998787 0.000000 -0.049242 0.998787 0.000000 -0.049243 0.998787 0.000000 0.000000 1.000000 0.000049 0.000000 1.000000 0.000025 0.025026 0.999687 0.000000 0.025025 0.999687 0.000000 0.025025 0.999687 0.000000 0.025026 0.999687 0.000000 -0.000000 1.000000 0.000098 0.000000 1.000000 0.000012 0.000000 1.000000 -0.000011 -0.000000 1.000000 0.000063 -0.000000 1.000000 0.000006 
						0.000000 1.000000 -0.000014 0.000000 1.000000 -0.000037 0.000000 1.000000 -0.000005 0.000000 1.000000 -0.000053 -0.000000 1.000000 -0.000081 -0.105211 0.994450 0.000000 -0.105289 0.994442 0.000000 -0.105302 0.994440 0.000000 -0.105223 0.994449 0.000000 0.000000 1.000000 0.000049 0.000000 1.000000 0.000042 -0.000641 -0.427840 0.903854 0.017444 -0.427775 0.903717 0.019153 -0.527970 0.849047 0.002573 -0.528065 0.849200 0.000000 1.000000 -0.000058 0.000000 1.000000 -0.000060 0.038191 0.539903 -0.840860 0.045542 0.539737 -0.840601 0.000000 1.000000 -0.000053 0.000000 1.000000 -0.000055 -0.002671 0.427839 0.903851 0.017132 0.427777 0.903722 0.018884 0.527973 0.849051 0.001004 0.528067 0.849202 0.000000 1.000000 -0.000079 0.000000 1.000000 -0.000069 0.038191 -0.539903 -0.840860 0.045543 -0.539737 -0.840601 0.000000 1.000000 0.000048 0.000000 1.000000 0.000024 0.009953 -0.427819 0.903810 0.028763 -0.427663 0.903480 0.030677 -0.527818 0.848804 0.013466 -0.528019 0.849126 -0.000000 1.000000 -0.000058 -0.000000 1.000000 -0.000047 0.042477 0.539810 -0.840715 0.049808 0.539627 -0.840430 -0.000000 1.000000 0.000090 -0.000000 1.000000 0.000059 0.000406 0.427840 0.903854 0.019123 0.427762 0.903689 0.020813 0.527952 0.849019 0.003743 0.528062 0.849197 0.000000 1.000000 0.000059 0.000000 1.000000 0.000064 0.042477 -0.539809 -0.840715 0.049808 -0.539627 -0.840430 -0.000000 1.000000 0.000048 -0.000000 1.000000 0.000024 0.024619 -0.716701 0.696945 -0.002616 -0.716916 0.697154 0.000000 1.000000 -0.000019 0.000000 1.000000 -0.000022 0.032621 0.716537 -0.696786 0.052427 0.715933 -0.696198 0.000000 1.000000 -0.000016 0.000000 1.000000 -0.000031 0.023935 0.716713 0.696957 -0.003844 0.716913 0.697152 0.000000 1.000000 0.000032 0.000000 1.000000 0.000003 0.032616 -0.716537 -0.696786 
						0.052421 -0.715933 -0.696198 0.000000 1.000000 0.000033 0.000000 1.000000 0.000027 0.036196 -0.716449 0.696700 0.008472 -0.716893 0.697132 -0.000000 1.000000 -0.000023 -0.000000 1.000000 -0.000060 0.036937 0.716429 -0.696681 0.056759 0.715763 -0.696033 0.000000 1.000000 0.000115 -0.000000 1.000000 0.000116 0.026121 0.716674 0.696919 -0.001344 0.716918 0.697156 0.000000 1.000000 0.000006 -0.000000 1.000000 0.000009 0.036956 -0.716429 -0.696681 0.056759 -0.715763 -0.696033 -0.000000 1.000000 0.000006 -0.000000 1.000000 0.000022 0.041319 -0.784417 0.618856 0.001988 -0.785086 0.619383 0.000000 1.000000 0.000000 0.000000 1.000000 -0.000004 0.013688 0.785014 -0.619327 0.050789 0.784074 -0.618585 0.000000 1.000000 0.000000 0.000000 1.000000 -0.000002 0.040461 0.784445 0.618878 0.000901 0.785087 0.619384 0.000000 1.000000 0.000000 0.000000 1.000000 0.000001 0.013737 -0.785014 -0.619326 0.050839 -0.784072 -0.618584 0.000000 1.000000 0.000000 0.000000 1.000000 0.000005 0.052921 -0.783988 0.618516 0.013149 -0.785020 0.619330 0.000000 1.000000 0.000000 0.000000 1.000000 -0.000014 0.017939 0.784961 -0.619285 0.055126 0.783894 -0.618443 0.000000 1.000000 0.000000 0.000000 1.000000 0.000016 0.042792 0.784369 0.618817 0.003341 0.785084 0.619381 0.000000 1.000000 0.000000 -0.000000 1.000000 0.000001 0.017989 -0.784961 -0.619285 0.055138 -0.783893 -0.618442 0.000000 1.000000 0.000000 0.000000 1.000000 0.000000 -0.113490 0.981306 0.155429 -0.116573 0.980954 0.155373 -0.111799 0.981495 -0.155459 -0.114239 0.981221 -0.155416 -0.111508 0.885455 -0.451149 -0.117380 0.884852 -0.450842 -0.047945 -0.706275 0.706312 -0.047921 -0.706276 0.706313 -0.048247 -0.453465 0.889967 -0.048272 -0.453465 0.889966 -0.048268 -0.156257 0.986536 -0.048268 -0.156257 0.986536 -0.048267 0.156257 0.986537 
						-0.048267 0.156257 0.986537 -0.048268 0.453465 0.889966 -0.048268 0.453465 0.889966 -0.048270 0.706264 0.706301 -0.048270 0.706264 0.706301 -0.067992 0.888950 0.452929 -0.074818 0.888515 0.452708 -0.059684 0.985927 0.156161 -0.064910 0.985605 0.156110 -0.063662 0.985684 -0.156123 -0.068917 0.985339 -0.156068 -0.066782 0.997768 0.000000 -0.099895 0.994998 0.000000 0.003023 -0.000006 0.999995 0.003093 -0.000006 0.999995 0.037826 0.999284 0.000000 0.037834 0.999284 0.000000 0.037866 0.999283 0.000000 0.037871 0.999283 0.000000 -0.823426 -0.080361 0.561704 -0.823921 -0.080409 0.560971 -0.818591 -0.079875 0.568796 -0.819350 -0.079949 0.567691 -0.813007 -0.079329 0.576824 -0.814021 -0.079428 0.575379 -0.806884 -0.078734 0.585439 -0.808152 -0.078857 0.583671 -0.800146 -0.078069 0.594703 -0.801572 -0.078208 0.592761 -0.793082 -0.077383 0.604180 -0.794553 -0.077527 0.602225 -0.785952 -0.076685 0.613514 -0.787223 -0.076809 0.611866 -0.779279 -0.076021 0.622049 -0.780120 -0.076103 0.620984 -0.041101 0.999155 0.000000 -0.041095 0.999155 0.000000 -0.041116 0.999154 0.000000 -0.041113 0.999155 0.000000 0.003078 0.000004 0.999995 0.003058 0.000004 0.999995 -0.075385 0.997154 0.000000 -0.075582 0.997140 0.000000 0.097629 0.982969 -0.155693 0.099180 0.982818 -0.155669 0.096588 0.983069 0.155709 0.097545 0.982977 0.155694 0.098130 0.886712 0.451789 0.103336 0.886242 0.451550 -0.047945 0.706275 0.706312 -0.047920 0.706276 0.706313 -0.048267 0.453464 0.889967 -0.048267 0.453464 0.889967 -0.048266 0.156257 0.986537 -0.048266 0.156257 0.986537 -0.048267 -0.156257 0.986537 -0.048267 -0.156257 0.986537 -0.048248 -0.453464 0.889968 -0.048273 -0.453464 0.889966 -0.048267 -0.706264 0.706301 -0.048267 -0.706264 0.706301 0.053500 0.889736 -0.453330 0.060821 0.889362 -0.453139 0.046034 0.986640 -0.156274 
						0.052517 0.986324 -0.156224 0.050599 0.986422 0.156240 0.057252 0.986067 0.156183 0.051879 0.998653 0.000000 0.084317 0.996439 0.000000 0.003056 0.000004 0.999995 0.003119 0.000004 0.999995 -0.041061 0.999157 0.000000 -0.041068 0.999156 0.000000 -0.041093 0.999155 0.000000 -0.041099 0.999155 0.000000 -0.829922 0.080991 0.551968 -0.830361 0.081034 0.551302 -0.825330 0.080532 0.558879 -0.826036 0.080601 0.557824 -0.819796 0.079989 0.567042 -0.820746 0.080082 0.565653 -0.813856 0.079413 0.575615 -0.815015 0.079526 0.573956 -0.807439 0.078780 0.584667 -0.808751 0.078908 0.582833 -0.800780 0.078133 0.593841 -0.802131 0.078264 0.591998 -0.794121 0.077481 0.602800 -0.795280 0.077594 0.601256 -0.788113 0.076880 0.610710 -0.788868 0.076954 0.609726 0.037856 0.999283 0.000000 0.037867 0.999283 0.000000 0.037884 0.999282 0.000000 0.037881 0.999282 0.000000 0.003090 -0.000006 0.999995 0.003025 -0.000006 0.999995 0.058166 0.998307 0.000000 0.059758 0.998213 0.000000 0.000000 1.000000 0.000000 0.000000 1.000000 0.000000 0.000000 1.000000 0.000000 0.000000 1.000000 0.000000 0.003055 0.000000 0.999995 0.003054 0.000000 0.999995 0.003069 0.000000 0.999995 0.003077 0.000000 0.999995 0.000000 1.000000 0.000000 0.000000 1.000000 0.000000 -0.894254 0.000000 0.447560 -0.929401 0.000000 0.369072 0.016475 0.000000 -0.999864 -0.622835 0.000000 -0.782354 0.003054 0.000000 0.999995 0.003054 0.000000 0.999995 0.003039 0.000000 0.999995 0.003043 0.000000 0.999995 0.000000 1.000000 0.000000 0.000000 1.000000 0.000000 0.000000 1.000000 0.000000 0.000000 1.000000 0.000000 -0.680712 0.000000 0.732551 -0.673121 0.000000 0.739533 0.243181 0.000000 0.969981 0.710813 0.000000 0.703381 0.000000 1.000000 0.000000 0.000000 1.000000 0.000000 0.000000 1.000000 0.000000 
						0.000000 1.000000 0.000000 0.000000 1.000000 0.000000 0.000000 1.000000 0.000000 0.003055 0.000000 0.999995 0.003055 0.000000 0.999995 0.003058 0.000000 0.999995 0.003038 0.000000 0.999995 0.000000 1.000000 0.000000 0.000000 1.000000 0.000000 -0.892958 0.000000 0.450139 -0.928380 0.000000 0.371631 0.016398 0.000000 -0.999866 -0.622946 0.000000 -0.782265 0.003054 0.000000 0.999995 0.003054 0.000000 0.999995 0.003039 0.000000 0.999995 0.003042 0.000000 0.999995 0.000000 1.000000 0.000000 0.000000 1.000000 0.000000 0.000000 1.000000 0.000000 0.000000 1.000000 0.000000 -0.680382 0.000000 0.732857 -0.672837 0.000000 0.739791 0.243167 0.000000 0.969985 0.710914 0.000000 0.703279 0.000000 1.000000 0.000000 0.000000 1.000000 0.000000 0.003093 0.000000 0.999995 0.003092 0.000000 0.999995 0.000000 1.000000 0.000000 0.000000 1.000000 0.000000 0.721179 0.000000 -0.692749 0.316894 0.000000 -0.948461 0.003032 0.000000 0.999995 0.003032 0.000000 0.999995 0.991772 0.000000 -0.128015 0.993815 0.000000 -0.111051 0.000000 1.000000 0.000000 0.000000 1.000000 0.000000 0.003093 0.000000 0.999995 0.003046 0.000000 0.999995 0.000000 1.000000 0.000000 0.000000 1.000000 0.000000 0.721204 0.000000 -0.692723 0.316956 0.000000 -0.948440 0.003030 0.000000 0.999995 0.003030 0.000000 0.999995 0.991698 0.000000 -0.128590 0.993804 0.000000 -0.111150 0.000000 1.000000 0.000000 0.000000 1.000000 0.000000 -0.023287 0.999729 0.000000 -0.023287 0.999729 0.000000 -0.023287 0.999729 0.000000 -0.023287 0.999729 0.000000 -0.023286 0.999729 0.000000 -0.023284 0.999729 0.000000 -0.023232 0.999730 0.000000 -0.023234 0.999730 0.000000 -0.021872 0.987451 0.156402 -0.034138 0.987112 0.156349 -0.017496 0.987536 -0.156416 -0.029140 0.987268 -0.156373 -0.012712 0.890940 -0.453943 
						-0.024726 0.890740 -0.453841 -0.048267 -0.706264 0.706301 -0.048243 -0.706265 0.706302 -0.047950 -0.453472 0.889980 -0.047950 -0.453472 0.889980 -0.048267 -0.156257 0.986536 -0.048267 -0.156257 0.986536 -0.048266 0.156257 0.986537 -0.048266 0.156257 0.986537 -0.048267 0.453465 0.889966 -0.048267 0.453465 0.889966 -0.048246 0.706265 0.706302 -0.048271 0.706264 0.706301 0.011238 0.890956 0.453951 -0.000853 0.891012 0.453980 0.015003 0.987576 0.156422 0.003462 0.987682 0.156439 0.019381 0.987502 -0.156411 0.007289 0.987661 -0.156436 -0.018340 0.999832 0.000000 -0.017142 0.999853 0.000000 0.002990 -0.000006 0.999996 0.003011 -0.000006 0.999995 0.037867 0.999283 0.000000 0.037853 0.999283 0.000000 -0.487229 0.000055 -0.873274 -0.487229 0.000055 -0.873275 -0.487248 0.000055 -0.873263 -0.487248 0.000055 -0.873263 -0.487300 0.000000 -0.873235 -0.487255 0.000000 -0.873260 -0.487001 0.000000 -0.873402 -0.487001 0.000000 -0.873402 -0.487245 0.000014 -0.873265 -0.487245 0.000014 -0.873265 -0.487229 0.000014 -0.873274 -0.487229 0.000014 -0.873274 -0.487107 0.000000 -0.873342 -0.487101 0.000000 -0.873345 -0.487085 0.000000 -0.873354 -0.487189 0.000000 -0.873297 -0.487139 0.000000 -0.873324 -0.487239 0.000000 -0.873269 -0.487211 0.000000 -0.873284 -0.487231 0.000000 -0.873273 -0.487295 -0.000017 -0.873237 -0.487251 -0.000017 -0.873262 -0.486997 -0.000017 -0.873404 -0.486997 -0.000017 -0.873404 -0.487265 -0.000027 -0.873254 -0.487264 -0.000027 -0.873254 -0.487249 -0.000027 -0.873263 -0.487249 -0.000027 -0.873263 -0.041062 0.999157 0.000000 -0.041089 0.999156 0.000000 0.003070 0.000004 0.999995 0.003059 0.000004 0.999995 0.003510 0.999994 0.000000 0.001341 0.999999 0.000000 -0.487232 -0.000027 -0.873272 -0.487232 -0.000027 -0.873272 -0.487299 -0.000017 -0.873235 -0.487255 -0.000017 -0.873260 -0.487132 0.000000 -0.873329 
						-0.487033 0.000000 -0.873384 -0.487173 0.000000 -0.873306 -0.487069 0.000000 -0.873363 -0.487213 0.000014 -0.873283 -0.487213 0.000014 -0.873283 -0.487304 0.000000 -0.873233 -0.487259 0.000000 -0.873258 -0.487268 0.000055 -0.873253 -0.487268 0.000055 -0.873253 0.000000 1.000000 0.000000 0.000000 1.000000 0.000000 0.000000 1.000000 0.000000 0.000000 1.000000 0.000000 0.037834 0.999284 0.000000 0.037873 0.999283 0.000000 0.000000 1.000000 0.000000 0.000000 1.000000 0.000000 0.000000 1.000000 0.000000 0.000000 1.000000 0.000000 0.000000 1.000000 0.000000 0.000000 1.000000 0.000000 0.000000 1.000000 0.000000 0.000000 1.000000 0.000000 0.000000 1.000000 0.000000 0.000000 1.000000 0.000000 0.000000 1.000000 0.000000 0.000000 1.000000 0.000000 0.000000 1.000000 0.000000 0.000000 1.000000 0.000000 -0.041106 0.999155 0.000000 -0.041105 0.999155 0.000000 0.000000 1.000000 0.000000 0.000000 1.000000 0.000000 0.000000 1.000000 0.000000 0.000000 1.000000 0.000000 -0.041105 0.999155 0.000000 0.000000 1.000000 0.000000 0.000000 1.000000 0.000000 0.000000 1.000000 0.000000 0.000000 1.000000 0.000000 0.000000 1.000000 0.000000 0.000000 1.000000 0.000000 0.000000 1.000000 0.000000 0.000000 1.000000 0.000000 0.000000 1.000000 0.000000 0.000000 1.000000 0.000000 0.000000 1.000000 0.000000 0.000000 1.000000 0.000000 0.000000 1.000000 0.000000 0.000000 1.000000 0.000000 0.037837 0.999284 0.000000 -0.511048 0.000031 -0.859552 -0.511041 0.000031 -0.859556 -0.510768 0.000031 -0.859719 -0.510782 0.000031 -0.859711 -0.510909 0.000000 -0.859635 -0.510911 0.000000 -0.859634 -0.510910 0.000000 -0.859634 -0.510909 0.000000 -0.859635 -0.510757 0.000007 -0.859725 -0.510768 0.000007 -0.859718 -0.511033 0.000007 -0.859561 -0.511012 0.000007 -0.859573 -0.510939 0.000006 -0.859617 
						-0.510936 0.000006 -0.859619 -0.510878 0.000006 -0.859653 -0.510884 0.000006 -0.859650 -0.510877 0.000004 -0.859654 -0.510874 0.000004 -0.859656 -0.510809 0.000004 -0.859694 -0.510816 0.000004 -0.859690 -0.510881 -0.000004 -0.859652 -0.510823 -0.000004 -0.859686 -0.510828 -0.000004 -0.859683 -0.510829 0.000000 -0.859682 -0.510832 0.000000 -0.859681 -0.510888 0.000000 -0.859647 -0.510883 0.000000 -0.859650 -0.510911 -0.000006 -0.859634 -0.510914 -0.000006 -0.859632 -0.510990 -0.000006 -0.859587 -0.510985 -0.000006 -0.859590 -0.511008 -0.000025 -0.859576 -0.511004 -0.000025 -0.859579 -0.510800 -0.000025 -0.859700 -0.510808 -0.000025 -0.859695 -0.510913 0.000000 -0.859632 -0.510914 0.000000 -0.859632 -0.510922 0.000000 -0.859627 -0.510913 0.000000 -0.859632 -0.511042 -0.000032 -0.859556 -0.511035 -0.000032 -0.859560 -0.510777 -0.000032 -0.859713 -0.510790 -0.000032 -0.859706 -0.510916 0.000000 -0.859631 -0.510915 0.000000 -0.859631 -0.510757 -0.000007 -0.859725 -0.510767 -0.000007 -0.859719 -0.511020 -0.000007 -0.859569 -0.511001 -0.000007 -0.859580 -0.510943 0.000000 -0.859614 -0.510940 0.000000 -0.859616 -0.510878 0.000000 -0.859653 -0.510884 0.000000 -0.859649 -0.510879 -0.000004 -0.859653 -0.510875 -0.000004 -0.859655 -0.510819 -0.000004 -0.859689 -0.510825 -0.000004 -0.859685 -0.510880 0.000004 -0.859652 -0.510815 0.000004 -0.859691 -0.510821 0.000004 -0.859687 -0.510825 0.000005 -0.859685 -0.510828 0.000005 -0.859683 -0.510888 0.000005 -0.859647 -0.510883 0.000005 -0.859650 -0.510912 0.000006 -0.859633 -0.510915 0.000006 -0.859631 -0.511000 0.000006 -0.859581 -0.510994 0.000006 -0.859584 -0.511013 0.000025 -0.859573 -0.511008 0.000025 -0.859576 -0.510794 0.000025 -0.859703 -0.510802 0.000025 -0.859698 -0.510909 0.000000 -0.859635 -0.510897 0.000000 -0.859642 -0.000009 -0.120412 0.992724 -0.000009 -0.120413 0.992724 -0.000004 -0.120435 0.992721 
						-0.000004 -0.120435 0.992721 0.992674 -0.120826 -0.000000 0.992674 -0.120826 -0.000000 0.992674 -0.120826 -0.000000 0.992674 -0.120825 -0.000000 0.000000 -0.120985 0.992654 0.000000 -0.120985 0.992654 0.000000 -0.120966 0.992657 0.000000 -0.120966 0.992657 -0.000004 -0.120857 0.992670 -0.000004 -0.120857 0.992670 -0.000002 -0.120854 0.992670 -0.000002 -0.120854 0.992670 0.000000 -0.120752 0.992683 0.000000 -0.120882 0.992667 0.000000 -0.120883 0.992667 0.000000 -0.120755 0.992682 0.000000 -0.120733 0.992685 0.000000 -0.120733 0.992685 0.000000 -0.120843 0.992672 0.000000 -0.120838 0.992672 0.000006 -0.120947 0.992659 0.000006 -0.120947 0.992659 0.000003 -0.120942 0.992660 0.000003 -0.120942 0.992660 0.000000 -0.120904 0.992664 0.000000 -0.120904 0.992664 0.000000 -0.120889 0.992666 0.000000 -0.120889 0.992666 -0.992674 -0.120827 -0.000000 -0.992673 -0.120828 -0.000000 -0.992673 -0.120828 -0.000000 -0.992673 -0.120828 -0.000000 0.000000 -0.120387 -0.992727 0.000000 -0.120387 -0.992727 0.000000 -0.120372 -0.992729 0.000000 -0.120372 -0.992729 -0.992674 -0.120825 -0.000000 -0.992674 -0.120827 -0.000000 0.000006 -0.120999 -0.992653 0.000006 -0.120999 -0.992653 0.000003 -0.121007 -0.992652 0.000003 -0.121007 -0.992652 0.000000 -0.120843 -0.992672 0.000000 -0.120843 -0.992672 0.000000 -0.120838 -0.992672 0.000000 -0.120838 -0.992672 -0.000004 -0.120616 -0.992699 -0.000004 -0.120616 -0.992699 -0.000002 -0.120614 -0.992700 -0.000002 -0.120612 -0.992700 0.000004 -0.120888 -0.992666 0.000004 -0.120888 -0.992666 0.000002 -0.120878 -0.992667 0.000002 -0.120880 -0.992667 -0.000004 -0.120816 -0.992675 -0.000004 -0.120816 -0.992675 -0.000002 -0.120826 -0.992674 -0.000002 -0.120826 -0.992674 0.000006 -0.120976 -0.992655 0.000006 -0.120977 -0.992655 0.000003 -0.120988 -0.992654 0.000003 -0.120988 -0.992654 -0.000009 -0.120875 -0.992668 
						-0.000009 -0.120875 -0.992668 -0.000004 -0.120870 -0.992668 -0.000004 -0.120870 -0.992668 0.992674 -0.120825 -0.000000 0.992673 -0.120828 -0.000000 0.000000 -0.120385 0.992727 0.000000 -0.120385 0.992727 0.000000 -0.120985 0.992654 0.000000 -0.120985 0.992654 0.000000 -0.120848 0.992671 0.000000 -0.120848 0.992671 0.000000 -0.120885 0.992667 0.000000 -0.120750 0.992683 0.000000 -0.120725 0.992686 0.000000 -0.120834 0.992673 0.000000 -0.120975 0.992656 0.000000 -0.120975 0.992656 0.000000 -0.120889 0.992666 0.000000 -0.120889 0.992666 -0.000158 -1.000000 -0.000001 -0.000158 -1.000000 -0.000001 -0.000158 -1.000000 -0.000001 -0.000158 -1.000000 -0.000001 -0.000158 -1.000000 -0.000001 -0.000158 -1.000000 -0.000001 0.000000 -0.120385 -0.992727 0.000000 -0.120385 -0.992727 0.000000 -0.121001 -0.992652 0.000000 -0.121001 -0.992652 0.000000 -0.120834 -0.992673 0.000000 -0.120834 -0.992673 0.000000 -0.120879 -0.992667 0.000000 -0.120876 -0.992668 0.000000 -0.120610 -0.992700 0.000000 -0.120613 -0.992700 0.000000 -0.120827 -0.992674 0.000000 -0.120827 -0.992674 0.000000 -0.120985 -0.992654 0.000000 -0.120985 -0.992654 0.000000 -0.120889 -0.992666 0.000000 -0.120889 -0.992666 0.992673 -0.120829 -0.000000 0.992673 -0.120830 -0.000000 0.992673 -0.120830 -0.000000 -1.000000 0.000000 -0.000498 -1.000000 0.000000 -0.000479 -1.000000 0.000000 -0.000475 -1.000000 0.000000 -0.000483 -0.000005 -1.000000 -0.000001 -0.000007 -1.000000 -0.000001 -0.000010 -1.000000 -0.000001 -0.000007 -1.000000 -0.000001 1.000000 0.000000 -0.000085 1.000000 0.000000 -0.000085 1.000000 0.000000 -0.000085 1.000000 0.000000 -0.000085 0.000000 0.000000 1.000000 0.000319 0.000000 1.000000 0.000326 0.000000 1.000000 0.000307 0.000000 1.000000 1.000000 0.000000 -0.000085 1.000000 0.000000 -0.000085 0.000130 -1.000000 -0.000006 0.000132 -1.000000 -0.000006 
						0.000134 -1.000000 -0.000006 0.000132 -1.000000 -0.000006 -1.000000 0.000000 -0.000475 -1.000000 0.000000 -0.000475 0.000000 -0.000130 1.000000 0.000000 -0.000132 1.000000 0.000000 -0.000132 1.000000 0.000000 -0.000130 1.000000 1.000000 0.000000 -0.000085 1.000000 0.000000 -0.000085 -1.000000 0.000000 -0.000086 -1.000000 0.000000 -0.000081 -1.000000 0.000000 -0.000081 -1.000000 0.000000 -0.000085 1.000000 0.000000 -0.000085 0.000000 -1.000000 -0.000083 0.000000 -1.000000 -0.000087 0.000000 -1.000000 -0.000087 0.000000 -1.000000 -0.000083 -0.000106 -1.000000 0.000000 -0.000081 -1.000000 0.000000 -0.000080 -1.000000 0.000000 -0.000105 -1.000000 0.000000 -1.000000 -0.000057 -0.000000 -1.000000 -0.000064 -0.000000 -1.000000 -0.000064 -0.000000 -1.000000 -0.000057 -0.000000 -0.000131 -1.000000 0.000000 -0.000106 -1.000000 0.000000 -0.000105 -1.000000 0.000000 -0.000130 -1.000000 0.000000 -0.000135 -1.000000 0.000000 -0.000135 -1.000000 0.000000 -0.000077 -1.000000 0.000000 -0.000075 -1.000000 0.000000 -0.000115 -1.000000 -0.000001 -0.000116 -1.000000 -0.000001 -0.000116 -1.000000 -0.000001 -0.000115 -1.000000 -0.000001 0.000000 0.000000 1.000000 0.000000 0.000000 1.000000 0.000000 0.000000 1.000000 0.000000 0.000000 1.000000 0.000000 0.000000 -1.000000 0.000000 -0.000241 -1.000000 0.000000 -0.000244 -1.000000 0.000000 -0.000003 -1.000000 0.000000 0.000000 1.000000 0.000000 0.000000 1.000000 0.000000 0.000000 1.000000 0.000000 0.000000 1.000000 0.000000 0.000000 1.000000 0.000000 0.000000 1.000000 0.000000 0.000000 1.000000 0.000000 0.000000 1.000000 0.000000 0.000000 1.000000 0.000000 0.000000 1.000000 0.000000 0.000000 1.000000 0.000000 0.000000 1.000000 -0.985642 0.076657 0.150448 -0.985650 0.076636 0.150406 -0.985659 0.076612 0.150359 -0.985651 0.076633 0.150401 -0.985659 0.119326 0.119326 
						-0.985650 0.119359 0.119359 -0.985641 0.119397 0.119397 -0.985649 0.119364 0.119364 0.120283 0.884540 0.450690 0.120354 0.884532 0.450686 0.120436 0.884523 0.450681 0.120364 0.884531 0.450685 0.120437 0.980499 0.155295 0.120437 0.980499 0.155295 0.120437 0.980499 0.155295 0.120437 0.980499 0.155295 0.120436 0.980499 -0.155295 0.120364 0.980508 -0.155297 0.120282 0.980518 -0.155298 0.120354 0.980509 -0.155297 0.120283 0.884540 -0.450689 0.120355 0.884532 -0.450685 0.120436 0.884524 -0.450681 0.120365 0.884531 -0.450685 -0.984671 0.123336 -0.123335 -0.984671 0.123336 -0.123335 -0.984671 0.123336 -0.123335 -0.984671 0.123336 -0.123335 -0.984667 0.079197 -0.155434 -0.984666 0.079197 -0.155434 -0.984666 0.079198 -0.155435 -0.984666 0.079197 -0.155434 -0.984671 0.027286 -0.172277 -0.984671 0.027286 -0.172276 -0.984671 0.027286 -0.172276 -0.984671 0.027286 -0.172276 -0.984666 -0.027290 -0.172301 -0.984666 -0.027290 -0.172301 -0.984666 -0.027290 -0.172301 -0.984666 -0.027290 -0.172301 -0.984666 -0.079197 -0.155434 -0.984658 -0.079218 -0.155475 -0.984649 -0.079242 -0.155522 -0.984657 -0.079221 -0.155481 -0.984649 -0.123422 -0.123422 -0.984657 -0.123390 -0.123389 -0.984667 -0.123353 -0.123352 -0.984658 -0.123385 -0.123385 -0.114133 0.885187 0.451019 -0.114133 0.885187 0.451019 -0.114133 0.885187 0.451019 -0.114133 0.885187 0.451019 -0.114132 0.981234 0.155412 -0.114132 0.981234 0.155412 -0.114132 0.981234 0.155412 -0.114132 0.981234 0.155412 -0.114271 0.981219 -0.155409 -0.114271 0.981219 -0.155409 -0.114271 0.981219 -0.155409 -0.114271 0.981219 -0.155409 -0.114132 0.885187 -0.451019 -0.114132 0.885187 -0.451019 -0.114132 0.885187 -0.451019 -0.114132 0.885187 -0.451019 -0.985641 -0.119396 0.119396 -0.985649 -0.119363 0.119363 -0.985659 -0.119326 0.119326 -0.985651 -0.119359 0.119359 -0.985658 -0.076612 0.150360 
						-0.985650 -0.076633 0.150402 -0.985641 -0.076657 0.150450 -0.985649 -0.076636 0.150408 -0.985641 -0.026415 0.166776 -0.985649 -0.026408 0.166729 -0.985658 -0.026399 0.166676 -0.985650 -0.026407 0.166723 -0.985658 0.026399 0.166675 -0.985650 0.026406 0.166721 -0.985641 0.026414 0.166774 -0.985649 0.026407 0.166728 -0.984171 0.027723 0.175038 -0.984171 0.027723 0.175038 -0.984171 0.027723 0.175038 -0.984171 0.027723 0.175038 -0.984171 -0.027724 0.175039 -0.984171 -0.027724 0.175039 -0.984171 -0.027724 0.175039 -0.984171 -0.027724 0.175039 -0.984172 -0.080455 0.157904 -0.984171 -0.080455 0.157904 -0.984171 -0.080455 0.157904 -0.984171 -0.080455 0.157904 -0.984172 -0.125312 0.125312 -0.984172 -0.125312 0.125312 -0.984172 -0.125312 0.125312 -0.984172 -0.125312 0.125312 -0.126597 0.883840 -0.450332 -0.126597 0.883840 -0.450332 -0.126597 0.883840 -0.450332 -0.126597 0.883840 -0.450332 -0.126736 0.979724 -0.155173 -0.126664 0.979733 -0.155174 -0.126582 0.979744 -0.155176 -0.126654 0.979735 -0.155174 -0.126580 0.979744 0.155176 -0.126652 0.979735 0.155174 -0.126734 0.979724 0.155173 -0.126662 0.979734 0.155174 -0.126598 0.883840 0.450332 -0.126598 0.883840 0.450332 -0.126598 0.883840 0.450332 -0.126598 0.883840 0.450332 -0.984667 -0.123353 -0.123353 -0.984667 -0.123353 -0.123353 -0.984667 -0.123353 -0.123353 -0.984667 -0.123353 -0.123353 -0.984671 -0.079186 -0.155413 -0.984671 -0.079186 -0.155413 -0.984671 -0.079186 -0.155413 -0.984671 -0.079186 -0.155413 -0.984666 -0.027290 -0.172301 -0.984666 -0.027290 -0.172301 -0.984666 -0.027290 -0.172301 -0.984666 -0.027290 -0.172301 -0.984666 0.027290 -0.172300 -0.984658 0.027297 -0.172345 -0.984649 0.027305 -0.172397 -0.984657 0.027298 -0.172352 -0.984649 0.079242 -0.155522 -0.984657 0.079221 -0.155481 -0.984667 0.079197 -0.155434 -0.984658 0.079218 -0.155475 -0.984667 0.123353 -0.123353 
						-0.984667 0.123353 -0.123353 -0.984667 0.123353 -0.123353 -0.984667 0.123353 -0.123353 0.120436 0.884524 -0.450681 0.120365 0.884531 -0.450685 0.120283 0.884540 -0.450689 0.120355 0.884532 -0.450685 0.120282 0.980518 -0.155298 0.120354 0.980509 -0.155297 0.120436 0.980499 -0.155295 0.120364 0.980508 -0.155297 0.120437 0.980499 0.155295 0.120437 0.980499 0.155295 0.120437 0.980499 0.155295 0.120437 0.980499 0.155295 0.120436 0.884524 0.450681 0.120364 0.884531 0.450685 0.120283 0.884540 0.450689 0.120354 0.884533 0.450685 -0.984172 0.125312 0.125312 -0.984172 0.125312 0.125312 -0.984172 0.125312 0.125312 -0.984172 0.125312 0.125312 -0.984172 0.080455 0.157903 -0.984172 0.080455 0.157903 -0.984172 0.080455 0.157903 -0.984172 0.080455 0.157903 
					</float_array>
					<technique_common>
						<accessor count="2203" offset="0" source="#meshId5-tangents-array" stride="3">
							<param name="X" type="float" />
							<param name="Y" type="float" />
							<param name="Z" type="float" />
						</accessor>
					</technique_common>
				</source>
				<source id="meshId5-bitangents" name="meshId5-bitangents">
					<float_array id="meshId5-bitangents-array" count="6609"> 
						-0.987709 0.070959 0.139266 -0.985277 0.100491 0.138313 -0.990279 0.081758 0.112530 -0.988429 0.068864 0.135153 -0.987844 0.125759 0.091369 -0.995367 0.077787 0.056515 0.996807 -0.064604 -0.046937 0.992648 -0.115115 -0.037403 0.988002 -0.146883 -0.047725 0.990220 -0.112868 -0.082003 0.990346 -0.138618 0.000000 0.990349 -0.138598 0.000000 0.987999 -0.146897 0.047730 0.992648 -0.115111 0.037402 0.990221 -0.112864 0.082001 0.996807 -0.064602 0.046936 -0.994848 0.082019 -0.059590 -0.989512 0.084905 -0.116861 -0.984172 0.104164 -0.143370 -0.986907 0.130486 -0.094804 -0.986641 0.050342 -0.154938 -0.986212 0.051138 -0.157387 -0.986162 -0.000000 -0.165783 -0.986166 -0.000000 -0.165762 -0.986219 -0.051125 -0.157347 -0.986648 -0.050329 -0.154898 -0.984176 -0.104152 -0.143354 -0.989510 -0.084916 -0.116877 -0.986904 -0.130502 -0.094816 -0.994842 -0.082066 -0.059625 -0.998953 -0.037011 -0.026890 -0.996309 -0.081634 -0.026525 -0.992943 -0.112784 -0.036646 -0.994556 -0.084303 -0.061250 -0.994706 -0.102765 0.000000 -0.994706 -0.102765 0.000000 -0.992943 -0.112784 0.036646 -0.996309 -0.081634 0.026525 -0.994556 -0.084303 0.061250 -0.998953 -0.037011 0.026890 -0.995367 -0.077787 0.056516 -0.990279 -0.081758 0.112530 -0.985277 -0.100490 0.138312 -0.987845 -0.125757 0.091368 -0.988429 -0.068863 0.135152 -0.987710 -0.070959 0.139265 0.000000 -0.000182 -1.000000 0.000000 0.000133 -1.000000 0.000000 -0.000009 -1.000000 0.000000 0.000005 -1.000000 0.000000 -0.000004 -1.000000 0.000000 0.000005 -1.000000 0.000000 -0.000013 -1.000000 0.000000 -0.000004 -1.000000 0.000000 0.000004 -1.000000 0.000000 0.000000 -1.000000 0.000000 0.000006 -1.000000 0.000000 -0.000009 -1.000000 0.000000 -0.000033 -1.000000 0.000000 -0.000007 -1.000000 0.000000 0.000005 -1.000000 0.000000 -0.000005 -1.000000 0.000000 0.000063 -1.000000 0.000000 0.000231 -1.000000 
						0.000000 -0.000256 -1.000000 0.000000 -0.000004 -1.000000 -0.677208 0.735496 0.020877 -0.675737 0.736272 0.035815 -0.675171 0.736510 0.041188 -0.676767 0.735754 0.025518 -0.675114 0.687595 0.267272 -0.673431 0.683501 0.281634 -0.672788 0.681990 0.286786 -0.674608 0.686339 0.271740 -0.676169 0.576930 0.458201 -0.674739 0.569439 0.469539 -0.674194 0.566718 0.473596 -0.675738 0.574614 0.461732 -0.680219 0.444159 0.583117 -0.680553 0.448011 0.579771 -0.680669 0.449393 0.578563 -0.680324 0.445357 0.582079 -0.677794 0.213434 0.703592 -0.676188 0.197597 0.709736 -0.675562 0.191886 0.711896 -0.677316 0.208521 0.705522 -0.679900 0.011941 0.733208 -0.679228 0.002842 0.733922 -0.678972 -0.000432 0.734164 -0.679697 0.009114 0.733437 -0.680572 -0.205450 0.703286 -0.680046 -0.213174 0.701494 -0.679847 -0.215949 0.700838 -0.680414 -0.207851 0.702734 -0.682770 -0.372942 0.628283 -0.682957 -0.367505 0.631276 -0.683017 -0.365546 0.632347 -0.682831 -0.371255 0.629215 -0.671541 -0.638922 0.375248 -0.668728 -0.651300 0.358624 -0.667645 -0.655683 0.352604 -0.670699 -0.642797 0.370102 -0.674723 -0.714624 0.184561 -0.673004 -0.719712 0.170531 -0.672348 -0.721503 0.165474 -0.674205 -0.716221 0.180207 -0.674739 -0.736674 -0.045153 -0.672951 -0.737196 -0.060654 -0.672268 -0.737339 -0.066228 -0.674202 -0.736855 -0.049969 -0.674668 -0.686489 -0.271211 -0.672814 -0.682050 -0.286582 -0.672104 -0.680410 -0.292094 -0.674111 -0.685129 -0.275994 -0.675663 -0.574219 -0.462333 -0.674139 -0.566449 -0.473996 -0.673558 -0.563626 -0.478169 -0.675204 -0.571817 -0.465966 -0.679853 -0.440150 -0.586574 -0.680196 -0.443906 -0.583336 -0.680315 -0.445255 -0.582167 -0.679961 -0.441318 -0.585569 0.674242 0.180509 0.716111 0.671935 0.162361 0.722594 0.671044 0.155817 0.724859 0.673552 0.174879 0.718154 0.677045 -0.022616 0.735594 0.675827 -0.034946 0.736231 
						0.675364 -0.039381 0.736432 0.676678 -0.026447 0.735804 0.677984 -0.238812 0.695202 0.676990 -0.249386 0.692453 0.676612 -0.253183 0.691444 0.677684 -0.242100 0.694358 0.681244 -0.403037 0.611120 0.681552 -0.398120 0.613993 0.681657 -0.396348 0.615022 0.681342 -0.401511 0.612015 -0.672306 0.635256 -0.380071 -0.669642 0.647450 -0.363853 -0.668614 0.651770 -0.357981 -0.671509 0.639072 -0.375050 -0.675422 0.712364 -0.190640 -0.674099 0.716543 -0.179326 -0.673598 0.718020 -0.175249 -0.675021 0.713673 -0.187128 -0.676160 -0.576937 0.458205 -0.674730 -0.569445 0.469544 0.258472 -0.817330 0.514941 0.252070 -0.823028 0.509005 -0.680210 -0.444167 0.583120 -0.680545 -0.448020 0.579773 0.257619 -0.648118 0.716642 0.253634 -0.646195 0.719793 0.674233 0.180516 -0.716117 0.671936 0.162432 -0.722577 -0.258676 0.345616 -0.902018 -0.251435 0.357059 -0.899605 0.677044 -0.022537 -0.735598 0.675815 -0.034987 -0.736241 -0.258373 0.069505 -0.963542 -0.252368 0.076997 -0.964563 0.677973 -0.238829 -0.695207 0.676985 -0.249343 -0.692473 -0.258247 -0.225175 -0.939470 -0.252697 -0.219247 -0.942377 0.681236 -0.403038 -0.611129 0.681540 -0.398168 -0.613975 -0.257362 -0.473304 -0.842466 -0.254095 -0.477021 -0.841360 -0.671529 0.638943 0.375234 -0.668716 0.651322 0.358606 0.258826 0.759347 0.596993 0.250635 0.753331 0.608009 -0.674706 0.714656 0.184495 -0.672993 0.719725 0.170518 0.258601 0.900058 0.350745 0.251605 0.898554 0.359578 -0.674732 0.736681 -0.045148 -0.672944 0.737203 -0.060650 0.258607 0.964410 0.055093 0.251609 0.965686 0.064375 -0.674666 0.686513 -0.271157 -0.672805 0.682057 -0.286585 0.258616 0.934047 -0.246321 0.251586 0.938229 -0.237553 -0.675653 0.574216 -0.462352 -0.674128 0.566445 -0.474016 0.258520 0.815724 -0.517456 0.251905 0.821613 -0.511367 -0.679839 0.440102 -0.586625 -0.680190 0.443940 -0.583317 
						0.257695 0.645964 -0.718557 0.253480 0.644063 -0.721755 -0.677785 0.213440 -0.703598 -0.676179 0.197604 -0.709742 0.258354 0.364839 -0.894509 0.252600 0.374977 -0.891956 -0.679891 0.011944 -0.733216 -0.679219 0.002845 -0.733930 0.257939 0.090378 -0.961925 0.253433 0.095941 -0.962584 -0.680564 -0.205450 -0.703295 -0.680042 -0.213117 -0.701516 0.257788 -0.205203 -0.944159 0.253724 -0.200795 -0.946206 -0.682762 -0.372939 -0.628294 -0.682947 -0.367547 -0.631263 0.256771 -0.456946 -0.851627 0.254984 -0.460661 -0.850161 -0.672296 -0.635273 -0.380062 -0.669639 -0.647430 -0.363892 0.258789 -0.757072 -0.599892 0.250858 -0.751137 -0.610626 -0.675413 -0.712372 -0.190642 -0.674090 -0.716548 -0.179334 0.258516 -0.898028 -0.355971 0.251840 -0.897058 -0.363130 -0.677199 -0.735504 0.020870 -0.675722 -0.736283 0.035874 0.258391 -0.963606 -0.068535 0.252408 -0.964498 -0.077674 -0.675103 -0.687598 0.267291 -0.673428 -0.683522 0.281591 0.258572 -0.934831 0.243376 0.251728 -0.938758 0.235300 0.000000 0.000003 1.000000 0.000000 0.000004 1.000000 0.000000 -0.000013 1.000000 0.000000 -0.000014 1.000000 0.000000 -0.000002 1.000000 0.000000 -0.000000 1.000000 0.000000 -0.000016 1.000000 0.000000 0.000032 1.000000 0.000000 -0.000002 1.000000 0.000000 -0.000021 1.000000 0.000000 0.000015 1.000000 0.000000 0.000051 1.000000 0.000000 0.000005 1.000000 0.000000 0.000033 1.000000 0.000000 -0.000023 1.000000 0.000000 -0.000094 1.000000 0.000000 0.000006 1.000000 0.000000 0.000039 1.000000 0.000000 0.000012 1.000000 0.000000 -0.000014 1.000000 0.000000 0.000002 1.000000 0.000000 -0.000009 1.000000 0.000000 0.000003 1.000000 0.000000 -0.000018 1.000000 0.000000 -0.000014 1.000000 0.000000 0.000009 1.000000 0.000000 0.000004 1.000000 0.000000 0.000052 1.000000 0.000000 0.000026 1.000000 0.000000 -0.000028 1.000000 
						0.000000 -0.000018 1.000000 0.000000 -0.000086 1.000000 0.000000 -0.000001 1.000000 0.000000 -0.000004 1.000000 0.000000 0.000018 1.000000 0.000000 0.000068 1.000000 0.000000 0.000004 1.000000 0.000000 0.000039 1.000000 0.000000 0.000011 1.000000 0.000000 -0.000011 1.000000 -0.999999 0.000216 0.001363 -0.999999 0.000216 0.001363 -0.999999 0.000216 0.001363 -0.999999 0.000216 0.001363 -0.999999 -0.000217 0.001368 -0.999999 -0.000217 0.001368 -0.999999 -0.000216 0.001363 -0.999999 -0.000216 0.001363 -0.999999 -0.000626 0.001229 -0.999999 -0.000628 0.001233 -0.999999 -0.000784 0.001538 -0.999999 -0.000782 0.001534 -0.999999 -0.000975 0.000975 -0.999999 -0.000975 0.000975 -0.999999 -0.000975 0.000975 -0.999999 -0.000975 0.000975 -0.992459 0.109218 -0.055648 -0.992338 0.110083 -0.056089 -0.980232 0.176290 -0.089822 -0.980425 0.175436 -0.089387 -0.992483 0.120873 -0.019145 -0.992630 0.119696 -0.018959 -0.999960 0.008868 -0.001405 -0.999580 0.028617 -0.004533 -0.999998 -0.002037 -0.000323 -0.999999 -0.001718 -0.000272 -0.999999 0.001460 0.000231 -0.999729 0.023000 0.003643 -0.995723 -0.082316 -0.041941 -0.995859 -0.080999 -0.041270 -0.999949 -0.009034 -0.004603 -0.999711 0.021425 0.010916 -0.998834 -0.034131 -0.034133 -0.998834 -0.034131 -0.034133 -0.998835 -0.034126 -0.034128 -0.998835 -0.034125 -0.034127 -0.998834 -0.021916 -0.043012 -0.998834 -0.021914 -0.043008 -0.998847 -0.021792 -0.042769 -0.998851 -0.021758 -0.042702 -0.998851 -0.007498 -0.047336 -0.998851 -0.007498 -0.047340 -0.998834 -0.007551 -0.047676 -0.998834 -0.007551 -0.047674 -0.998835 0.007550 -0.047667 -0.998835 0.007550 -0.047667 -0.998834 0.007552 -0.047677 -0.998834 0.007552 -0.047677 -0.998834 0.021915 -0.043011 -0.998834 0.021915 -0.043011 -0.998834 0.021917 -0.043014 -0.998834 0.021917 -0.043014 -0.998835 0.034124 -0.034125 -0.998835 0.034124 -0.034125 
						-0.998838 0.034076 -0.034078 -0.998834 0.034131 -0.034133 0.995950 -0.080107 0.040815 0.995900 -0.080606 0.041069 0.995183 -0.087352 0.044507 0.985394 -0.151728 0.077307 0.985609 -0.166959 0.026445 0.985690 -0.166491 0.026370 0.994669 -0.101847 0.016131 0.989391 -0.143488 0.022727 0.964701 -0.260104 -0.041198 0.965153 -0.258463 -0.040938 0.995531 -0.093271 -0.014773 0.990878 -0.133100 -0.021082 0.937100 -0.311018 -0.158467 0.936875 -0.311556 -0.158742 0.918373 -0.352587 -0.179647 0.918628 -0.352059 -0.179378 -0.999999 0.000975 0.000975 -0.999999 0.000975 0.000975 -0.999999 0.000971 0.000971 -0.999999 0.000971 0.000971 -0.999999 0.000781 0.001533 -0.999999 0.000779 0.001529 -0.999999 0.000629 0.001234 -0.999999 0.000631 0.001238 -0.995932 -0.040906 -0.080283 -0.996177 -0.039658 -0.077834 -0.997181 -0.044102 -0.060701 -0.994491 -0.061612 -0.084801 -0.999442 -0.027022 -0.019633 -0.995914 -0.073062 -0.053083 0.998262 0.047675 0.034638 0.993026 0.095379 0.069297 0.991184 0.126006 0.040942 0.995042 0.094591 0.030734 0.993173 0.116655 0.000000 0.993175 0.116635 0.000000 0.995038 0.094621 -0.030744 0.991183 0.126019 -0.040946 0.998262 0.047676 -0.034639 0.993026 0.095382 -0.069299 -0.999106 -0.034192 0.024842 -0.994979 -0.080967 0.058826 -0.993356 -0.067643 0.093103 -0.996505 -0.049100 0.067581 -0.994637 -0.031961 0.098365 -0.994874 -0.031248 0.096171 -0.994584 0.000000 0.103932 -0.994584 0.000000 0.103932 -0.994875 0.031246 0.096164 -0.994640 0.031952 0.098338 -0.996502 0.049119 0.067607 -0.993355 0.067651 0.093113 -0.999106 0.034194 0.024843 -0.994979 0.080970 0.058828 -0.997539 0.056723 0.041211 -0.991581 0.104757 0.076110 -0.989539 0.137204 0.044580 -0.993820 0.105573 0.034303 -0.991723 0.128396 0.000000 -0.991723 0.128396 0.000000 -0.993821 0.105564 -0.034300 -0.989543 0.137177 -0.044572 
						-0.997539 0.056724 -0.041213 -0.991586 0.104727 -0.076089 -0.999442 0.027021 -0.019632 -0.995914 0.073060 -0.053081 -0.994489 0.061622 -0.084815 -0.997181 0.044100 -0.060699 -0.995927 0.040933 -0.080335 -0.996176 0.039667 -0.077850 0.000000 -1.000000 0.000036 0.000000 -1.000000 -0.000010 0.000000 -1.000000 -0.000001 0.000000 -1.000000 0.000000 0.000000 -1.000000 -0.000018 0.000000 -1.000000 -0.000008 0.000000 -1.000000 0.000002 0.000000 -1.000000 0.000032 0.000000 -1.000000 -0.000017 0.000000 -1.000000 0.000017 0.000000 -1.000000 0.000002 0.000000 -1.000000 -0.000023 0.000000 -1.000000 0.000046 0.000000 -1.000000 -0.000070 0.000000 -1.000000 0.000070 0.000000 -1.000000 -0.000095 0.000000 -1.000000 -0.000009 0.000000 -1.000000 0.000028 0.000000 -1.000000 0.000270 0.000000 -1.000000 0.000013 -0.680726 -0.732122 0.024671 -0.680534 -0.732397 0.021623 -0.679838 -0.733275 0.011329 -0.680085 -0.732983 0.014859 -0.679080 -0.698500 -0.225715 -0.678875 -0.697877 -0.228249 -0.678146 -0.695735 -0.236794 -0.678402 -0.696475 -0.233866 -0.681047 -0.609530 -0.405768 -0.680896 -0.608230 -0.407967 -0.680355 -0.603807 -0.415373 -0.680546 -0.605329 -0.412837 -0.683102 -0.491443 -0.540237 -0.683145 -0.492818 -0.538927 -0.683274 -0.497450 -0.534490 -0.683234 -0.495864 -0.536014 -0.675327 -0.189964 -0.712633 -0.674704 -0.184554 -0.714643 -0.672430 -0.166234 -0.721252 -0.673239 -0.172524 -0.719017 -0.677929 0.012736 -0.735017 -0.677613 0.016294 -0.735238 -0.676480 0.028307 -0.735917 -0.676880 0.024188 -0.735696 -0.678786 0.229342 -0.697604 -0.678533 0.232352 -0.696854 -0.677630 0.242502 -0.694270 -0.677948 0.239025 -0.695164 -0.681745 0.394521 -0.616098 -0.681832 0.392966 -0.616995 -0.682110 0.387704 -0.620009 -0.682018 0.389510 -0.618978 -0.678115 0.600735 -0.423412 -0.677658 0.604051 -0.419407 -0.675980 0.615125 -0.405798 -0.676579 0.611349 -0.410479 
						-0.680081 0.692542 -0.240573 -0.679893 0.693587 -0.238081 -0.679222 0.697079 -0.229650 -0.679458 0.695888 -0.232543 -0.680042 0.733035 -0.014239 -0.679852 0.733259 -0.011528 -0.679173 0.733975 -0.002369 -0.679412 0.733736 -0.005510 -0.679970 0.701319 0.213994 -0.679764 0.700649 0.216821 -0.679028 0.698343 0.226357 -0.679288 0.699141 0.223089 -0.680591 0.605688 0.412235 -0.680424 0.604348 0.414471 -0.679825 0.599793 0.422003 -0.680036 0.601360 0.419424 -0.682858 0.484818 0.546495 -0.682912 0.486191 0.545206 -0.683080 0.490814 0.540835 -0.683026 0.489231 0.542337 0.676504 -0.200748 -0.708550 0.675951 -0.195575 -0.710522 0.673927 -0.178062 -0.717019 0.674648 -0.184075 -0.714820 0.678876 0.001390 -0.734252 0.678613 0.004632 -0.734481 0.677673 0.015581 -0.735198 0.678005 0.011827 -0.734962 0.679645 0.218414 -0.700270 0.679439 0.221138 -0.699615 0.678701 0.230325 -0.697363 0.678961 0.227177 -0.698142 0.682257 0.384670 -0.621735 0.682333 0.383045 -0.622654 0.682572 0.377549 -0.625741 0.682493 0.379435 -0.624685 -0.678944 -0.594285 0.431116 -0.678545 -0.597459 0.427340 -0.677076 -0.608070 0.414510 -0.677601 -0.604451 0.418923 -0.680803 -0.688168 0.250863 -0.680657 -0.689101 0.248688 -0.680136 -0.692223 0.241334 -0.680320 -0.691157 0.243858 -0.681052 0.609531 -0.405759 0.253948 0.839948 -0.479581 0.257685 0.836601 -0.483422 -0.680552 0.605330 -0.412825 -0.683105 0.491446 -0.540230 0.255284 0.670978 -0.696146 0.256541 0.673554 -0.693189 -0.683236 0.495867 -0.536007 0.676508 -0.200726 0.708552 -0.252163 -0.368082 0.894947 -0.258491 -0.357453 0.897446 0.674651 -0.184049 0.714823 0.678881 0.001409 0.734247 -0.253032 -0.088625 0.963390 -0.258122 -0.082280 0.962602 0.678010 0.011847 0.734958 0.679646 0.218483 0.700247 -0.253337 0.207967 0.944759 -0.257978 0.212928 0.942395 0.678966 0.227194 0.698132 
						0.682263 0.384667 0.621731 -0.254651 0.467008 0.846792 -0.257011 0.463275 0.848128 0.682499 0.379433 0.624680 -0.678118 -0.600734 -0.423408 0.252723 -0.731008 -0.633844 0.258312 -0.736530 -0.625139 -0.676583 -0.611348 -0.410475 -0.680085 -0.692539 -0.240572 0.253518 -0.885167 -0.390139 0.257897 -0.886199 -0.384891 -0.679462 -0.695885 -0.232542 -0.680043 -0.733035 -0.014185 0.253500 -0.962442 -0.097179 0.257907 -0.961796 -0.091829 -0.679412 -0.733737 -0.005447 -0.679977 -0.701327 0.213943 0.253471 -0.945256 0.205532 0.257928 -0.942894 0.210770 -0.679297 -0.699152 0.223029 -0.680592 -0.605656 0.412281 0.253737 -0.837961 0.483155 0.257790 -0.834507 0.486972 -0.680040 -0.601356 0.419424 -0.682863 -0.484818 0.546488 0.255067 -0.667510 0.699551 0.256711 -0.670024 0.696540 -0.683032 -0.489232 0.542328 -0.675323 -0.189890 0.712657 0.251778 -0.362185 0.897458 0.258596 -0.351143 0.899904 -0.673241 -0.172502 0.719020 -0.677928 0.012737 0.735018 0.252682 -0.082405 0.964034 0.258262 -0.075489 0.963121 -0.676879 0.024189 0.735697 -0.678790 0.229343 0.697600 0.253002 0.213976 0.943506 0.258127 0.219466 0.940853 -0.677952 0.239025 0.695160 -0.681749 0.394521 0.616094 0.254358 0.472369 0.843902 0.257202 0.468635 0.845120 -0.682024 0.389464 0.619000 -0.678949 0.594281 0.431113 0.253032 0.727312 0.637959 0.258194 0.732650 0.629730 -0.677606 0.604448 0.418918 -0.680804 0.688187 0.250805 0.253836 0.882620 0.395663 0.257731 0.883546 0.391051 -0.680320 0.691177 0.243799 -0.680734 0.732113 0.024729 0.253794 0.961786 0.102743 0.257789 0.961358 0.096625 -0.680089 0.732978 0.014864 -0.679079 0.698480 -0.225780 0.253120 0.943947 -0.211884 0.258058 0.941593 -0.216353 -0.678409 0.696481 -0.233825 0.000002 0.000010 -1.000000 0.000002 0.000025 -1.000000 0.000002 0.000000 -1.000000 0.000002 -0.000004 -1.000000 
						-0.000004 -0.000075 -1.000000 -0.000004 -0.000096 -1.000000 -0.000004 -0.000005 -1.000000 0.000000 -0.000018 -1.000000 0.000000 0.000120 -1.000000 0.000000 0.000159 -1.000000 0.000000 -0.000010 -1.000000 0.000001 -0.000015 -1.000000 0.000001 -0.000094 -1.000000 0.000001 0.000016 -1.000000 0.000001 -0.000232 -1.000000 0.000001 0.000026 -1.000000 0.000000 -0.000015 -1.000000 0.000000 0.000059 -1.000000 0.000000 0.000081 -1.000000 0.000000 -0.000011 -1.000000 0.000001 0.000014 -1.000000 0.000001 -0.000055 -1.000000 0.000001 -0.000075 -1.000000 0.000001 0.000010 -1.000000 -0.000001 -0.000030 -1.000000 -0.000001 0.000137 -1.000000 -0.000001 0.000184 -1.000000 -0.000001 -0.000020 -1.000000 0.000000 0.000008 -1.000000 0.000000 0.000013 -1.000000 0.000000 -0.000019 -1.000000 0.000000 0.000005 -1.000000 0.000000 -0.000031 -1.000000 0.000000 0.000008 -1.000000 0.000000 0.000009 -1.000000 0.000000 0.000008 -1.000000 0.000000 -0.000026 -1.000000 0.000000 -0.000007 -1.000000 0.000000 -0.000091 -1.000000 0.000000 -0.000019 -1.000000 -0.000001 -0.000030 -1.000000 -0.000001 -0.000008 -1.000000 -0.000001 -0.000001 -1.000000 -0.000001 -0.000029 -1.000000 0.000000 0.000028 -1.000000 0.000000 0.000061 -1.000000 0.000000 0.000068 -1.000000 0.000000 0.000011 -1.000000 0.000000 0.000013 -1.000000 0.000000 0.000002 -1.000000 0.000000 -0.000068 -1.000000 0.000000 -0.000013 -1.000000 0.000000 -0.000024 -1.000000 0.000000 -0.000001 -1.000000 0.000000 0.000010 -1.000000 0.000000 0.000028 -1.000000 0.000002 0.000045 -1.000000 -0.999979 -0.001025 -0.006470 -0.999979 -0.001026 -0.006475 -0.999979 -0.001026 -0.006475 -0.999979 -0.001025 -0.006470 -0.999979 0.001025 -0.006470 -0.999979 0.001025 -0.006470 -0.999979 0.001025 -0.006470 -0.999979 0.001025 -0.006470 -0.999979 0.002974 -0.005837 -0.999979 0.002974 -0.005837 -0.999979 0.002974 -0.005837 
						-0.999979 0.002974 -0.005837 -0.999979 0.004632 -0.004632 -0.999978 0.004631 -0.004632 -0.999979 0.004631 -0.004632 -0.999978 0.004632 -0.004632 -0.890292 -0.405758 0.206738 -0.870274 -0.438883 0.223616 -0.870004 -0.439309 0.223833 -0.890042 -0.406193 0.206960 -0.891965 -0.446538 0.070727 -0.981465 -0.189282 0.029980 -0.970326 -0.238824 0.037827 -0.893248 -0.444029 0.070330 -0.923928 -0.377856 -0.059849 -0.977698 -0.207430 -0.032855 -0.963231 -0.265365 -0.042031 -0.924640 -0.376154 -0.059579 -0.954250 -0.266423 -0.135745 -0.973679 -0.203084 -0.103473 -0.940878 -0.301825 -0.153783 -0.954448 -0.265859 -0.135458 -0.998835 -0.034128 -0.034130 -0.998838 -0.034078 -0.034080 -0.998834 -0.034133 -0.034135 -0.998835 -0.034128 -0.034130 -0.998834 -0.021914 -0.043008 -0.998834 -0.021915 -0.043010 -0.998834 -0.021915 -0.043010 -0.998834 -0.021914 -0.043008 -0.998834 -0.007551 -0.047674 -0.998834 -0.007551 -0.047676 -0.998834 -0.007551 -0.047676 -0.998834 -0.007551 -0.047674 -0.998834 0.007551 -0.047675 -0.998834 0.007552 -0.047677 -0.998834 0.007552 -0.047677 -0.998834 0.007551 -0.047675 -0.998851 0.021757 -0.042700 -0.998847 0.021793 -0.042770 -0.998851 0.021758 -0.042701 -0.998851 0.021757 -0.042700 -0.998834 0.034129 -0.034131 -0.998835 0.034126 -0.034128 -0.998835 0.034126 -0.034128 -0.998834 0.034129 -0.034131 0.975845 -0.194653 0.099178 0.998295 -0.052014 0.026502 0.999154 -0.036646 0.018672 0.976345 -0.192652 0.098158 0.988082 -0.152035 0.024081 0.998818 -0.048010 0.007604 0.999305 -0.036804 0.005829 0.988312 -0.150565 0.023848 0.997716 -0.066717 -0.010567 0.999189 -0.039781 -0.006301 0.999546 -0.029747 -0.004712 0.997748 -0.066247 -0.010493 0.998236 0.052895 0.026951 0.990954 0.119574 0.060924 0.990823 0.120436 0.061363 0.998178 0.053764 0.027393 -0.999979 -0.004632 -0.004632 -0.999979 -0.004632 -0.004632 -0.999979 -0.004632 -0.004632 
						-0.999979 -0.004632 -0.004632 -0.999979 -0.002974 -0.005837 -0.999979 -0.002974 -0.005836 -0.999979 -0.002974 -0.005836 -0.999979 -0.002974 -0.005837 -0.072744 -0.038572 -0.996604 -0.137702 -0.082375 -0.987042 -0.265134 -0.144169 -0.953372 -0.138987 -0.076223 -0.987357 -0.193553 -0.113301 -0.974526 -0.372375 -0.190034 -0.908418 -0.209431 -0.016903 -0.977677 -0.243293 -0.045776 -0.968872 -0.479525 -0.089522 -0.872950 -0.413634 -0.071472 -0.907633 -0.257971 -0.088987 -0.962046 -0.510714 -0.092500 -0.854760 -0.255226 -0.132365 -0.957778 -0.504846 -0.093096 -0.858174 -0.233115 -0.158447 -0.959454 -0.462366 -0.104641 -0.880493 0.194966 -0.105199 0.975152 0.139502 -0.074355 0.987426 0.268657 -0.136939 0.953452 0.375196 -0.182525 0.908798 0.074816 -0.030489 0.996731 0.142973 -0.069193 0.987305 0.003752 0.013993 0.999895 0.007145 0.011959 0.999903 -0.067642 0.058383 0.996000 -0.129184 0.093428 0.987210 -0.133245 0.102028 0.985817 -0.256359 0.161987 0.952911 -0.190026 0.133173 0.972705 -0.365289 0.208571 0.907228 0.225723 0.098077 -0.969242 0.252008 0.070937 -0.965122 0.497985 0.029774 -0.866674 0.447164 0.043607 -0.893388 0.258902 0.027336 -0.965517 0.512705 0.028430 -0.858094 0.248346 -0.016236 -0.968535 0.490206 0.026316 -0.871209 0.218453 -0.044237 -0.974844 0.432193 0.010491 -0.901720 0.191470 0.125097 -0.973494 0.135066 0.094034 -0.986364 0.259937 0.154755 -0.953144 0.368171 0.201086 -0.907752 0.069721 0.050329 -0.996296 0.133183 0.086424 -0.987316 -0.001582 0.005901 -0.999981 -0.003005 0.005030 -0.999983 0.080325 -0.008883 -0.996729 0.009555 0.035636 -0.999319 0.018202 0.030466 -0.999370 0.153568 -0.050397 -0.986852 -0.062043 0.079968 -0.994865 -0.118443 0.112132 -0.986609 -0.128320 0.123427 -0.984022 -0.246694 0.181305 -0.951982 -0.186088 0.154796 -0.970262 -0.357380 0.228732 -0.905517 0.214294 0.015366 0.976648 
						0.246079 -0.013049 0.969162 0.485394 -0.056287 0.872482 0.423620 -0.039386 0.904983 0.258588 -0.056483 0.964335 0.512026 -0.058769 0.856957 0.253653 -0.100041 0.962108 0.501482 -0.059702 0.863106 0.229328 -0.126691 0.965069 0.454565 -0.072427 0.887764 0.210636 0.009047 0.977523 0.160037 -0.020690 0.986894 0.309281 0.050131 0.949648 0.407020 0.091889 0.908786 0.098908 -0.065210 0.992958 0.189447 -0.014388 0.981786 0.029461 -0.109866 0.993510 0.056155 -0.093984 0.993989 -0.042534 -0.153958 0.987162 -0.081120 -0.176002 0.981042 -0.110865 -0.196736 0.974168 -0.212665 -0.246930 0.945410 -0.171813 -0.228772 0.958198 -0.329068 -0.296849 0.896435 -0.218889 0.047330 0.974601 -0.248576 0.019373 0.968418 -0.490693 -0.023102 0.871026 -0.433113 -0.007302 0.901310 -0.258924 -0.024227 0.965594 -0.512748 -0.025191 0.858169 -0.251820 -0.067818 0.965395 -0.497578 -0.026535 0.867013 -0.225328 -0.095013 0.969639 -0.446360 -0.040573 0.893933 0.198675 -0.083527 -0.976500 0.144265 -0.052913 -0.988123 0.278048 -0.117445 -0.953360 0.382688 -0.162194 -0.909529 0.557323 -0.000005 0.830296 0.552950 -0.000005 0.833214 0.544433 -0.044826 0.837606 0.545693 -0.044930 0.836780 0.514679 -0.000002 0.857383 0.512910 -0.000002 0.858442 0.530479 -0.043674 0.846572 0.530388 -0.043667 0.846630 0.504038 -0.000004 0.863682 0.502360 -0.000004 0.864659 0.527899 -0.043464 0.848194 0.527908 -0.043465 0.848189 0.512969 -0.000025 0.858407 0.510161 -0.000025 0.860079 0.529552 -0.043621 0.847155 0.530415 -0.043692 0.846611 -0.999970 0.007586 -0.001202 -0.998755 -0.049279 0.007805 -0.999981 -0.006158 -0.000975 -0.997339 -0.072008 -0.011405 -0.995847 0.081116 0.041329 -0.999692 -0.022110 -0.011265 -0.998851 -0.033882 -0.033884 -0.998847 -0.033938 -0.033939 -0.998834 -0.021915 -0.043010 -0.998834 -0.021915 -0.043010 -0.998834 -0.007551 -0.047676 
						-0.998834 -0.007551 -0.047676 -0.998834 0.007552 -0.047677 -0.998834 0.007552 -0.047677 -0.998834 0.021917 -0.043013 -0.998838 0.021882 -0.042945 -0.998835 0.034126 -0.034128 -0.998835 0.034126 -0.034128 0.994205 -0.095782 0.048802 0.995623 -0.083278 0.042431 0.996614 -0.081214 0.012864 0.997331 -0.072119 0.011423 0.997276 -0.072854 -0.011539 0.997908 -0.063851 -0.010113 0.667318 0.000019 0.744773 0.661830 0.000019 0.749654 0.573581 -0.047200 0.817788 0.576252 -0.047420 0.815895 0.644671 0.000004 0.764460 0.638537 0.000004 0.769591 0.571397 -0.047037 0.819325 0.574149 -0.047264 0.817386 0.619103 0.000000 0.785310 0.613379 0.000000 0.789789 0.565823 -0.046582 0.823210 0.568121 -0.046771 0.821615 0.589747 0.000005 0.807588 0.584759 0.000005 0.811207 0.556629 -0.045820 0.829497 0.558347 -0.045962 0.828334 0.560741 0.000005 0.827991 0.556318 0.000005 0.830970 0.550014 0.045286 0.833927 0.551236 0.045386 0.833114 0.518278 0.000000 0.855212 0.516488 0.000000 0.856294 0.536241 0.044147 0.842909 0.536096 0.044135 0.843003 0.507646 0.000004 0.861566 0.505948 0.000004 0.862564 0.533634 0.043937 0.844573 0.533591 0.043933 0.844601 0.516861 0.000021 0.856069 0.514004 0.000021 0.857788 0.535299 0.044090 0.843511 0.536137 0.044159 0.842975 0.998612 0.052022 0.008240 0.999953 0.009553 0.001513 0.999193 0.039677 -0.006284 0.999981 -0.006033 0.000956 0.992826 0.106540 -0.054283 0.998940 0.041011 -0.020896 -0.998851 0.033883 -0.033885 -0.998847 0.033938 -0.033940 -0.998834 0.021917 -0.043014 -0.998834 0.021917 -0.043014 -0.998834 0.007552 -0.047678 -0.998834 0.007552 -0.047678 -0.998834 -0.007551 -0.047676 -0.998834 -0.007551 -0.047676 -0.998834 -0.021915 -0.043010 -0.998838 -0.021880 -0.042942 -0.998834 -0.034129 -0.034131 -0.998835 -0.034128 -0.034130 -0.992861 -0.106275 -0.054148 
						-0.996297 -0.076613 -0.039035 -0.997309 -0.072415 -0.011470 -0.998670 -0.050914 -0.008064 -0.998123 -0.060485 0.009580 -0.999143 -0.040872 0.006474 0.668751 -0.000022 0.743487 0.663225 -0.000022 0.748421 0.577493 0.047519 0.815011 0.580145 0.047738 0.813113 0.646635 -0.000004 0.762800 0.640628 -0.000004 0.767852 0.576890 0.047489 0.815440 0.579540 0.047707 0.813547 0.622007 -0.000002 0.783012 0.616355 -0.000002 0.787469 0.571649 0.047060 0.819147 0.573873 0.047243 0.817580 0.592717 -0.000005 0.805411 0.587691 -0.000005 0.809086 0.561865 0.046251 0.825935 0.563539 0.046389 0.824786 0.000000 0.000000 1.000000 0.000000 0.000000 1.000000 0.000000 0.000000 1.000000 0.000000 0.000000 1.000000 0.000000 0.000000 1.000000 0.000000 0.000000 1.000000 -0.000007 0.000000 1.000000 -0.000007 0.000000 1.000000 0.000000 0.000000 1.000000 0.000000 0.000000 1.000000 -0.989183 0.146690 0.000000 -0.985000 0.172557 0.000000 -0.983218 0.182437 0.000000 -0.984205 0.177033 0.000000 0.000000 0.000000 1.000000 0.000000 0.000000 1.000000 0.000000 0.000000 1.000000 0.000000 0.000000 1.000000 0.991492 -0.130165 0.000000 0.993393 -0.114760 0.000000 0.992201 -0.124646 0.000000 0.992049 -0.125850 0.000000 0.000000 0.000000 1.000000 0.000000 0.000000 1.000000 0.000000 0.000000 1.000000 0.000000 0.000000 1.000000 0.000000 0.000000 -1.000000 0.000000 0.000000 -1.000000 0.000000 0.000000 -1.000000 0.000000 0.000000 -1.000000 0.000007 0.000000 -1.000000 0.000007 0.000000 -1.000000 0.000000 0.000000 -1.000000 0.000000 0.000000 -1.000000 0.000000 0.000000 -1.000000 0.000000 0.000000 -1.000000 0.986824 0.161795 0.000000 0.982623 0.185611 0.000000 0.980948 0.194272 0.000000 0.981502 0.191454 0.000000 0.000000 0.000000 -1.000000 0.000000 0.000000 -1.000000 0.000000 0.000000 -1.000000 
						0.000000 0.000000 -1.000000 -0.989070 -0.147447 0.000000 -0.991364 -0.131140 0.000000 -0.990004 -0.141042 0.000000 -0.989815 -0.142358 0.000000 0.000000 0.000000 -1.000000 0.000000 0.000000 -1.000000 0.000000 0.000000 -1.000000 0.000000 0.000000 -1.000000 -0.999995 -0.000000 0.003139 -0.999995 -0.000000 0.003134 -0.999995 -0.000000 0.003001 -0.999995 -0.000000 0.003003 -0.999995 -0.000000 0.003089 -0.999995 -0.000000 0.003087 -0.999995 -0.000000 0.003014 -0.999995 -0.000000 0.003015 -0.999996 -0.000001 0.002938 -0.999996 -0.000001 0.002945 -0.999995 -0.000001 0.003199 -0.999995 -0.000001 0.003196 -0.999995 -0.000002 0.003028 -0.999995 -0.000002 0.003029 -0.999995 -0.000002 0.003107 -0.999995 -0.000002 0.003107 -0.999997 -0.000000 0.002527 -0.999996 -0.000000 0.002804 -0.999992 -0.000000 0.004000 -0.999997 -0.000000 0.002549 -0.999995 -0.000002 0.003035 -0.999995 -0.000002 0.003037 -0.999995 -0.000002 0.003116 -0.999995 -0.000002 0.003116 -0.999998 0.000000 0.002146 -0.999995 0.000000 0.003126 -0.999995 0.000000 0.003022 -0.999996 0.000000 0.002994 -0.999996 0.000000 0.002933 -0.999996 0.000000 0.002934 -0.999996 0.000000 0.002995 -0.999996 0.000000 0.002994 -0.999995 0.000000 0.003093 -0.999995 0.000000 0.003091 -0.999995 0.000000 0.003011 -0.999995 0.000000 0.003012 -0.999995 0.000000 0.003140 -0.999995 0.000000 0.003151 -0.999995 0.000000 0.003151 -0.999995 0.000000 0.003143 -0.999995 0.000000 0.003138 -0.999996 0.000000 0.003002 -0.999995 0.000000 0.003004 -0.999995 0.000000 0.003089 -0.999995 0.000000 0.003087 -0.999995 0.000000 0.003016 -0.999995 0.000000 0.003017 -0.999996 0.000000 0.002938 -0.999996 0.000000 0.002945 -0.999995 0.000000 0.003193 -0.999995 0.000000 0.003190 -0.999995 0.000002 0.003035 -0.999995 0.000002 0.003031 -0.999996 0.000002 0.002802 -0.999996 0.000002 0.002804 
						-0.999994 0.000000 0.003523 -0.999996 0.000000 0.002897 -0.999993 0.000000 0.003654 -0.999994 0.000000 0.003544 -0.999995 0.000002 0.003036 -0.999995 0.000002 0.003037 -0.999995 0.000002 0.003120 -0.999995 0.000002 0.003119 -0.999997 -0.000000 0.002414 -0.999995 -0.000000 0.003110 -0.999995 -0.000000 0.003156 -0.999995 -0.000000 0.003137 -0.999996 0.000001 0.002933 -0.999996 0.000001 0.002934 -0.999996 0.000001 0.003001 -0.999996 0.000001 0.003000 -0.999995 -0.000000 0.003089 -0.999995 -0.000000 0.003087 -0.999995 -0.000000 0.003014 -0.999995 -0.000000 0.003015 -0.999995 -0.000000 0.003143 -0.999995 -0.000000 0.003146 -0.999995 -0.000000 0.003146 0.000000 0.000000 1.000000 0.000000 0.000000 1.000000 0.000000 0.000000 1.000000 0.000000 0.000000 1.000000 0.000000 0.000000 1.000000 0.000000 0.000000 1.000000 0.000000 0.000000 1.000000 0.000000 0.000000 1.000000 0.000000 0.000000 1.000000 0.000000 0.000000 1.000000 -1.000000 0.000000 0.000000 -1.000000 0.000000 0.000000 -1.000000 0.000000 0.000000 -1.000000 0.000000 0.000000 0.000000 0.000000 1.000000 0.000000 0.000000 1.000000 0.000000 0.000000 1.000000 0.000000 0.000000 1.000000 0.995610 -0.093600 0.000000 0.995610 -0.093599 0.000000 0.995610 -0.093599 0.000000 0.995610 -0.093600 0.000000 0.000000 0.000000 1.000000 0.000000 0.000000 1.000000 0.000000 0.000000 1.000000 0.000000 0.000000 1.000000 0.000000 0.000000 -1.000000 0.000000 0.000000 -1.000000 0.000000 0.000000 -1.000000 0.000000 0.000000 -1.000000 0.000000 0.000000 -1.000000 0.000000 0.000000 -1.000000 0.000000 0.000000 -1.000000 0.000000 0.000000 -1.000000 0.000000 0.000000 -1.000000 0.000000 0.000000 -1.000000 0.995610 -0.093599 0.000000 0.995612 -0.093583 0.000000 0.995616 -0.093540 0.000000 0.995612 -0.093573 0.000000 0.000000 0.000000 -1.000000 
						0.000000 0.000000 -1.000000 0.000000 0.000000 -1.000000 0.000000 0.000000 -1.000000 -1.000000 0.000000 0.000000 -1.000000 0.000000 0.000000 -1.000000 0.000000 0.000000 -1.000000 0.000000 0.000000 0.000001 0.000000 -1.000000 0.000001 0.000000 -1.000000 0.000000 0.000000 -1.000000 0.000000 0.000000 -1.000000 -0.807820 -0.577787 -0.116572 -0.601969 -0.773727 -0.197433 -0.682355 -0.632906 -0.365817 -0.682647 -0.632960 -0.365179 -0.815574 -0.572403 -0.084814 -0.549479 -0.829517 -0.099866 -0.800578 -0.598481 -0.029930 -0.597507 -0.794651 0.107309 -0.815406 0.572285 -0.087194 -0.549373 0.829289 -0.102321 -0.602037 0.773088 -0.199716 -0.807791 0.577329 -0.119017 -0.800630 0.598434 -0.029455 -0.597595 0.794469 0.108164 -0.682931 0.620739 0.385083 -0.682610 0.620710 0.385697 -0.682917 -0.621698 0.383557 -0.682597 -0.621668 0.384174 -0.682362 0.632838 -0.365921 -0.682654 0.632891 -0.365283 -0.807877 -0.579278 -0.108497 -0.601745 -0.776082 -0.188678 -0.682082 -0.638814 -0.355923 -0.682360 -0.638889 -0.355256 -0.816006 -0.572716 -0.078297 -0.549821 -0.830066 -0.093205 -0.801225 -0.597889 -0.023837 -0.597838 -0.793776 0.111843 -0.598279 0.792600 0.117679 -0.801795 0.597319 -0.018277 -0.682921 0.614944 0.394288 -0.682587 0.614939 0.394873 -0.549833 0.830052 -0.093256 -0.815990 0.572710 -0.078507 -0.601907 0.774484 -0.194636 -0.807845 0.578334 -0.113655 -0.682917 -0.620158 0.386042 -0.682595 -0.620132 0.386653 -0.682315 0.633778 -0.364379 -0.682605 0.633835 -0.363736 -0.702128 0.690989 0.171903 -0.702131 0.690959 0.172011 -0.704449 0.621993 0.341873 -0.704446 0.622042 0.341790 -0.701890 0.710632 -0.048497 -0.701898 0.710640 -0.048260 -0.702020 0.663297 -0.259240 -0.702026 0.663359 -0.259063 -0.701891 -0.710633 -0.048482 -0.701899 -0.710641 -0.048241 -0.702132 -0.690953 0.172031 -0.702129 -0.690983 0.171924 -0.702020 -0.663296 -0.259242 
						-0.702026 -0.663361 -0.259059 -0.704766 -0.575498 -0.414858 -0.704769 -0.575556 -0.414773 -0.704766 0.575492 -0.414865 -0.704769 0.575553 -0.414776 -0.704448 -0.622008 0.341847 -0.704444 -0.622057 0.341766 -0.701976 0.692159 0.167764 -0.701980 0.692126 0.167883 -0.704283 0.624210 0.338153 -0.704279 0.624265 0.338059 -0.701759 0.710521 -0.051900 -0.701769 0.710531 -0.051643 -0.701889 0.662160 -0.262480 -0.701897 0.662230 -0.262282 -0.701899 -0.662245 -0.262238 -0.701891 -0.662175 -0.262436 -0.704632 -0.573044 -0.418466 -0.704635 -0.573111 -0.418369 -0.701768 -0.710530 -0.051670 -0.701758 -0.710520 -0.051929 -0.701983 -0.692111 0.167934 -0.701978 -0.692145 0.167813 -0.704631 0.573033 -0.418482 -0.704635 0.573101 -0.418384 -0.704282 -0.624225 0.338128 -0.704278 -0.624279 0.338035 -0.704385 -0.521222 -0.481840 -0.704385 -0.521242 -0.481819 -0.704724 0.504543 0.498798 -0.704724 0.504524 0.498818 -0.703427 0.538077 0.464395 -0.703418 0.538214 0.464251 -0.704646 -0.481439 -0.521239 -0.704646 -0.481413 -0.521263 -0.704716 -0.505477 0.497864 -0.704716 -0.505458 0.497883 -0.704399 0.520790 -0.482285 -0.704399 0.520810 -0.482265 -0.703430 -0.538044 0.464430 -0.703421 -0.538179 0.464286 -0.704646 0.481416 -0.521260 -0.704646 0.481392 -0.521282 -0.704735 0.496758 0.506537 -0.704735 0.496749 0.506546 -0.704068 -0.529142 -0.473600 -0.704066 -0.529174 -0.473567 -0.703221 0.541065 0.461226 -0.703211 0.541209 0.461072 -0.704569 -0.478263 -0.524258 -0.704568 -0.478244 -0.524277 -0.704338 0.522296 -0.480744 -0.704337 0.522314 -0.480725 -0.704718 -0.503695 0.499664 -0.704718 -0.503677 0.499682 -0.703219 -0.541050 0.461246 -0.703209 -0.541195 0.461090 -0.704572 0.478236 -0.524279 -0.704572 0.478216 -0.524298 -0.706463 -0.471265 -0.528033 -0.706482 -0.470789 -0.528433 -0.707076 0.446152 0.548627 -0.707075 0.446245 0.548553 -0.675894 0.503592 0.538110 
						-0.675872 0.503719 0.538019 -0.684564 -0.441219 -0.580257 -0.684571 -0.441147 -0.580303 -0.707067 -0.447073 0.547889 -0.707066 -0.447164 0.547815 -0.706489 0.470618 -0.528576 -0.706507 0.470146 -0.528972 -0.675886 -0.503637 0.538078 -0.675865 -0.503759 0.537990 -0.684559 0.441266 -0.580227 -0.684567 0.441185 -0.580278 -0.707105 0.437430 0.555569 -0.707106 0.437534 0.555487 -0.706049 -0.480085 -0.520589 -0.706074 -0.479601 -0.521002 -0.675258 0.507147 0.535565 -0.675235 0.507278 0.535469 -0.684927 -0.437562 -0.582593 -0.684934 -0.437491 -0.582638 -0.706407 0.472427 -0.527069 -0.706427 0.471945 -0.527474 -0.707069 -0.445127 0.549468 -0.707068 -0.445223 0.549392 -0.675259 -0.507130 0.535579 -0.675236 -0.507261 0.535484 -0.684933 0.437557 -0.582590 -0.684940 0.437481 -0.582638 -0.701172 0.129301 0.701170 -0.701172 0.129298 0.701170 -0.673886 0.129189 0.727453 -0.673887 0.129195 0.727451 -0.701169 0.129331 -0.701168 -0.701168 0.129342 -0.701167 -0.608895 0.128371 -0.782795 -0.608896 0.128368 -0.782795 0.706246 0.049340 0.706245 0.706248 0.049290 0.706247 0.634028 0.049005 0.771755 0.634025 0.049018 0.771758 0.706250 0.049249 -0.706248 0.706249 0.049262 -0.706247 0.658840 0.049240 -0.750670 0.658834 0.049212 -0.750677 -0.706869 0.025114 -0.706898 -0.706870 0.025067 -0.706900 -0.640736 0.024919 -0.767357 -0.640732 0.024932 -0.767359 -0.706880 0.025024 0.706891 -0.706880 0.025037 0.706890 -0.653364 0.025049 0.756630 -0.653357 0.025022 0.756636 0.703171 0.105292 -0.703182 0.703171 0.105290 -0.703182 0.669841 0.105168 -0.735019 0.669842 0.105172 -0.735018 0.703169 0.105312 0.703180 0.703174 0.105254 0.703185 0.616929 0.104495 0.780051 0.616924 0.104510 0.780053 -0.998763 0.014966 -0.047420 -0.998863 0.000000 -0.047684 -0.998863 0.000000 -0.047684 -0.999053 0.013096 -0.041495 -0.999052 -0.013105 -0.041524 
						-0.998761 -0.014976 -0.047450 -0.998899 0.014117 -0.044729 -0.998547 0.016219 -0.051390 -0.998685 0.000000 -0.051266 -0.998685 0.000000 -0.051266 -0.998899 -0.014117 -0.044729 -0.998547 -0.016219 -0.051391 -0.862704 -0.503701 -0.045020 -0.860297 -0.508886 -0.030389 -0.860244 0.508858 -0.032303 -0.843118 0.519244 -0.139776 -0.966929 -0.255046 0.000000 -0.966904 -0.255139 0.000000 -0.966903 -0.255145 0.000000 -0.966921 -0.255076 0.000000 -0.843169 -0.519231 -0.139517 0.998047 0.062475 0.000000 0.998044 0.062511 0.000000 0.998044 0.062513 0.000000 0.998046 0.062487 0.000000 -0.862751 0.503436 -0.047051 -0.966938 -0.255012 0.000000 -0.966925 -0.255062 0.000000 -0.966924 -0.255065 0.000000 -0.966934 -0.255029 0.000000 -0.862525 -0.504532 -0.038693 -0.860432 -0.508972 -0.024569 -0.860402 0.508960 -0.025864 -0.845086 0.518834 -0.129002 -0.844530 -0.518957 -0.132112 0.966934 -0.255028 0.000000 0.966895 -0.255173 0.000000 0.966893 -0.255183 0.000000 0.966921 -0.255076 0.000000 -0.862623 0.504090 -0.042126 0.000000 0.000038 1.000000 0.000000 0.000005 1.000000 0.000000 0.000012 1.000000 0.000000 0.000033 1.000000 0.000000 0.000006 -1.000000 0.000000 -0.000039 -1.000000 0.000000 -0.000040 -1.000000 0.000000 -0.000005 -1.000000 -0.991600 0.129340 0.000000 -0.991600 0.129340 0.000000 -0.991600 0.129340 0.000000 -0.991600 0.129340 0.000000 0.000000 0.000054 1.000000 0.000000 0.000084 1.000000 0.998787 0.049243 0.000000 0.998787 0.049242 0.000000 0.998787 0.049242 0.000000 0.998787 0.049243 0.000000 0.000000 0.000049 -1.000000 0.000000 0.000025 -1.000000 -0.999687 0.025026 0.000000 -0.999687 0.025025 0.000000 -0.999687 0.025025 0.000000 -0.999687 0.025026 0.000000 -0.000001 -0.000098 1.000000 0.000000 -0.000012 1.000000 0.000000 0.000011 1.000000 -0.000002 -0.000063 1.000000 0.000001 0.000006 -1.000000 
						0.000001 -0.000014 -1.000000 0.000001 -0.000037 -1.000000 0.000001 -0.000005 -1.000000 0.000000 0.000053 1.000000 0.000001 0.000081 1.000000 0.994450 0.105211 0.000000 0.994442 0.105289 0.000000 0.994440 0.105302 0.000000 0.994449 0.105223 0.000000 0.000000 0.000049 -1.000000 0.000000 0.000042 -1.000000 -1.000000 0.000274 -0.000580 -0.999848 -0.007463 0.015767 -0.999817 -0.010114 0.016265 -0.999997 -0.001359 0.002185 0.000000 0.000058 1.000000 0.000000 0.000060 1.000000 -0.999270 0.020634 -0.032137 -0.998962 0.024606 -0.038323 0.000000 -0.000053 -1.000000 0.000000 -0.000055 -1.000000 -0.999996 -0.001143 -0.002414 -0.999853 0.007330 0.015485 -0.999822 0.009972 0.016036 -1.000000 0.000530 0.000853 0.000000 -0.000079 -1.000000 0.000000 -0.000069 -1.000000 -0.999270 -0.020635 -0.032137 -0.998962 -0.024606 -0.038323 0.000000 -0.000048 1.000000 0.000000 -0.000024 1.000000 -0.999950 -0.004258 0.008996 -0.999586 -0.012306 0.025998 -0.999529 -0.016199 0.026051 -0.999909 -0.007111 0.011435 0.000001 0.000058 1.000000 0.000003 0.000047 1.000000 -0.999097 0.022950 -0.035744 -0.998759 0.026911 -0.041912 0.000006 0.000090 -1.000000 0.000002 0.000059 -1.000000 -1.000000 0.000174 0.000367 -0.999817 0.008182 0.017285 -0.999783 0.010991 0.017674 -0.999993 0.001977 0.003179 -0.000001 0.000059 -1.000000 -0.000003 0.000064 -1.000000 -0.999097 -0.022950 -0.035744 -0.998759 -0.026911 -0.041912 -0.000004 -0.000048 1.000000 -0.000002 -0.000024 1.000000 -0.999697 -0.017650 0.017163 -0.999997 0.001876 -0.001824 0.000000 0.000019 1.000000 0.000000 0.000022 1.000000 -0.999468 0.023386 -0.022742 -0.998625 0.037586 -0.036550 0.000000 -0.000016 -1.000000 0.000000 -0.000031 -1.000000 -0.999713 0.017160 0.016687 -0.999993 -0.002756 -0.002680 0.000000 0.000032 -1.000000 0.000000 0.000003 -1.000000 -0.999468 -0.023383 -0.022739 
						-0.998625 -0.037582 -0.036546 0.000001 -0.000033 1.000000 0.000000 -0.000027 1.000000 -0.999345 -0.025949 0.025234 -0.999964 -0.006073 0.005906 0.000004 0.000023 1.000000 0.000001 0.000060 1.000000 -0.999318 0.026481 -0.025751 -0.998388 0.040692 -0.039570 -0.000008 0.000115 -1.000000 0.000007 0.000116 -1.000000 -0.999659 0.018727 0.018210 -0.999999 -0.000964 -0.000937 -0.000003 0.000006 -1.000000 0.000004 0.000009 -1.000000 -0.999317 -0.026494 -0.025764 -0.998388 -0.040692 -0.039570 -0.000001 -0.000006 1.000000 -0.000004 -0.000022 1.000000 -0.999146 -0.032439 0.025593 -0.999998 -0.001561 0.001231 0.000000 0.000000 1.000000 0.000000 0.000004 1.000000 -0.999906 0.010746 -0.008478 -0.998709 0.039874 -0.031458 0.000000 0.000000 -1.000000 0.000000 -0.000002 -1.000000 -0.999181 0.031765 0.025061 -1.000000 0.000707 0.000558 0.000000 0.000000 -1.000000 0.000000 0.000001 -1.000000 -0.999906 -0.010785 -0.008509 -0.998707 -0.039913 -0.031489 0.000001 0.000000 1.000000 0.000001 -0.000005 1.000000 -0.998599 -0.041548 0.032778 -0.999914 -0.010323 0.008144 0.000000 0.000000 1.000000 0.000000 0.000014 1.000000 -0.999839 0.014084 -0.011111 -0.998479 0.043279 -0.034144 -0.000013 0.000000 -1.000000 -0.000013 0.000016 -1.000000 -0.999084 0.033595 0.026504 -0.999994 0.002623 0.002070 0.000006 0.000000 -1.000000 0.000006 0.000001 -1.000000 -0.999838 -0.014123 -0.011142 -0.998479 -0.043288 -0.034152 0.000000 0.000000 1.000000 0.000000 -0.000000 1.000000 0.993539 0.112093 0.017754 0.993182 0.115137 0.018237 0.993731 0.110423 -0.017490 0.993453 0.112833 -0.017872 0.993764 0.099355 -0.050623 0.993087 0.104587 -0.053288 -0.998850 0.033901 -0.033903 -0.998851 0.033884 -0.033886 -0.998835 0.021904 -0.042989 -0.998834 0.021915 -0.043010 -0.998834 0.007551 -0.047674 -0.998834 0.007551 -0.047674 -0.998834 -0.007551 -0.047673 
						-0.998834 -0.007551 -0.047673 -0.998834 -0.021913 -0.043007 -0.998834 -0.021913 -0.043007 -0.998834 -0.034131 -0.034133 -0.998834 -0.034131 -0.034133 -0.997686 -0.060581 -0.030867 -0.997197 -0.066664 -0.033966 -0.998217 -0.058949 -0.009337 -0.997891 -0.064111 -0.010155 -0.997971 -0.062879 0.009959 -0.997622 -0.068069 0.010781 -0.997768 -0.066782 0.000000 -0.994998 -0.099895 0.000000 -0.999995 -0.000000 0.003023 -0.999995 -0.000000 0.003093 -0.999284 0.037826 0.000000 -0.999284 0.037834 0.000000 -0.999283 0.037866 0.000000 -0.999283 0.037871 0.000000 0.559051 0.054524 0.827338 0.558322 0.054453 0.827835 0.566108 0.055233 0.822479 0.565009 0.055126 0.823241 0.574098 0.056015 0.816868 0.572659 0.055875 0.817887 0.582673 0.056848 0.810716 0.580912 0.056677 0.811990 0.591892 0.057758 0.803945 0.589958 0.057569 0.805379 0.601324 0.058673 0.796848 0.599379 0.058483 0.798326 0.610614 0.059583 0.789684 0.608974 0.059423 0.790961 0.619106 0.060428 0.782979 0.618047 0.060324 0.783823 0.999155 0.041101 0.000000 0.999155 0.041095 0.000000 0.999154 0.041116 0.000000 0.999155 0.041113 0.000000 -0.999995 0.000000 0.003078 -0.999995 0.000000 0.003058 0.997154 0.075385 0.000000 0.997140 0.075582 0.000000 -0.995223 0.096427 -0.015273 -0.995069 0.097959 -0.015516 -0.995324 0.095399 0.015110 -0.995231 0.096344 0.015260 -0.995174 0.087435 0.044549 -0.994646 0.092074 0.046913 -0.998850 -0.033901 -0.033903 -0.998851 -0.033884 -0.033886 -0.998834 -0.021913 -0.043006 -0.998834 -0.021913 -0.043006 -0.998834 -0.007551 -0.047671 -0.998835 -0.007551 -0.047671 -0.998834 0.007551 -0.047673 -0.998834 0.007551 -0.047673 -0.998835 0.021904 -0.042990 -0.998834 0.021915 -0.043011 -0.998834 0.034129 -0.034131 -0.998834 0.034129 -0.034131 0.998568 -0.047669 0.024288 0.998149 -0.054192 0.027612 0.998940 -0.045467 0.007202 
						0.998620 -0.051871 0.008216 0.998719 -0.049976 -0.007916 0.998360 -0.056547 -0.008957 0.998653 -0.051879 0.000000 0.996439 -0.084317 0.000000 -0.999995 0.000000 0.003056 -0.999995 0.000000 0.003119 0.999157 0.041061 0.000000 0.999156 0.041068 0.000000 0.999155 0.041093 0.000000 0.999155 0.041099 0.000000 0.549362 -0.053581 0.833865 0.548698 -0.053517 0.834306 0.556238 -0.054269 0.829249 0.555188 -0.054167 0.829959 0.564362 -0.055066 0.823689 0.562979 -0.054931 0.824643 0.572895 -0.055894 0.817721 0.571244 -0.055733 0.818886 0.581904 -0.056782 0.811273 0.580078 -0.056604 0.812592 0.591034 -0.057670 0.804582 0.589200 -0.057491 0.805939 0.599951 -0.058542 0.797892 0.598414 -0.058393 0.799056 0.607822 -0.059330 0.791854 0.606842 -0.059234 0.792612 -0.999283 0.037856 0.000000 -0.999283 0.037867 0.000000 -0.999282 0.037884 0.000000 -0.999282 0.037881 0.000000 -0.999995 -0.000000 0.003090 -0.999995 -0.000000 0.003025 -0.998307 0.058166 0.000000 -0.998213 0.059758 0.000000 0.000000 0.000000 -1.000000 0.000000 0.000000 -1.000000 0.000000 0.000000 -1.000000 0.000000 0.000000 -1.000000 -0.999995 0.000000 0.003055 -0.999995 0.000000 0.003054 -0.999995 0.000000 0.003069 -0.999995 0.000000 0.003077 0.000000 0.000000 1.000000 0.000000 0.000000 1.000000 0.447560 0.000000 0.894254 0.369072 0.000000 0.929401 -0.999864 0.000000 -0.016475 -0.782354 0.000000 0.622835 -0.999995 0.000000 0.003054 -0.999995 0.000000 0.003054 -0.999995 0.000000 0.003039 -0.999995 0.000000 0.003043 0.000000 0.000000 -1.000000 0.000000 0.000000 -1.000000 0.000000 0.000000 -1.000000 0.000000 0.000000 -1.000000 0.732551 0.000000 0.680712 0.739533 0.000000 0.673121 0.969981 0.000000 -0.243181 0.703381 0.000000 -0.710813 0.000000 0.000000 1.000000 0.000000 0.000000 1.000000 0.000000 0.000000 1.000000 
						0.000000 0.000000 1.000000 0.000000 0.000000 1.000000 0.000000 0.000000 1.000000 -0.999995 0.000000 0.003055 -0.999995 0.000000 0.003055 -0.999995 0.000000 0.003058 -0.999995 0.000000 0.003038 0.000000 0.000000 -1.000000 0.000000 0.000000 -1.000000 0.450139 0.000000 0.892958 0.371631 0.000000 0.928380 -0.999866 0.000000 -0.016398 -0.782265 0.000000 0.622946 -0.999995 0.000000 0.003054 -0.999995 0.000000 0.003054 -0.999995 0.000000 0.003039 -0.999995 0.000000 0.003042 0.000000 0.000000 1.000000 0.000000 0.000000 1.000000 0.000000 0.000000 1.000000 0.000000 0.000000 1.000000 0.732857 0.000000 0.680382 0.739791 0.000000 0.672837 0.969985 0.000000 -0.243167 0.703279 0.000000 -0.710914 0.000000 0.000000 -1.000000 0.000000 0.000000 -1.000000 -0.999995 0.000000 0.003093 -0.999995 0.000000 0.003092 0.000000 0.000000 1.000000 0.000000 0.000000 1.000000 -0.692749 0.000000 -0.721179 -0.948461 0.000000 -0.316894 -0.999995 0.000000 0.003032 -0.999995 0.000000 0.003032 -0.128015 0.000000 -0.991772 -0.111051 0.000000 -0.993815 0.000000 0.000000 1.000000 0.000000 0.000000 1.000000 -0.999995 0.000000 0.003093 -0.999995 0.000000 0.003046 0.000000 0.000000 -1.000000 0.000000 0.000000 -1.000000 -0.692723 0.000000 -0.721204 -0.948440 0.000000 -0.316956 -0.999995 0.000000 0.003030 -0.999995 0.000000 0.003030 -0.128590 0.000000 -0.991698 -0.111150 0.000000 -0.993804 0.000000 0.000000 -1.000000 0.000000 0.000000 -1.000000 0.999729 0.023287 0.000000 0.999729 0.023287 0.000000 0.999729 0.023287 0.000000 0.999729 0.023287 0.000000 -0.999729 -0.023286 0.000000 -0.999729 -0.023284 0.000000 -0.999730 -0.023232 0.000000 -0.999730 -0.023234 0.000000 0.999761 0.021602 0.003422 0.999417 0.033718 0.005341 0.999847 0.017281 -0.002737 0.999575 0.028781 -0.004559 0.999919 0.011327 -0.005771 
						0.999694 0.022031 -0.011225 -0.998834 0.034129 -0.034131 -0.998836 0.034112 -0.034114 -0.998850 0.021769 -0.042724 -0.998850 0.021769 -0.042724 -0.998834 0.007551 -0.047673 -0.998834 0.007551 -0.047673 -0.998835 -0.007551 -0.047672 -0.998834 -0.007551 -0.047672 -0.998834 -0.021913 -0.043006 -0.998834 -0.021913 -0.043006 -0.998836 -0.034114 -0.034116 -0.998834 -0.034132 -0.034134 -0.999937 0.010013 0.005102 -1.000000 -0.000760 -0.000387 -0.999887 0.014819 0.002347 -0.999994 0.003419 0.000542 -0.999812 0.019143 -0.003032 -0.999973 0.007199 -0.001140 -0.999832 -0.018340 0.000000 -0.999853 -0.017142 0.000000 -0.999996 -0.000000 0.002990 -0.999995 -0.000000 0.003011 -0.999283 0.037867 0.000000 -0.999283 0.037853 0.000000 -0.873274 -0.000031 0.487229 -0.873275 -0.000031 0.487229 -0.873263 -0.000031 0.487248 -0.873263 -0.000031 0.487248 -0.873235 0.000000 0.487300 -0.873260 0.000000 0.487255 -0.873402 0.000000 0.487001 -0.873402 0.000000 0.487001 -0.873265 -0.000008 0.487245 -0.873265 -0.000008 0.487245 -0.873274 -0.000008 0.487229 -0.873274 -0.000008 0.487229 -0.873342 0.000000 0.487107 -0.873345 0.000000 0.487101 -0.873354 0.000000 0.487085 -0.873297 0.000000 0.487189 -0.873324 0.000000 0.487139 -0.873269 0.000000 0.487239 -0.873284 0.000000 0.487211 -0.873273 0.000000 0.487231 -0.873237 0.000010 0.487295 -0.873262 0.000010 0.487251 -0.873404 0.000010 0.486997 -0.873404 0.000010 0.486997 -0.873254 0.000015 0.487265 -0.873254 0.000015 0.487264 -0.873263 0.000015 0.487249 -0.873263 0.000015 0.487249 0.999157 0.041062 0.000000 0.999156 0.041089 0.000000 -0.999995 0.000000 0.003070 -0.999995 0.000000 0.003059 0.999994 -0.003510 0.000000 0.999999 -0.001341 0.000000 -0.873272 0.000015 0.487232 -0.873272 0.000015 0.487232 -0.873235 0.000010 0.487299 -0.873260 0.000010 0.487255 -0.873329 0.000000 0.487132 
						-0.873384 0.000000 0.487033 -0.873306 0.000000 0.487173 -0.873363 0.000000 0.487069 -0.873283 -0.000008 0.487213 -0.873283 -0.000008 0.487213 -0.873233 0.000000 0.487304 -0.873258 0.000000 0.487259 -0.873253 -0.000031 0.487268 -0.873253 -0.000031 0.487268 0.000000 0.000000 -1.000000 0.000000 0.000000 -1.000000 0.000000 0.000000 -1.000000 0.000000 0.000000 -1.000000 -0.999284 0.037834 0.000000 -0.999283 0.037873 0.000000 0.000000 0.000000 -1.000000 0.000000 0.000000 -1.000000 0.000000 0.000000 -1.000000 0.000000 0.000000 -1.000000 -0.000001 0.000000 -1.000000 -0.000001 0.000000 -1.000000 0.000001 0.000000 -1.000000 0.000001 0.000000 -1.000000 0.000000 0.000000 -1.000000 0.000000 0.000000 -1.000000 0.000000 0.000000 -1.000000 0.000000 0.000000 -1.000000 0.000000 0.000000 -1.000000 0.000000 0.000000 -1.000000 0.999155 0.041106 0.000000 0.999155 0.041105 0.000000 0.000000 0.000000 1.000000 0.000000 0.000000 1.000000 0.000000 0.000000 1.000000 0.000000 0.000000 1.000000 0.999155 0.041105 0.000000 0.000000 0.000000 1.000000 0.000000 0.000000 1.000000 0.000000 0.000000 1.000000 0.000000 0.000000 1.000000 0.000000 0.000000 1.000000 0.000000 0.000000 1.000000 0.000000 0.000000 1.000000 0.000000 0.000000 1.000000 0.000000 0.000000 1.000000 0.000000 0.000000 1.000000 0.000000 0.000000 1.000000 0.000000 0.000000 1.000000 0.000000 0.000000 1.000000 0.000000 0.000000 1.000000 -0.999284 0.037837 0.000000 -0.859552 -0.000012 0.511048 -0.859556 -0.000012 0.511041 -0.859719 -0.000012 0.510768 -0.859711 -0.000012 0.510782 -0.859635 0.000000 0.510909 -0.859634 0.000000 0.510911 -0.859634 0.000000 0.510910 -0.859635 0.000000 0.510909 -0.859725 -0.000003 0.510757 -0.859718 -0.000003 0.510768 -0.859561 -0.000003 0.511033 -0.859573 -0.000003 0.511012 -0.859617 -0.000002 0.510939 
						-0.859619 -0.000002 0.510936 -0.859653 -0.000002 0.510878 -0.859650 -0.000002 0.510884 -0.859654 -0.000003 0.510877 -0.859656 -0.000003 0.510874 -0.859694 -0.000003 0.510809 -0.859690 -0.000003 0.510816 -0.859652 0.000003 0.510881 -0.859686 0.000003 0.510823 -0.859683 0.000003 0.510828 -0.859682 0.000000 0.510829 -0.859681 0.000000 0.510832 -0.859647 0.000000 0.510888 -0.859650 0.000000 0.510883 -0.859634 0.000004 0.510911 -0.859632 0.000004 0.510914 -0.859587 0.000004 0.510990 -0.859590 0.000004 0.510985 -0.859576 0.000023 0.511008 -0.859579 0.000023 0.511004 -0.859700 0.000023 0.510800 -0.859695 0.000023 0.510808 -0.859632 0.000000 0.510913 -0.859632 0.000000 0.510914 -0.859627 0.000000 0.510922 -0.859632 0.000000 0.510913 -0.859556 0.000011 0.511042 -0.859560 0.000011 0.511035 -0.859713 0.000011 0.510777 -0.859706 0.000011 0.510790 -0.859631 0.000000 0.510916 -0.859631 0.000000 0.510915 -0.859725 0.000003 0.510757 -0.859719 0.000003 0.510767 -0.859569 0.000003 0.511020 -0.859580 0.000003 0.511001 -0.859614 0.000000 0.510943 -0.859616 0.000000 0.510940 -0.859653 0.000000 0.510878 -0.859649 0.000000 0.510884 -0.859653 0.000003 0.510879 -0.859655 0.000003 0.510875 -0.859689 0.000003 0.510819 -0.859685 0.000003 0.510825 -0.859652 -0.000003 0.510880 -0.859691 -0.000003 0.510815 -0.859687 -0.000003 0.510821 -0.859685 -0.000004 0.510825 -0.859683 -0.000004 0.510828 -0.859647 -0.000004 0.510888 -0.859650 -0.000004 0.510883 -0.859633 -0.000004 0.510912 -0.859631 -0.000004 0.510915 -0.859581 -0.000004 0.511000 -0.859584 -0.000004 0.510994 -0.859573 -0.000022 0.511013 -0.859576 -0.000022 0.511008 -0.859703 -0.000022 0.510794 -0.859698 -0.000022 0.510802 -0.859635 0.000000 0.510909 -0.859642 0.000000 0.510897 -0.000001 0.992724 0.120412 -0.000001 0.992724 0.120413 -0.000000 0.992721 0.120435 
						-0.000000 0.992721 0.120435 0.120826 0.992674 0.000001 0.120826 0.992674 0.000001 0.120826 0.992674 0.000001 0.120825 0.992674 0.000001 0.000000 0.992654 0.120985 0.000000 0.992654 0.120985 0.000000 0.992657 0.120966 0.000000 0.992657 0.120966 -0.000000 0.992670 0.120857 -0.000000 0.992670 0.120857 -0.000000 0.992670 0.120854 -0.000000 0.992670 0.120854 0.000000 0.992683 0.120752 0.000000 0.992667 0.120882 0.000000 0.992667 0.120883 0.000000 0.992682 0.120755 0.000000 0.992685 0.120733 0.000000 0.992685 0.120733 0.000000 0.992672 0.120843 0.000000 0.992672 0.120838 0.000001 0.992659 0.120947 0.000001 0.992659 0.120947 0.000000 0.992660 0.120942 0.000000 0.992660 0.120942 0.000000 0.992664 0.120904 0.000000 0.992664 0.120904 0.000000 0.992666 0.120889 0.000000 0.992666 0.120889 -0.120827 0.992674 0.000001 -0.120828 0.992673 0.000001 -0.120828 0.992673 0.000001 -0.120828 0.992673 0.000001 0.000000 0.992727 -0.120387 0.000000 0.992727 -0.120387 0.000000 0.992729 -0.120372 0.000000 0.992729 -0.120372 -0.120825 0.992674 0.000001 -0.120827 0.992674 0.000001 0.000001 0.992653 -0.120999 0.000001 0.992653 -0.120999 0.000000 0.992652 -0.121007 0.000000 0.992652 -0.121007 0.000000 0.992672 -0.120843 0.000000 0.992672 -0.120843 0.000000 0.992672 -0.120838 0.000000 0.992672 -0.120838 -0.000000 0.992699 -0.120616 -0.000000 0.992699 -0.120616 -0.000000 0.992700 -0.120614 -0.000000 0.992700 -0.120612 0.000000 0.992666 -0.120888 0.000000 0.992666 -0.120888 0.000000 0.992667 -0.120878 0.000000 0.992667 -0.120880 -0.000000 0.992675 -0.120816 -0.000000 0.992675 -0.120816 -0.000000 0.992674 -0.120826 -0.000000 0.992674 -0.120826 0.000001 0.992655 -0.120976 0.000001 0.992655 -0.120977 0.000000 0.992654 -0.120988 0.000000 0.992654 -0.120988 -0.000001 0.992668 -0.120875 
						-0.000001 0.992668 -0.120875 -0.000000 0.992668 -0.120870 -0.000000 0.992668 -0.120870 0.120825 0.992674 0.000001 0.120828 0.992673 0.000001 0.000000 0.992727 0.120385 0.000000 0.992727 0.120385 0.000000 0.992654 0.120985 0.000000 0.992654 0.120985 0.000000 0.992671 0.120848 0.000000 0.992671 0.120848 0.000000 0.992667 0.120885 0.000000 0.992683 0.120750 0.000000 0.992686 0.120725 0.000000 0.992673 0.120834 0.000000 0.992656 0.120975 0.000000 0.992656 0.120975 0.000000 0.992666 0.120889 0.000000 0.992666 0.120889 -1.000000 0.000158 0.000000 -1.000000 0.000158 0.000000 -1.000000 0.000158 0.000000 -1.000000 0.000158 0.000000 -1.000000 0.000158 0.000000 -1.000000 0.000158 0.000000 0.000000 0.992727 -0.120385 0.000000 0.992727 -0.120385 0.000000 0.992652 -0.121001 0.000000 0.992652 -0.121001 0.000000 0.992673 -0.120834 0.000000 0.992673 -0.120834 0.000000 0.992667 -0.120879 0.000000 0.992668 -0.120876 0.000000 0.992700 -0.120610 0.000000 0.992700 -0.120613 0.000000 0.992674 -0.120827 0.000000 0.992674 -0.120827 0.000000 0.992654 -0.120985 0.000000 0.992654 -0.120985 0.000000 0.992666 -0.120889 0.000000 0.992666 -0.120889 0.120829 0.992673 0.000001 0.120830 0.992673 0.000001 0.120830 0.992673 0.000001 0.000498 0.000000 -1.000000 0.000479 0.000000 -1.000000 0.000475 0.000000 -1.000000 0.000483 0.000000 -1.000000 0.999362 -0.000005 0.035720 0.999362 -0.000007 0.035720 0.999362 -0.000010 0.035720 0.999362 -0.000007 0.035720 -0.000085 0.000000 -1.000000 -0.000085 0.000000 -1.000000 -0.000085 0.000000 -1.000000 -0.000085 0.000000 -1.000000 -1.000000 0.000000 0.000000 -1.000000 0.000000 0.000319 -1.000000 0.000000 0.000326 -1.000000 0.000000 0.000307 -0.000085 0.000000 -1.000000 -0.000085 0.000000 -1.000000 0.999362 0.000130 -0.035720 0.999362 0.000132 -0.035720 
						0.999362 0.000135 -0.035720 0.999362 0.000132 -0.035720 0.000475 0.000000 -1.000000 0.000475 0.000000 -1.000000 0.000000 1.000000 0.000130 0.000000 1.000000 0.000132 0.000000 1.000000 0.000132 0.000000 1.000000 0.000130 -0.000085 0.000000 -1.000000 -0.000085 0.000000 -1.000000 0.000086 0.000000 -1.000000 0.000081 0.000000 -1.000000 0.000081 0.000000 -1.000000 0.000085 0.000000 -1.000000 -0.000085 0.000000 -1.000000 0.000000 0.000083 -1.000000 0.000000 0.000087 -1.000000 0.000000 0.000087 -1.000000 0.000000 0.000083 -1.000000 -1.000000 0.000106 0.000000 -1.000000 0.000081 0.000000 -1.000000 0.000080 0.000000 -1.000000 0.000105 0.000000 -0.000057 1.000000 0.000001 -0.000064 1.000000 0.000001 -0.000064 1.000000 0.000001 -0.000057 1.000000 0.000001 -1.000000 0.000131 0.000000 -1.000000 0.000106 0.000000 -1.000000 0.000105 0.000000 -1.000000 0.000130 0.000000 -1.000000 0.000135 0.000000 -1.000000 0.000135 0.000000 -1.000000 0.000077 0.000000 -1.000000 0.000075 0.000000 -1.000000 0.000115 0.000000 -1.000000 0.000116 0.000000 -1.000000 0.000116 0.000000 -1.000000 0.000115 0.000000 1.000000 0.000000 0.000000 1.000000 0.000000 0.000000 1.000000 0.000000 0.000000 1.000000 0.000000 0.000000 0.000000 1.000000 0.000000 0.000000 1.000000 -0.000241 0.000000 1.000000 -0.000244 0.000000 1.000000 -0.000003 -1.000000 0.000000 0.000000 -1.000000 0.000000 0.000000 -1.000000 0.000000 0.000000 -1.000000 0.000000 0.000000 1.000000 0.000000 0.000000 1.000000 0.000000 0.000000 -1.000000 0.000000 0.000000 -1.000000 0.000000 0.000000 0.000000 1.000000 0.000000 0.000000 1.000000 0.000000 0.000000 1.000000 0.000000 0.000000 1.000000 0.000000 0.168851 0.447471 0.878214 0.168805 0.447474 0.878221 0.168752 0.447478 0.878229 0.168798 0.447475 0.878222 0.168752 0.696966 0.696965 
						0.168799 0.696961 0.696960 0.168853 0.696954 0.696953 0.168806 0.696960 0.696959 0.992740 -0.107173 -0.054607 0.992731 -0.107237 -0.054639 0.992721 -0.107309 -0.054676 0.992730 -0.107246 -0.054644 0.992721 -0.118954 -0.018840 0.992721 -0.118954 -0.018840 0.992721 -0.118954 -0.018840 0.992721 -0.118954 -0.018840 0.992721 -0.118953 0.018840 0.992730 -0.118882 0.018829 0.992740 -0.118802 0.018816 0.992731 -0.118872 0.018827 0.992740 -0.107173 0.054607 0.992731 -0.107237 0.054639 0.992721 -0.107310 0.054676 0.992730 -0.107246 0.054644 0.174423 0.696268 -0.696267 0.174423 0.696268 -0.696267 0.174423 0.696268 -0.696267 0.174423 0.696268 -0.696267 0.174447 0.447028 -0.877345 0.174448 0.447028 -0.877345 0.174448 0.447028 -0.877345 0.174448 0.447028 -0.877345 0.174424 0.154037 -0.972548 0.174424 0.154037 -0.972548 0.174423 0.154037 -0.972548 0.174424 0.154037 -0.972548 0.174449 -0.154036 -0.972543 0.174449 -0.154036 -0.972543 0.174449 -0.154036 -0.972543 0.174449 -0.154036 -0.972543 0.174448 -0.447028 -0.877345 0.174494 -0.447024 -0.877338 0.174546 -0.447020 -0.877329 0.174500 -0.447024 -0.877337 0.174545 -0.696253 -0.696252 0.174499 -0.696258 -0.696257 0.174447 -0.696265 -0.696264 0.174493 -0.696259 -0.696258 -0.993465 -0.101693 -0.051815 -0.993465 -0.101693 -0.051815 -0.993465 -0.101693 -0.051815 -0.993465 -0.101693 -0.051815 -0.993466 -0.112727 -0.017854 -0.993466 -0.112727 -0.017854 -0.993466 -0.112727 -0.017854 -0.993466 -0.112727 -0.017854 -0.993450 -0.112864 0.017876 -0.993450 -0.112864 0.017876 -0.993450 -0.112864 0.017876 -0.993450 -0.112864 0.017876 -0.993466 -0.101693 0.051814 -0.993465 -0.101693 0.051814 -0.993465 -0.101693 0.051814 -0.993465 -0.101693 0.051814 0.168852 -0.696954 0.696953 0.168805 -0.696960 0.696959 0.168752 -0.696966 0.696965 0.168799 -0.696961 0.696960 0.168753 -0.447477 0.878229 
						0.168800 -0.447473 0.878222 0.168854 -0.447469 0.878214 0.168806 -0.447473 0.878221 0.168855 -0.154190 0.973506 0.168808 -0.154191 0.973514 0.168754 -0.154192 0.973523 0.168801 -0.154191 0.973515 0.168753 0.154192 0.973523 0.168800 0.154190 0.973515 0.168852 0.154189 0.973506 0.168806 0.154190 0.973514 0.177220 0.153959 0.972054 0.177219 0.153959 0.972055 0.177219 0.153959 0.972054 0.177219 0.153959 0.972055 0.177221 -0.153959 0.972054 0.177221 -0.153959 0.972054 0.177221 -0.153959 0.972054 0.177221 -0.153959 0.972054 0.177219 -0.446802 0.876905 0.177219 -0.446802 0.876905 0.177219 -0.446802 0.876904 0.177219 -0.446802 0.876905 0.177219 -0.695914 0.695914 0.177218 -0.695914 0.695914 0.177218 -0.695914 0.695914 0.177218 -0.695914 0.695914 -0.991954 -0.112799 0.057473 -0.991954 -0.112799 0.057473 -0.991954 -0.112799 0.057473 -0.991954 -0.112799 0.057473 -0.991936 -0.125175 0.019826 -0.991946 -0.125104 0.019814 -0.991956 -0.125023 0.019802 -0.991947 -0.125094 0.019813 -0.991956 -0.125022 -0.019801 -0.991947 -0.125093 -0.019813 -0.991937 -0.125174 -0.019826 -0.991946 -0.125103 -0.019814 -0.991954 -0.112800 -0.057473 -0.991954 -0.112800 -0.057473 -0.991954 -0.112800 -0.057473 -0.991954 -0.112800 -0.057473 0.174447 -0.696264 -0.696264 0.174447 -0.696264 -0.696264 0.174447 -0.696264 -0.696264 0.174447 -0.696264 -0.696264 0.174424 -0.447029 -0.877349 0.174424 -0.447029 -0.877349 0.174424 -0.447029 -0.877349 0.174424 -0.447029 -0.877349 0.174449 -0.154036 -0.972543 0.174449 -0.154036 -0.972543 0.174449 -0.154036 -0.972543 0.174449 -0.154036 -0.972543 0.174447 0.154036 -0.972543 0.174494 0.154035 -0.972535 0.174546 0.154034 -0.972526 0.174500 0.154035 -0.972534 0.174546 0.447019 -0.877330 0.174500 0.447023 -0.877337 0.174447 0.447027 -0.877346 0.174493 0.447023 -0.877338 0.174447 0.696264 -0.696264 
						0.174447 0.696264 -0.696264 0.174447 0.696264 -0.696264 0.174447 0.696264 -0.696264 0.992721 -0.107310 0.054676 0.992730 -0.107246 0.054644 0.992740 -0.107173 0.054607 0.992731 -0.107237 0.054639 0.992740 -0.118802 0.018816 0.992731 -0.118872 0.018827 0.992721 -0.118953 0.018840 0.992730 -0.118882 0.018829 0.992721 -0.118954 -0.018840 0.992721 -0.118954 -0.018840 0.992721 -0.118954 -0.018840 0.992721 -0.118954 -0.018840 0.992721 -0.107309 -0.054676 0.992730 -0.107246 -0.054644 0.992740 -0.107173 -0.054607 0.992731 -0.107237 -0.054639 0.177218 0.695914 0.695914 0.177218 0.695914 0.695914 0.177218 0.695914 0.695914 0.177218 0.695914 0.695914 0.177218 0.446802 0.876905 0.177218 0.446802 0.876905 0.177218 0.446802 0.876905 0.177218 0.446802 0.876905 
					</float_array>
					<technique_common>
						<accessor count="2203" offset="0" source="#meshId5-bitangents-array" stride="3">
							<param name="X" type="float" />
							<param name="Y" type="float" />
							<param name="Z" type="float" />
						</accessor>
					</technique_common>
				</source>
				<source id="meshId5-tex0" name="meshId5-tex0">
					<float_array id="meshId5-tex0-array" count="4406"> 
						0.536950 0.690261 0.554116 0.687547 0.558543 0.716035 0.541550 0.718634 0.571485 0.684325 0.575608 0.714306 0.411982 0.036648 0.394873 0.038079 0.391030 0.009662 0.408432 0.006728 0.377771 0.040322 0.373861 0.012085 0.360602 0.042746 0.356759 0.014328 0.343200 0.045680 0.339650 0.015759 0.071757 0.023053 0.088814 0.021230 0.093379 0.049688 0.076035 0.053017 0.105806 0.018543 0.110504 0.046857 0.122789 0.015688 0.127533 0.044020 0.139817 0.012851 0.144515 0.041166 0.156942 0.010021 0.161508 0.038479 0.174286 0.006692 0.178564 0.036655 0.885003 0.064415 0.902153 0.063594 0.904982 0.092130 0.887486 0.094443 0.919324 0.061961 0.922226 0.090319 0.936568 0.060150 0.939397 0.088686 0.954064 0.057837 0.956546 0.087865 0.468813 0.699774 0.485877 0.698045 0.490304 0.726533 0.472936 0.729755 0.502871 0.695446 0.507471 0.723819 0.465506 0.141595 0.462264 0.147958 0.457214 0.153007 0.450852 0.156249 0.443799 0.157366 0.436746 0.156249 0.430383 0.153007 0.425334 0.147958 0.422092 0.141595 0.420975 0.134542 0.422092 0.127489 0.425334 0.121127 0.430383 0.116077 0.436746 0.112835 0.443799 0.111718 0.450852 0.112835 0.457214 0.116077 0.462264 0.121127 
						0.465506 0.127489 0.466623 0.134542 0.536950 0.690261 0.519826 0.692667 0.518847 0.685996 0.535882 0.683565 0.519826 0.692667 0.502871 0.695446 0.501952 0.688759 0.518847 0.685996 0.502871 0.695446 0.485877 0.698045 0.485297 0.691341 0.501952 0.688759 0.485877 0.698045 0.468813 0.699774 0.469230 0.692824 0.485297 0.691341 0.954064 0.057837 0.936568 0.060150 0.935571 0.053452 0.952001 0.051069 0.936568 0.060150 0.919324 0.061961 0.918678 0.055257 0.935571 0.053452 0.919324 0.061961 0.902153 0.063594 0.901905 0.056882 0.918678 0.055257 0.902153 0.063594 0.885003 0.064415 0.885774 0.057507 0.901905 0.056882 0.174286 0.006692 0.156942 0.010021 0.155516 0.003386 0.171811 0.000048 0.156942 0.010021 0.139817 0.012851 0.138647 0.006193 0.155516 0.003386 0.139817 0.012851 0.122789 0.015688 0.121709 0.009016 0.138647 0.006193 0.122789 0.015688 0.105806 0.018543 0.104845 0.011863 0.121709 0.009016 0.105806 0.018543 0.088814 0.021230 0.088197 0.014530 0.104845 0.011863 0.088814 0.021230 0.071757 0.023053 0.072137 0.016102 0.088197 0.014530 0.343200 0.045680 0.360602 0.042746 0.361836 0.049404 0.345502 0.052371 0.360602 0.042746 0.377771 0.040322 
						0.378654 0.046999 0.361836 0.049404 0.377771 0.040322 0.394873 0.038079 0.395359 0.044778 0.378654 0.046999 0.394873 0.038079 0.411982 0.036648 0.411457 0.043580 0.395359 0.044778 0.571485 0.684325 0.554116 0.687547 0.552745 0.680905 0.569055 0.677668 0.554116 0.687547 0.536950 0.690261 0.535882 0.683565 0.552745 0.680905 0.541550 0.718634 0.558543 0.716035 0.559124 0.722739 0.542468 0.725321 0.558543 0.716035 0.575608 0.714306 0.575190 0.721256 0.559124 0.722739 0.408432 0.006728 0.391030 0.009662 0.389796 0.003003 0.406130 0.000037 0.391030 0.009662 0.373861 0.012085 0.372978 0.005409 0.389796 0.003003 0.373861 0.012085 0.356759 0.014328 0.356273 0.007629 0.372978 0.005409 0.356759 0.014328 0.339650 0.015759 0.340175 0.008828 0.356273 0.007629 0.076035 0.053017 0.093379 0.049688 0.094805 0.056322 0.078510 0.059660 0.093379 0.049688 0.110504 0.046857 0.111674 0.053515 0.094805 0.056322 0.110504 0.046857 0.127533 0.044020 0.128613 0.050692 0.111674 0.053515 0.127533 0.044020 0.144515 0.041166 0.145476 0.047845 0.128613 0.050692 0.144515 0.041166 0.161508 0.038479 0.162124 0.045178 0.145476 0.047845 0.161508 0.038479 0.178564 0.036655 
						0.178184 0.043607 0.162124 0.045178 0.887486 0.094443 0.904982 0.092130 0.905978 0.098828 0.889548 0.101211 0.904982 0.092130 0.922226 0.090319 0.922871 0.097023 0.905978 0.098828 0.922226 0.090319 0.939397 0.088686 0.939644 0.095399 0.922871 0.097023 0.939397 0.088686 0.956546 0.087865 0.955775 0.094773 0.939644 0.095399 0.472936 0.729755 0.490304 0.726533 0.491676 0.733175 0.475365 0.736411 0.490304 0.726533 0.507471 0.723819 0.508539 0.730515 0.491676 0.733175 0.507471 0.723819 0.524595 0.721413 0.525574 0.728083 0.508539 0.730515 0.524595 0.721413 0.541550 0.718634 0.542468 0.725321 0.525574 0.728083 0.262035 0.324443 0.264528 0.340184 0.222859 0.340184 0.222405 0.337319 0.262035 0.355925 0.222405 0.343049 0.254799 0.370125 0.221089 0.345633 0.243530 0.381395 0.219038 0.347684 0.229330 0.388630 0.216453 0.349001 0.213589 0.391123 0.213589 0.349454 0.197847 0.388630 0.210724 0.349001 0.183647 0.381395 0.208140 0.347684 0.172378 0.370125 0.206089 0.345633 0.165142 0.355925 0.204772 0.343049 0.162649 0.340184 0.204318 0.340184 0.165142 0.324443 0.204772 0.337319 0.172378 0.310242 0.206089 0.334735 0.183647 0.298973 0.208140 0.332684 
						0.197848 0.291738 0.210724 0.331367 0.213589 0.289244 0.213589 0.330913 0.229330 0.291738 0.216453 0.331367 0.243530 0.298973 0.219038 0.332684 0.254800 0.310243 0.221089 0.334735 0.011807 0.198156 0.008907 0.198160 0.008701 0.054289 0.011602 0.054285 0.008907 0.198160 0.006006 0.198164 0.005801 0.054293 0.008701 0.054289 0.006006 0.198164 0.003106 0.198168 0.002901 0.054298 0.005801 0.054293 0.003106 0.198168 0.000205 0.198172 0.000000 0.054302 0.002901 0.054298 0.734616 0.354070 0.731726 0.353712 0.740147 0.209703 0.743007 0.210289 0.731726 0.353712 0.728848 0.353354 0.737211 0.209619 0.740147 0.209703 0.728848 0.353354 0.725944 0.353360 0.734283 0.209552 0.737211 0.209619 0.725944 0.353360 0.723042 0.353629 0.731369 0.209484 0.734283 0.209552 0.785785 0.359307 0.782888 0.359447 0.775950 0.215744 0.778847 0.215604 0.782888 0.359447 0.779991 0.359587 0.773053 0.215883 0.775950 0.215744 0.779991 0.359587 0.777094 0.359726 0.770156 0.216023 0.773053 0.215883 0.777094 0.359726 0.774197 0.359866 0.767259 0.216163 0.770156 0.216023 0.774197 0.359866 0.771300 0.360006 0.764362 0.216303 0.767259 0.216163 0.771300 0.360006 0.768403 0.360146 
						0.761465 0.216443 0.764362 0.216303 0.296596 0.367129 0.299493 0.366874 0.330989 0.506860 0.328091 0.507240 0.299493 0.366874 0.302353 0.366390 0.333899 0.506484 0.330989 0.506860 0.302353 0.366390 0.305148 0.365619 0.336818 0.506108 0.333899 0.506484 0.305148 0.365619 0.307854 0.364564 0.339480 0.504889 0.336818 0.506108 0.017608 0.198147 0.014708 0.198151 0.014502 0.054281 0.017403 0.054277 0.014708 0.198151 0.011807 0.198156 0.011602 0.054285 0.014502 0.054281 0.398680 0.793662 0.401284 0.765026 0.418447 0.766522 0.415950 0.795228 0.435596 0.767124 0.433486 0.797297 0.311049 0.049673 0.308153 0.079665 0.290691 0.077111 0.293913 0.048616 0.273473 0.075063 0.276766 0.046747 0.256326 0.073193 0.259549 0.044699 0.239190 0.072136 0.242086 0.042145 0.440110 0.787935 0.442521 0.757763 0.460038 0.760010 0.457247 0.788697 0.477306 0.761773 0.474373 0.790325 0.494478 0.763549 0.491500 0.792121 0.511605 0.765344 0.508672 0.793896 0.528731 0.766973 0.525939 0.795659 0.545868 0.767735 0.543456 0.797906 0.880220 0.036716 0.883465 0.006760 0.900897 0.009518 0.897342 0.037973 0.918089 0.011767 0.914466 0.040042 0.935213 0.013836 0.931659 0.042291 
						0.952336 0.015093 0.949090 0.045048 0.330082 0.787968 0.332193 0.757794 0.349729 0.759863 0.347232 0.788570 0.366999 0.761430 0.364395 0.790066 0.403259 0.203736 0.410312 0.202619 0.417365 0.203736 0.423728 0.206978 0.428777 0.212027 0.432019 0.218390 0.433136 0.225443 0.432019 0.232496 0.428777 0.238858 0.423728 0.243908 0.417365 0.247149 0.410312 0.248267 0.403259 0.247149 0.396896 0.243908 0.391847 0.238858 0.388605 0.232496 0.387488 0.225443 0.388605 0.218390 0.391847 0.212027 0.396896 0.206978 0.398680 0.793662 0.397978 0.800392 0.380860 0.798772 0.381546 0.792072 0.381546 0.792072 0.380860 0.798772 0.363842 0.796804 0.364395 0.790066 0.364395 0.790066 0.363842 0.796804 0.347078 0.795296 0.347232 0.788570 0.347232 0.788570 0.347078 0.795296 0.330951 0.794872 0.330082 0.787968 0.949090 0.045048 0.946856 0.051762 0.930492 0.048962 0.931659 0.042291 0.931659 0.042291 0.930492 0.048962 0.913651 0.046727 0.914466 0.040042 0.914466 0.040042 0.913651 0.046727 0.896924 0.044677 0.897342 0.037973 0.897342 0.037973 0.896924 0.044677 0.880815 0.043641 0.880220 0.036716 0.543456 0.797906 0.541398 0.804690 0.524927 0.802369 0.525939 0.795659 
						0.525939 0.795659 0.524927 0.802369 0.507917 0.800614 0.508672 0.793896 0.508672 0.793896 0.507917 0.800614 0.490836 0.798847 0.491500 0.792121 0.491500 0.792121 0.490836 0.798847 0.473828 0.797051 0.474373 0.790325 0.474373 0.790325 0.473828 0.797051 0.457047 0.795422 0.457247 0.788697 0.457247 0.788697 0.457047 0.795422 0.440920 0.794849 0.440110 0.787935 0.242086 0.042145 0.244242 0.035405 0.260637 0.038014 0.259549 0.044699 0.259549 0.044699 0.260637 0.038014 0.277504 0.040053 0.276766 0.046747 0.276766 0.046747 0.277504 0.040053 0.294253 0.041908 0.293913 0.048616 0.293913 0.048616 0.294253 0.041908 0.310373 0.042755 0.311049 0.049673 0.433486 0.797297 0.431498 0.804102 0.415008 0.801952 0.415950 0.795228 0.415950 0.795228 0.415008 0.801952 0.397978 0.800392 0.398680 0.793662 0.401284 0.765026 0.401837 0.758287 0.418601 0.759795 0.418447 0.766522 0.418447 0.766522 0.418601 0.759795 0.434728 0.760219 0.435596 0.767124 0.308153 0.079665 0.305998 0.086404 0.289602 0.083795 0.290691 0.077111 0.290691 0.077111 0.289602 0.083795 0.272736 0.081756 0.273473 0.075063 0.273473 0.075063 0.272736 0.081756 0.255987 0.079901 0.256326 0.073193 
						0.256326 0.073193 0.255987 0.079901 0.239866 0.079054 0.239190 0.072136 0.442521 0.757763 0.444580 0.750979 0.461050 0.753300 0.460038 0.760010 0.460038 0.760010 0.461050 0.753300 0.478061 0.755055 0.477306 0.761773 0.477306 0.761773 0.478061 0.755055 0.495142 0.756823 0.494478 0.763549 0.494478 0.763549 0.495142 0.756823 0.512149 0.758618 0.511605 0.765344 0.511605 0.765344 0.512149 0.758618 0.528931 0.760247 0.528731 0.766973 0.528731 0.766973 0.528931 0.760247 0.545058 0.760820 0.545868 0.767735 0.883465 0.006760 0.885699 0.000047 0.902063 0.002847 0.900897 0.009518 0.900897 0.009518 0.902063 0.002847 0.918905 0.005082 0.918089 0.011767 0.918089 0.011767 0.918905 0.005082 0.935631 0.007132 0.935213 0.013836 0.935213 0.013836 0.935631 0.007132 0.951741 0.008167 0.952336 0.015093 0.332193 0.757794 0.334181 0.750989 0.350671 0.753139 0.349729 0.759863 0.349729 0.759863 0.350671 0.753139 0.367701 0.754700 0.366999 0.761430 0.366999 0.761430 0.367701 0.754700 0.384819 0.756320 0.384133 0.763019 0.384133 0.763019 0.384819 0.756320 0.401837 0.758287 0.401284 0.765026 0.118521 0.501189 0.078891 0.488312 0.079345 0.485447 0.121014 0.485447 
						0.079345 0.485447 0.078891 0.482583 0.118521 0.469706 0.118521 0.469706 0.078891 0.482583 0.077575 0.479998 0.111285 0.455506 0.077575 0.479998 0.075524 0.477947 0.100016 0.444237 0.072939 0.476631 0.085816 0.437001 0.085816 0.437001 0.072939 0.476631 0.070075 0.476177 0.070075 0.434508 0.070075 0.434508 0.070075 0.476177 0.067210 0.476631 0.054333 0.437001 0.054333 0.437001 0.067210 0.476631 0.064626 0.477947 0.040133 0.444237 0.040133 0.444237 0.064626 0.477947 0.062575 0.479998 0.028864 0.455506 0.061258 0.482583 0.021628 0.469706 0.060804 0.485447 0.019135 0.485447 0.061258 0.488312 0.021628 0.501189 0.062575 0.490896 0.028864 0.515389 0.028864 0.515389 0.062575 0.490896 0.064626 0.492947 0.040133 0.526658 0.040133 0.526658 0.064626 0.492947 0.067210 0.494264 0.054333 0.533894 0.070075 0.494718 0.070075 0.536387 0.072939 0.494264 0.085816 0.533894 0.075524 0.492947 0.100016 0.526658 0.077575 0.490896 0.111285 0.515389 0.077575 0.490896 0.849708 0.000125 0.848767 0.143992 0.845867 0.143973 0.846807 0.000106 0.846807 0.000106 0.845867 0.143973 0.842966 0.143954 0.843907 0.000087 0.843907 0.000087 0.842966 0.143954 0.840066 0.143935 
						0.841006 0.000068 0.841006 0.000068 0.840066 0.143935 0.837165 0.143916 0.838106 0.000049 0.689864 0.000016 0.742831 0.134132 0.740343 0.135666 0.687304 0.001399 0.687304 0.001399 0.740343 0.135666 0.737477 0.136341 0.684759 0.002771 0.684759 0.002771 0.737477 0.136341 0.734625 0.137017 0.682085 0.003886 0.682085 0.003886 0.734625 0.137017 0.731789 0.137707 0.679300 0.004727 0.768440 0.000049 0.775378 0.143752 0.772481 0.143892 0.765542 0.000189 0.765542 0.000189 0.772481 0.143892 0.769584 0.144032 0.762645 0.000329 0.762645 0.000329 0.769584 0.144032 0.766687 0.144172 0.759748 0.000469 0.759748 0.000469 0.766687 0.144172 0.763790 0.144312 0.756851 0.000609 0.756851 0.000609 0.763790 0.144312 0.760893 0.144451 0.753954 0.000748 0.753954 0.000748 0.760893 0.144451 0.757995 0.144591 0.751057 0.000888 0.332907 0.724583 0.326676 0.580117 0.329600 0.580001 0.335739 0.723931 0.335739 0.723931 0.329600 0.580001 0.332534 0.579894 0.338603 0.723479 0.338603 0.723479 0.332534 0.579894 0.335472 0.579806 0.341495 0.723283 0.341495 0.723283 0.335472 0.579806 0.338372 0.580200 0.344395 0.723455 0.855508 0.000163 0.854568 0.144030 0.851667 0.144011 
						0.852608 0.000144 0.852608 0.000144 0.851667 0.144011 0.848767 0.143992 0.849708 0.000125 0.096257 0.194736 0.089905 0.209353 0.061892 0.192383 0.064739 0.185834 0.079891 0.221752 0.057406 0.197938 0.998259 0.189757 0.984246 0.197348 0.972655 0.166716 0.978934 0.163315 0.968717 0.200936 0.965697 0.168323 0.952794 0.200261 0.958563 0.168021 0.937625 0.195373 0.951766 0.165831 0.931214 0.096493 0.941328 0.108810 0.913454 0.126006 0.908922 0.120487 0.947799 0.123375 0.916353 0.132532 0.950159 0.139136 0.917411 0.139594 0.948240 0.154958 0.916551 0.146683 0.942179 0.169698 0.913835 0.153288 0.932414 0.182293 0.909460 0.158931 0.937625 0.208473 0.952451 0.202624 0.960269 0.234429 0.953627 0.237050 0.968298 0.200932 0.967370 0.233671 0.984024 0.203519 0.974416 0.234830 0.998494 0.210198 0.980900 0.237823 0.080396 0.135944 0.090263 0.148460 0.062053 0.165099 0.057632 0.159491 0.096443 0.163151 0.064822 0.171681 0.098490 0.178956 0.065739 0.178763 0.954678 0.138445 0.951977 0.122738 0.984707 0.121572 0.985918 0.128609 0.953553 0.106879 0.985414 0.114466 0.959293 0.092011 0.987986 0.107804 0.968783 0.079208 0.992238 0.102067 0.941009 0.203911 
						0.926747 0.211025 0.916196 0.180019 0.922586 0.176831 0.911106 0.214086 0.909188 0.181391 0.895215 0.212874 0.902068 0.180848 0.880220 0.207477 0.895349 0.178429 0.979708 0.085303 0.968460 0.074012 0.994556 0.054222 0.999596 0.059281 0.960622 0.060136 0.991044 0.048004 0.956760 0.044673 0.989314 0.041076 0.957153 0.028741 0.989490 0.033937 0.961772 0.013487 0.991560 0.027103 0.970284 0.000013 0.995373 0.021066 0.880220 0.223249 0.894712 0.216617 0.904218 0.247959 0.897724 0.250930 0.910446 0.214081 0.911268 0.246822 0.926288 0.215824 0.918366 0.247604 0.941094 0.221721 0.925000 0.250246 0.971840 0.164962 0.961462 0.152866 0.988958 0.135071 0.993608 0.140490 0.385660 0.119902 0.381363 0.113882 0.395147 0.103868 0.400198 0.110737 0.389506 0.125740 0.385660 0.119902 0.400198 0.110737 0.404805 0.116929 0.392613 0.130375 0.389506 0.125740 0.404805 0.116929 0.408535 0.121806 0.394660 0.133190 0.392613 0.130375 0.408535 0.121806 0.411007 0.124889 0.739317 0.139729 0.736557 0.139720 0.736557 0.139720 0.733727 0.139753 0.733727 0.139753 0.730877 0.139528 0.775551 0.147345 0.772654 0.147484 0.772654 0.147484 0.769757 0.147624 0.769757 0.147624 
						0.766860 0.147764 0.766860 0.147764 0.763963 0.147904 0.763963 0.147904 0.761066 0.148044 0.761066 0.148044 0.758169 0.148184 0.325797 0.576909 0.328694 0.576605 0.328694 0.576605 0.331583 0.576367 0.331583 0.576367 0.334457 0.576151 0.370281 0.098015 0.368340 0.095243 0.379782 0.082525 0.382048 0.085759 0.373286 0.102362 0.370281 0.098015 0.382048 0.085759 0.385611 0.090749 0.377099 0.107836 0.373286 0.102362 0.385611 0.090749 0.390126 0.096986 0.381363 0.113882 0.377099 0.107836 0.390126 0.096986 0.395147 0.103868 0.099499 0.299297 0.103814 0.305302 0.090056 0.315367 0.084972 0.308521 0.095642 0.293473 0.099499 0.299297 0.084972 0.308521 0.080337 0.302347 0.092527 0.288848 0.095642 0.293473 0.080337 0.302347 0.076587 0.297481 0.090473 0.286041 0.092527 0.288848 0.076587 0.297481 0.074105 0.294404 0.335687 0.510026 0.332909 0.509875 0.332909 0.509875 0.330063 0.509773 0.330063 0.509773 0.327206 0.509462 0.761291 0.212850 0.764188 0.212711 0.764188 0.212711 0.767085 0.212571 0.767085 0.212571 0.769982 0.212431 0.769982 0.212431 0.772879 0.212291 0.772879 0.212291 0.775777 0.212151 0.775777 0.212151 0.778674 0.212011 0.730446 0.206644 
						0.733341 0.206331 0.733341 0.206331 0.736227 0.206128 0.736227 0.206128 0.739096 0.205953 0.114957 0.321121 0.116911 0.323884 0.105550 0.336612 0.103278 0.333385 0.111932 0.316787 0.114957 0.321121 0.103278 0.333385 0.099675 0.328426 0.108098 0.311332 0.111932 0.316787 0.099675 0.328426 0.095107 0.322227 0.103814 0.305302 0.108098 0.311332 0.095107 0.322227 0.090056 0.315367 0.431710 0.011731 0.432164 0.008866 0.441927 0.008866 0.441927 0.011731 0.430394 0.014315 0.441927 0.014315 0.428343 0.016366 0.441927 0.016366 0.425758 0.017683 0.441927 0.017683 0.754880 0.142502 0.739317 0.139729 0.740343 0.135666 0.755423 0.139055 0.428343 0.001366 0.425758 0.000049 0.441927 0.000049 0.441927 0.001366 0.335472 0.579806 0.334457 0.576151 0.350786 0.574189 0.351059 0.577649 0.430394 0.003417 0.441927 0.003417 0.431710 0.006001 0.441927 0.006001 0.450846 0.011731 0.451299 0.008866 0.461062 0.008866 0.461062 0.011731 0.449529 0.014315 0.461062 0.014315 0.447478 0.016366 0.461062 0.016366 0.444894 0.017683 0.461062 0.017683 0.351208 0.513027 0.335687 0.510026 0.336818 0.506108 0.351809 0.509596 0.447478 0.001366 0.444894 0.000049 0.461062 0.000049 
						0.461062 0.001366 0.740147 0.209703 0.739096 0.205953 0.755396 0.203728 0.755726 0.207190 0.449529 0.003417 0.461062 0.003417 0.450846 0.006001 0.461062 0.006001 0.151795 0.541475 0.148930 0.541466 0.149305 0.418891 0.156295 0.418912 0.154379 0.541483 0.151795 0.541475 0.156295 0.418912 0.162600 0.418931 0.156430 0.541489 0.154379 0.541483 0.162600 0.418931 0.167605 0.418947 0.157747 0.541493 0.156430 0.541489 0.167605 0.418947 0.170818 0.418957 0.170769 0.434810 0.157736 0.545090 0.157747 0.541493 0.170818 0.418957 0.141430 0.541443 0.140113 0.541439 0.127792 0.418825 0.131004 0.418835 0.140113 0.541439 0.140102 0.545036 0.127743 0.434679 0.127792 0.418825 0.143481 0.541449 0.141430 0.541443 0.131004 0.418835 0.136009 0.418850 0.146066 0.541457 0.143481 0.541449 0.136009 0.418850 0.142315 0.418869 0.146066 0.541457 0.142315 0.418869 0.149305 0.418891 0.145846 0.613392 0.148711 0.613401 0.148336 0.735976 0.141346 0.735955 0.143262 0.613384 0.145846 0.613392 0.141346 0.735955 0.135041 0.735936 0.141210 0.613378 0.143262 0.613384 0.135041 0.735936 0.130036 0.735920 0.139894 0.613374 0.141210 0.613378 0.130036 0.735920 0.126823 0.735911 
						0.126872 0.720056 0.139905 0.609777 0.139894 0.613374 0.126823 0.735911 0.156211 0.613424 0.157527 0.613428 0.169849 0.736042 0.166636 0.736032 0.157527 0.613428 0.157538 0.609831 0.169898 0.720188 0.169849 0.736042 0.154160 0.613418 0.156211 0.613424 0.166636 0.736032 0.161632 0.736017 0.151575 0.613410 0.154160 0.613418 0.161632 0.736017 0.155326 0.735998 0.151575 0.613410 0.155326 0.735998 0.148336 0.735976 0.837166 0.440691 0.837166 0.433701 0.855115 0.433701 0.855115 0.440691 0.837166 0.446997 0.855115 0.446997 0.837166 0.452001 0.855115 0.452001 0.837165 0.455214 0.855115 0.455214 0.835979 0.301620 0.818030 0.301620 0.818030 0.285766 0.835979 0.285766 0.837166 0.415401 0.837165 0.412188 0.855115 0.412188 0.855115 0.415401 0.708971 0.402657 0.707488 0.386873 0.725358 0.385193 0.726842 0.400977 0.837166 0.420405 0.855115 0.420405 0.837166 0.426711 0.855115 0.426711 0.798895 0.441093 0.798895 0.434103 0.816844 0.434103 0.816844 0.441093 0.798895 0.447399 0.816844 0.447399 0.798895 0.452403 0.816844 0.452403 0.798895 0.455616 0.816844 0.455616 0.698654 0.101066 0.680783 0.102746 0.679300 0.086961 0.697170 0.085282 0.798895 0.415803 
						0.798895 0.412590 0.816844 0.412590 0.816844 0.415803 0.818030 0.602853 0.818030 0.586999 0.835980 0.586999 0.835980 0.602853 0.798895 0.420807 0.816844 0.420807 0.798895 0.427113 0.816844 0.427113 0.678213 0.665760 0.678206 0.663247 0.694373 0.663880 0.694265 0.666353 0.656133 0.665048 0.655985 0.662533 0.633435 0.669395 0.633329 0.666889 0.654301 0.723629 0.654478 0.726142 0.632229 0.725514 0.632212 0.723000 0.676928 0.719280 0.677037 0.721784 0.693260 0.719030 0.693317 0.721498 0.617105 0.669679 0.617046 0.667211 0.616051 0.724878 0.616158 0.722405 0.601997 0.607387 0.602001 0.604873 0.618210 0.605696 0.618074 0.608168 0.579841 0.606550 0.579684 0.604036 0.557108 0.610778 0.557006 0.608273 0.600345 0.663444 0.600267 0.660938 0.616568 0.660862 0.616597 0.663330 0.577769 0.667629 0.577626 0.665114 0.555623 0.666844 0.555617 0.664331 0.540748 0.611011 0.540694 0.608544 0.539482 0.666181 0.539594 0.663708 0.604676 0.753702 0.604530 0.756150 0.588483 0.755333 0.588627 0.752911 0.622101 0.754535 0.621988 0.756968 0.639515 0.755355 0.639446 0.757789 0.619574 0.810138 0.619687 0.807704 0.637145 0.808522 0.636999 0.810971 0.602160 0.809317 
						0.602229 0.806883 0.586236 0.808734 0.586293 0.806308 0.655439 0.755939 0.655382 0.758365 0.653192 0.809340 0.653048 0.811762 0.748395 0.753911 0.748240 0.756359 0.732202 0.755474 0.732356 0.753053 0.765830 0.754818 0.765712 0.757252 0.783228 0.755682 0.783151 0.758115 0.745744 0.807087 0.745668 0.809521 0.729740 0.808870 0.729807 0.806444 0.763184 0.807950 0.763066 0.810384 0.780656 0.808843 0.780501 0.811292 0.799156 0.756333 0.799089 0.758758 0.796694 0.809728 0.796540 0.812149 0.711036 0.664178 0.710901 0.666685 0.709979 0.719056 0.710046 0.721566 0.572176 0.754644 0.572346 0.752211 0.570036 0.808104 0.570053 0.805664 0.600388 0.669678 0.600318 0.667168 0.599387 0.724587 0.599520 0.722080 0.669499 0.810028 0.669329 0.812462 0.671640 0.756569 0.671622 0.759008 0.633268 0.661071 0.633307 0.663581 0.634887 0.606188 0.634723 0.608693 0.715901 0.754716 0.716082 0.752284 0.713539 0.808170 0.713567 0.805730 0.522833 0.665856 0.522972 0.663350 0.524015 0.610966 0.523952 0.608456 0.812995 0.810486 0.812814 0.812919 0.815357 0.757033 0.815329 0.759472 0.726656 0.664842 0.731580 0.667520 0.730377 0.718843 0.725456 0.721370 0.551955 0.753389 
						0.552787 0.750977 0.550768 0.807851 0.550137 0.805384 0.579990 0.669915 0.584908 0.667382 0.583766 0.723936 0.578840 0.721262 0.689720 0.811284 0.688888 0.813696 0.690907 0.756821 0.691538 0.759289 0.653661 0.661085 0.648714 0.663557 0.650503 0.607030 0.655398 0.609763 0.695687 0.753373 0.696529 0.750965 0.694272 0.807833 0.693651 0.805363 0.507218 0.665169 0.502299 0.662485 0.503611 0.611152 0.508537 0.608632 0.833209 0.811829 0.832367 0.814238 0.834624 0.757370 0.835245 0.759840 0.719393 0.001824 0.724642 0.000046 0.730170 0.000767 0.730448 0.003266 0.717404 0.055537 0.712786 0.052473 0.723842 0.053915 0.722932 0.056258 0.741554 0.112170 0.736705 0.109487 0.747841 0.110036 0.747122 0.112445 0.739223 0.058471 0.744312 0.056278 0.749880 0.056553 0.750358 0.059020 0.712915 0.169758 0.708003 0.167193 0.719148 0.167472 0.718488 0.169898 0.709281 0.116131 0.714316 0.113815 0.719889 0.113955 0.720427 0.116410 0.737299 0.001951 0.742503 0.000047 0.748047 0.000634 0.748386 0.003125 0.736612 0.055697 0.731922 0.052746 0.743009 0.053919 0.742156 0.056284 0.604530 0.756150 0.621988 0.756968 0.619687 0.807704 0.602229 0.806883 0.639446 0.757789 
						0.637145 0.808522 0.745744 0.807087 0.748240 0.756359 0.765712 0.757252 0.763184 0.807950 0.783151 0.758115 0.780656 0.808843 0.672672 0.678637 0.657624 0.678051 0.652749 0.710633 0.666637 0.709006 0.686687 0.065754 0.679300 0.037753 0.683071 0.025081 0.696219 0.074916 0.643725 0.679677 0.774976 0.087179 0.776786 0.058276 0.784357 0.047438 0.781136 0.098877 0.637722 0.710080 0.777580 0.040709 0.770192 0.012708 0.773964 0.000037 0.787111 0.049871 0.596347 0.620250 0.581292 0.619556 0.576205 0.652104 0.590078 0.650568 0.567359 0.621104 0.471417 0.040709 0.464029 0.012708 0.467800 0.000036 0.480948 0.049871 0.561195 0.651469 0.474523 0.171783 0.477241 0.154025 0.485212 0.154025 0.482559 0.170777 0.113672 0.188089 0.110954 0.170331 0.118990 0.171337 0.121643 0.188089 0.712786 0.052473 0.719393 0.001824 0.730448 0.003266 0.723842 0.053915 0.474523 0.136267 0.482559 0.137274 0.736705 0.109487 0.739223 0.058471 0.750358 0.059020 0.747841 0.110036 0.110954 0.205847 0.118990 0.204841 0.708003 0.167193 0.709281 0.116131 0.720427 0.116410 0.719148 0.167472 0.139657 0.188231 0.142375 0.170473 0.150346 0.170473 0.147693 0.187224 0.395917 0.172508 
						0.393199 0.154750 0.401234 0.155756 0.403888 0.172508 0.139657 0.152714 0.147693 0.153721 0.731922 0.052746 0.737299 0.001951 0.748386 0.003125 0.743009 0.053919 0.393199 0.190266 0.401234 0.189260 0.676928 0.719280 0.678213 0.665760 0.694265 0.666353 0.693260 0.719030 0.475528 0.184683 0.467301 0.186555 0.586293 0.806308 0.588483 0.755333 0.103732 0.155559 0.111959 0.157431 0.633435 0.669395 0.632212 0.723000 0.616158 0.722405 0.617105 0.669679 0.111959 0.218746 0.103732 0.220619 0.655382 0.758365 0.653192 0.809340 0.467301 0.121496 0.475528 0.123368 0.600267 0.660938 0.601997 0.607387 0.618074 0.608168 0.616568 0.660862 0.140662 0.201130 0.132435 0.203002 0.729807 0.806444 0.732202 0.755474 0.385976 0.139978 0.394203 0.141851 0.557108 0.610778 0.555617 0.664331 0.539594 0.663708 0.540748 0.611011 0.394203 0.203166 0.385976 0.205038 0.799089 0.758758 0.796694 0.809728 0.132434 0.137943 0.140662 0.139815 0.710901 0.666685 0.709979 0.719056 0.465617 0.197148 0.456922 0.199610 0.570053 0.805664 0.572176 0.754644 0.093352 0.142504 0.102048 0.144966 0.599520 0.722080 0.600388 0.669678 0.102048 0.231212 0.093352 0.233674 0.671622 0.759008 
						0.669499 0.810028 0.456921 0.108441 0.465617 0.110903 0.634723 0.608693 0.633268 0.661071 0.130751 0.213595 0.122055 0.216057 0.713567 0.805730 0.715901 0.754716 0.375597 0.126923 0.384293 0.129386 0.522972 0.663350 0.524015 0.610966 0.384293 0.215631 0.375597 0.218093 0.815329 0.759472 0.812995 0.810486 0.122055 0.124888 0.130751 0.127350 0.731580 0.667520 0.730377 0.718843 0.450469 0.209099 0.444894 0.209099 0.550137 0.805384 0.551955 0.753389 0.081325 0.133015 0.086900 0.133015 0.578840 0.721262 0.579990 0.669915 0.086900 0.243163 0.081325 0.243163 0.691538 0.759289 0.689720 0.811284 0.444894 0.098951 0.450469 0.098951 0.655398 0.609763 0.653661 0.661085 0.115603 0.225547 0.110028 0.225547 0.693651 0.805363 0.695687 0.753373 0.363569 0.117434 0.369144 0.117434 0.502299 0.662485 0.503611 0.611152 0.369144 0.227582 0.363569 0.227582 0.835245 0.759840 0.833209 0.811829 0.110027 0.115399 0.115602 0.115399 0.332521 0.530026 0.329702 0.529663 0.329702 0.529663 0.326859 0.529303 0.326859 0.529303 0.323986 0.528942 0.760354 0.193450 0.763252 0.193311 0.763252 0.193311 0.766149 0.193171 0.766149 0.193171 0.769046 0.193031 0.769046 0.193031 
						0.771943 0.192891 0.771943 0.192891 0.774840 0.192751 0.774840 0.192751 0.777737 0.192611 0.728192 0.186900 0.731101 0.186679 0.731101 0.186679 0.734012 0.186486 0.734012 0.186486 0.736922 0.186281 0.736922 0.186281 0.753129 0.184900 0.157598 0.590409 0.170159 0.634575 0.749858 0.731968 0.731922 0.731289 0.735163 0.645736 0.761447 0.646732 0.027574 0.390418 0.025681 0.387458 0.025681 0.387458 0.022660 0.382909 0.022660 0.382909 0.018760 0.377253 0.018760 0.377253 0.014334 0.371061 0.014334 0.371061 0.009807 0.364943 0.009807 0.364943 0.005627 0.359488 0.005627 0.359488 0.002231 0.355209 0.002231 0.355209 0.000000 0.352495 0.503302 0.491672 0.477021 0.490591 0.480539 0.405050 0.498473 0.405788 0.127133 0.634443 0.139964 0.590355 0.348974 0.531165 0.332521 0.530026 0.736475 0.159824 0.733655 0.159509 0.733655 0.159509 0.730810 0.159196 0.730810 0.159196 0.727933 0.158877 0.776488 0.166745 0.773591 0.166884 0.773591 0.166884 0.770694 0.167024 0.770694 0.167024 0.767797 0.167164 0.767797 0.167164 0.764900 0.167304 0.764900 0.167304 0.762003 0.167444 0.762003 0.167444 0.759105 0.167584 0.323830 0.556988 0.326742 0.556810 0.326742 0.556810 
						0.329656 0.556657 0.329656 0.556657 0.332570 0.556490 0.332570 0.556490 0.348805 0.555350 0.140043 0.564458 0.127482 0.520292 0.486747 0.690925 0.468813 0.690188 0.472331 0.604646 0.498611 0.605727 0.458592 0.029552 0.460439 0.032541 0.460439 0.032541 0.463389 0.037135 0.463389 0.037135 0.467205 0.042844 0.467205 0.042844 0.471541 0.049094 0.471541 0.049094 0.475982 0.055270 0.475982 0.055270 0.480084 0.060779 0.480084 0.060779 0.483419 0.065103 0.483419 0.065103 0.485611 0.067849 0.765769 0.532663 0.739485 0.531667 0.742726 0.446114 0.760663 0.446794 0.170508 0.520424 0.157677 0.564512 0.752935 0.160704 0.736475 0.159824 0.486762 0.303737 0.468813 0.303737 0.468813 0.193082 0.486762 0.193082 0.170769 0.434810 0.170818 0.418957 0.281471 0.419294 0.281423 0.435148 0.855115 0.565868 0.837165 0.565868 0.394660 0.133190 0.411007 0.124889 0.464605 0.264551 0.452774 0.248953 0.127792 0.418825 0.127743 0.434679 0.017089 0.434341 0.017138 0.418487 0.133946 0.209529 0.151896 0.209529 0.151896 0.320184 0.133946 0.320184 0.379782 0.082525 0.368340 0.095243 0.288168 0.015547 0.275121 0.000040 0.837165 0.301534 0.855115 0.301534 0.855115 0.254684 
						0.837165 0.254684 0.837165 0.144030 0.855115 0.144030 0.126872 0.720056 0.126823 0.735911 0.016169 0.735573 0.016218 0.719718 0.816844 0.566270 0.798895 0.566270 0.090473 0.286041 0.074105 0.294404 0.020553 0.154649 0.032379 0.170251 0.169849 0.736042 0.169898 0.720188 0.280551 0.720526 0.280503 0.736380 0.014351 0.198152 0.032301 0.198152 0.032301 0.308806 0.014351 0.308806 0.105550 0.336612 0.116911 0.323884 0.197086 0.403587 0.210114 0.419086 0.798895 0.301935 0.816844 0.301935 0.297641 0.419344 0.297592 0.435198 0.855115 0.582038 0.837165 0.582038 0.448472 0.258767 0.455823 0.255051 0.000920 0.434292 0.000968 0.418438 0.274465 0.017230 0.269667 0.017443 0.837165 0.285364 0.855115 0.285364 0.000000 0.735523 0.000048 0.719669 0.816844 0.582440 0.798895 0.582440 0.036685 0.160435 0.029333 0.164151 0.296721 0.720575 0.296672 0.736429 0.210769 0.401896 0.215556 0.401681 0.798895 0.285766 0.816844 0.285766 0.802488 0.285767 0.784544 0.285349 0.791183 0.000048 0.809128 0.000466 0.813246 0.000466 0.831191 0.000048 0.837831 0.285350 0.819886 0.285767 0.332053 0.543262 0.329125 0.543179 0.329125 0.543179 0.326205 0.543110 0.326205 0.543110 
						0.323289 0.543054 0.759730 0.180517 0.762627 0.180377 0.762627 0.180377 0.765524 0.180238 0.765524 0.180238 0.768421 0.180098 0.768421 0.180098 0.771318 0.179958 0.771318 0.179958 0.774215 0.179818 0.774215 0.179818 0.777113 0.179678 0.727441 0.172985 0.730357 0.172999 0.730357 0.172999 0.733278 0.173025 0.733278 0.173025 0.736205 0.173064 0.736205 0.173064 0.752263 0.172761 0.157637 0.577461 0.170333 0.577499 0.737324 0.588702 0.763608 0.589698 0.190157 0.031249 0.188669 0.032079 0.182835 0.021620 0.184323 0.020790 0.192474 0.029956 0.190157 0.031249 0.184323 0.020790 0.186640 0.019498 0.195394 0.028327 0.192474 0.029956 0.186640 0.019498 0.189559 0.017869 0.198630 0.026522 0.195394 0.028327 0.189559 0.017869 0.192796 0.016064 0.201867 0.024717 0.196032 0.014258 0.204786 0.023088 0.198952 0.012629 0.207103 0.021795 0.204786 0.023088 0.198952 0.012629 0.201269 0.011337 0.208591 0.020965 0.207103 0.021795 0.201269 0.011337 0.202757 0.010507 0.474676 0.547619 0.500957 0.548699 0.140004 0.577407 0.127307 0.577368 0.332053 0.543262 0.348119 0.543204 0.195435 0.000878 0.196922 0.000048 0.193118 0.002171 0.195435 0.000878 0.190198 0.003799 
						0.193118 0.002171 0.186962 0.005605 0.183725 0.007410 0.180805 0.009039 0.183725 0.007410 0.178488 0.010332 0.180805 0.009039 0.177001 0.011162 0.178488 0.010332 0.880220 0.104417 0.880220 0.101204 0.901628 0.101204 0.901628 0.104417 0.785001 0.590508 0.782840 0.647543 0.880220 0.109421 0.901628 0.109421 0.880220 0.115727 0.901628 0.115727 0.880220 0.122717 0.901628 0.122717 0.880220 0.129707 0.901628 0.129707 0.880220 0.136013 0.901628 0.136013 0.880220 0.141017 0.901628 0.141017 0.880220 0.144230 0.901628 0.144230 0.524692 0.492552 0.522347 0.549579 0.019135 0.097738 0.019135 0.094525 0.040544 0.094525 0.040544 0.097738 0.520001 0.606607 0.019135 0.102742 0.040544 0.102742 0.019135 0.109048 0.040544 0.109048 0.019135 0.116038 0.040544 0.116038 0.019135 0.123028 0.040544 0.123028 0.019135 0.129334 0.040544 0.129334 0.019135 0.134338 0.040544 0.134338 0.019135 0.137551 0.040544 0.137551 0.787162 0.533473 0.061080 0.118504 0.058318 0.120146 0.043966 0.076212 0.045430 0.075342 0.058318 0.120146 0.029159 0.071081 0.037848 0.065917 0.043966 0.076212 0.065382 0.115948 0.061080 0.118504 0.045430 0.075342 0.047711 0.073986 0.070803 0.112726 
						0.065382 0.115948 0.047711 0.073986 0.050585 0.072278 0.076812 0.109155 0.070803 0.112726 0.050585 0.072278 0.053771 0.070385 0.082821 0.105584 0.053771 0.070385 0.056957 0.068492 0.088241 0.102363 0.082821 0.105584 0.056957 0.068492 0.059831 0.066784 0.092544 0.099806 0.088241 0.102363 0.059831 0.066784 0.062112 0.065428 0.095306 0.098164 0.092544 0.099806 0.062112 0.065428 0.063576 0.064558 0.066147 0.049099 0.095306 0.098164 0.063576 0.064558 0.057458 0.054263 0.034226 0.001676 0.036988 0.000034 0.051340 0.043968 0.049875 0.044838 0.036988 0.000034 0.051340 0.043968 0.029923 0.004232 0.034226 0.001676 0.049875 0.044838 0.047594 0.046194 0.024503 0.007454 0.029923 0.004232 0.047594 0.046194 0.044720 0.047902 0.018494 0.011025 0.024503 0.007454 0.044720 0.047902 0.041534 0.049795 0.012485 0.014596 0.041534 0.049795 0.038349 0.051688 0.007064 0.017817 0.012485 0.014596 0.038349 0.051688 0.035475 0.053396 0.002762 0.020374 0.007064 0.017817 0.035475 0.053396 0.033194 0.054752 0.000000 0.022016 0.002762 0.020374 0.033194 0.054752 0.031729 0.055622 0.000000 0.022016 0.031729 0.055622 0.462136 0.316650 0.463827 0.316855 0.438663 0.523608 
						0.436972 0.523403 0.463827 0.316855 0.475715 0.318302 0.450551 0.525055 0.438663 0.523608 0.459502 0.316329 0.462136 0.316650 0.436972 0.523403 0.434338 0.523082 0.456183 0.315925 0.459502 0.316329 0.434338 0.523082 0.431020 0.522678 0.452505 0.315477 0.456183 0.315925 0.431020 0.522678 0.427341 0.522230 0.448826 0.315030 0.423662 0.521783 0.445507 0.314626 0.420343 0.521379 0.442873 0.314305 0.445507 0.314626 0.420343 0.521379 0.417709 0.521058 0.441182 0.314099 0.442873 0.314305 0.417709 0.521058 0.416019 0.520852 0.429294 0.312652 0.441182 0.314099 0.416019 0.520852 0.404130 0.519405 0.415715 0.311000 0.417406 0.311205 0.392242 0.517958 0.390551 0.517753 0.417406 0.311205 0.392242 0.517958 0.413081 0.310679 0.415715 0.311000 0.390551 0.517753 0.387917 0.517432 0.409762 0.310275 0.413081 0.310679 0.387917 0.517432 0.384599 0.517028 0.406084 0.309828 0.409762 0.310275 0.384599 0.517028 0.380920 0.516581 0.402405 0.309380 0.406084 0.309828 0.380920 0.516581 0.377241 0.516133 0.399086 0.308976 0.402405 0.309380 0.377241 0.516133 0.373922 0.515729 0.396452 0.308655 0.399086 0.308976 0.373922 0.515729 0.371288 0.515408 0.394761 0.308449 
						0.396452 0.308655 0.371288 0.515408 0.369598 0.515202 0.487603 0.319749 0.462440 0.526502 0.413500 0.730361 0.411809 0.730156 0.411809 0.730156 0.409175 0.729835 0.409175 0.729835 0.405856 0.729431 0.405856 0.729431 0.402177 0.728983 0.398498 0.728536 0.395180 0.728132 0.395180 0.728132 0.392546 0.727811 0.392546 0.727811 0.390855 0.727605 0.677377 0.202689 0.677409 0.405326 0.488012 0.405356 0.487980 0.202719 0.677346 0.000049 0.487948 0.000079 0.367078 0.724711 0.365388 0.724506 0.365388 0.724506 0.362754 0.724185 0.362754 0.724185 0.359435 0.723781 0.359435 0.723781 0.355756 0.723333 0.355756 0.723333 0.352077 0.722886 0.352077 0.722886 0.348759 0.722482 0.348759 0.722482 0.346125 0.722161 0.346125 0.722161 0.344434 0.721955 0.437276 0.733255 0.425388 0.731808 0.413500 0.730361 0.545353 0.725343 0.557329 0.725337 0.755892 0.732340 0.545357 0.732440 0.734497 0.604037 0.526218 0.604036 0.526220 0.405350 0.734498 0.405352 0.198558 0.736212 0.210534 0.736211 0.210534 0.743308 0.000000 0.743326 0.815563 0.271878 0.815560 0.283854 0.808463 0.283852 0.808520 0.073316 0.222510 0.736210 0.421071 0.743290 0.153082 0.090565 0.361360 0.090538 
						0.361387 0.289224 0.153108 0.289252 0.755895 0.740038 0.545361 0.740138 0.758784 0.207938 0.758755 0.416217 0.751057 0.416216 0.751086 0.207937 0.210535 0.751006 0.000001 0.751024 0.629349 0.743273 0.839886 0.743255 0.839886 0.750953 0.629350 0.750970 0.421071 0.750988 0.421071 0.743290 0.629349 0.743273 0.629350 0.750970 0.421071 0.750988 0.870549 0.210536 0.870574 0.421071 0.861132 0.413175 0.861108 0.210537 0.687223 0.189110 0.687195 0.397389 0.679300 0.387948 0.679325 0.198550 0.870701 0.421089 0.870677 0.210554 0.880117 0.210553 0.880141 0.413191 0.870524 0.000000 0.861084 0.007898 0.870652 0.000018 0.880093 0.007914 0.119595 0.751020 0.327874 0.750996 0.318434 0.758894 0.129036 0.758916 0.856301 0.202687 0.856301 0.000049 0.860331 0.000049 0.860332 0.202687 0.750339 0.208709 0.750303 0.398107 0.746273 0.398106 0.746309 0.208709 0.856305 1.000000 0.856304 0.797363 0.860335 0.797363 0.860335 1.000000 0.856302 0.405326 0.860333 0.405326 0.856303 0.594723 0.860334 0.594723 0.856303 0.594723 0.856302 0.405326 0.860333 0.405326 0.860334 0.594723 0.365980 0.140414 0.364774 0.133375 0.372561 0.132042 0.373766 0.139080 0.364774 0.133375 
						0.363569 0.126337 0.371355 0.125003 0.372561 0.132042 0.110632 0.007884 0.103543 0.008743 0.102592 0.000901 0.109681 0.000041 0.103543 0.008743 0.096454 0.009603 0.095503 0.001761 0.102592 0.000901 0.096454 0.009603 0.089365 0.010463 0.088414 0.002620 0.095503 0.001761 0.089365 0.010463 0.082276 0.011322 0.081325 0.003480 0.088414 0.002620 0.098367 0.100159 0.097121 0.093127 0.104900 0.091749 0.106146 0.098781 0.097121 0.093127 0.095876 0.086096 0.103654 0.084718 0.104900 0.091749 0.095876 0.086096 0.094630 0.079064 0.102408 0.077686 0.103654 0.084718 0.094630 0.079064 0.093384 0.072033 0.101162 0.070655 0.102408 0.077686 0.093384 0.072033 0.092138 0.065002 0.099917 0.063623 0.101162 0.070655 0.092138 0.065002 0.090892 0.057970 0.098671 0.056592 0.099917 0.063623 0.291812 0.003309 0.298906 0.002494 0.299808 0.010342 0.292714 0.011157 0.298906 0.002494 0.306000 0.001679 0.306902 0.009527 0.299808 0.010342 0.306000 0.001679 0.313095 0.000863 0.313997 0.008711 0.306902 0.009527 0.313095 0.000863 0.320189 0.000048 0.321091 0.007896 0.313997 0.008711 0.370802 0.168568 0.369596 0.161529 0.377383 0.160196 0.378588 0.167234 0.369596 0.161529 
						0.368391 0.154491 0.376177 0.153157 0.377383 0.160196 0.368391 0.154491 0.367185 0.147452 0.374972 0.146119 0.376177 0.153157 0.367185 0.147452 0.365980 0.140414 0.373766 0.139080 0.374972 0.146119 0.421712 0.014098 0.422977 0.021126 0.415203 0.022526 0.413937 0.015498 0.422977 0.021126 0.424243 0.028154 0.416468 0.029554 0.415203 0.022526 0.424243 0.028154 0.425508 0.035182 0.417733 0.036582 0.416468 0.029554 0.425508 0.035182 0.426773 0.042210 0.418999 0.043610 0.417733 0.036582 0.077172 0.007880 0.070089 0.008784 0.069088 0.000948 0.076172 0.000044 0.070089 0.008784 0.063005 0.009689 0.062005 0.001852 0.069088 0.000948 0.063005 0.009689 0.055922 0.010593 0.054921 0.002757 0.062005 0.001852 0.055922 0.010593 0.048838 0.011497 0.047838 0.003661 0.054921 0.002757 0.232617 0.044410 0.233863 0.051441 0.226085 0.052819 0.224839 0.045788 0.233863 0.051441 0.235109 0.058473 0.227330 0.059851 0.226085 0.052819 0.235109 0.058473 0.236355 0.065504 0.228576 0.066882 0.227330 0.059851 0.236355 0.065504 0.237601 0.072535 0.229822 0.073914 0.228576 0.066882 0.237601 0.072535 0.238846 0.079567 0.231068 0.080945 0.229822 0.073914 0.238846 0.079567 
						0.240092 0.086598 0.232314 0.087976 0.231068 0.080945 0.205703 0.003480 0.212792 0.002620 0.213743 0.010463 0.206654 0.011322 0.212792 0.002620 0.219881 0.001761 0.220832 0.009603 0.213743 0.010463 0.219881 0.001761 0.226970 0.000901 0.227921 0.008743 0.220832 0.009603 0.226970 0.000901 0.234059 0.000041 0.235010 0.007884 0.227921 0.008743 0.419182 0.000042 0.420447 0.007070 0.412672 0.008470 0.411407 0.001442 0.420447 0.007070 0.421712 0.014098 0.413937 0.015498 0.412672 0.008470 
					</float_array>
					<technique_common>
						<accessor count="2203" offset="0" source="#meshId5-tex0-array" stride="2">
							<param name="S" type="float" />
							<param name="T" type="float" />
						</accessor>
					</technique_common>
				</source>
				<vertices id="meshId5-vertices">
					<input semantic="POSITION" source="#meshId5-positions" />
				</vertices>
				<polylist count="1572" material="defaultMaterial">
					<input offset="0" semantic="VERTEX" source="#meshId5-vertices" />
					<input offset="0" semantic="NORMAL" source="#meshId5-normals" />
					<input offset="0" semantic="TANGENT" source="#meshId5-tangents" />
					<input offset="0" semantic="BINORMAL" source="#meshId5-bitangents" />
					<input offset="0" semantic="TEXCOORD" source="#meshId5-tex0" set="0" />
					<vcount>
						3 3 3 3 3 3 3 3 3 3 3 3 3 3 3 3 3 3 3 3 3 3 3 3 3 3 3 3 3 3 3 3 3 3 3 3 3 3 3 3 3 3 3 3 3 3 3 3 3 3 3 3 3 3 3 3 3 3 3 3 3 3 3 3 
						3 3 3 3 3 3 3 3 3 3 3 3 3 3 3 3 3 3 3 3 3 3 3 3 3 3 3 3 3 3 3 3 3 3 3 3 3 3 3 3 3 3 3 3 3 3 3 3 3 3 3 3 3 3 3 3 3 3 3 3 3 3 3 3 
						3 3 3 3 3 3 3 3 3 3 3 3 3 3 3 3 3 3 3 3 3 3 3 3 3 3 3 3 3 3 3 3 3 3 3 3 3 3 3 3 3 3 3 3 3 3 3 3 3 3 3 3 3 3 3 3 3 3 3 3 3 3 3 3 
						3 3 3 3 3 3 3 3 3 3 3 3 3 3 3 3 3 3 3 3 3 3 3 3 3 3 3 3 3 3 3 3 3 3 3 3 3 3 3 3 3 3 3 3 3 3 3 3 3 3 3 3 3 3 3 3 3 3 3 3 3 3 3 3 
						3 3 3 3 3 3 3 3 3 3 3 3 3 3 3 3 3 3 3 3 3 3 3 3 3 3 3 3 3 3 3 3 3 3 3 3 3 3 3 3 3 3 3 3 3 3 3 3 3 3 3 3 3 3 3 3 3 3 3 3 3 3 3 3 
						3 3 3 3 3 3 3 3 3 3 3 3 3 3 3 3 3 3 3 3 3 3 3 3 3 3 3 3 3 3 3 3 3 3 3 3 3 3 3 3 3 3 3 3 3 3 3 3 3 3 3 3 3 3 3 3 3 3 3 3 3 3 3 3 
						3 3 3 3 3 3 3 3 3 3 3 3 3 3 3 3 3 3 3 3 3 3 3 3 3 3 3 3 3 3 3 3 3 3 3 3 3 3 3 3 3 3 3 3 3 3 3 3 3 3 3 3 3 3 3 3 3 3 3 3 3 3 3 3 
						3 3 3 3 3 3 3 3 3 3 3 3 3 3 3 3 3 3 3 3 3 3 3 3 3 3 3 3 3 3 3 3 3 3 3 3 3 3 3 3 3 3 3 3 3 3 3 3 3 3 3 3 3 3 3 3 3 3 3 3 3 3 3 3 
						3 3 3 3 3 3 3 3 3 3 3 3 3 3 3 3 3 3 3 3 3 3 3 3 3 3 3 3 3 3 3 3 3 3 3 3 3 3 3 3 3 3 3 3 3 3 3 3 3 3 3 3 3 3 3 3 3 3 3 3 3 3 3 3 
						3 3 3 3 3 3 3 3 3 3 3 3 3 3 3 3 3 3 3 3 3 3 3 3 3 3 3 3 3 3 3 3 3 3 3 3 3 3 3 3 3 3 3 3 3 3 3 3 3 3 3 3 3 3 3 3 3 3 3 3 3 3 3 3 
						3 3 3 3 3 3 3 3 3 3 3 3 3 3 3 3 3 3 3 3 3 3 3 3 3 3 3 3 3 3 3 3 3 3 3 3 3 3 3 3 3 3 3 3 3 3 3 3 3 3 3 3 3 3 3 3 3 3 3 3 3 3 3 3 
						3 3 3 3 3 3 3 3 3 3 3 3 3 3 3 3 3 3 3 3 3 3 3 3 3 3 3 3 3 3 3 3 3 3 3 3 3 3 3 3 3 3 3 3 3 3 3 3 3 3 3 3 3 3 3 3 3 3 3 3 3 3 3 3 
						3 3 3 3 3 3 3 3 3 3 3 3 3 3 3 3 3 3 3 3 3 3 3 3 3 3 3 3 3 3 3 3 3 3 3 3 3 3 3 3 3 3 3 3 3 3 3 3 3 3 3 3 3 3 3 3 3 3 3 3 3 3 3 3 
						3 3 3 3 3 3 3 3 3 3 3 3 3 3 3 3 3 3 3 3 3 3 3 3 3 3 3 3 3 3 3 3 3 3 3 3 3 3 3 3 3 3 3 3 3 3 3 3 3 3 3 3 3 3 3 3 3 3 3 3 3 3 3 3 
						3 3 3 3 3 3 3 3 3 3 3 3 3 3 3 3 3 3 3 3 3 3 3 3 3 3 3 3 3 3 3 3 3 3 3 3 3 3 3 3 3 3 3 3 3 3 3 3 3 3 3 3 3 3 3 3 3 3 3 3 3 3 3 3 
						3 3 3 3 3 3 3 3 3 3 3 3 3 3 3 3 3 3 3 3 3 3 3 3 3 3 3 3 3 3 3 3 3 3 3 3 3 3 3 3 3 3 3 3 3 3 3 3 3 3 3 3 3 3 3 3 3 3 3 3 3 3 3 3 
						3 3 3 3 3 3 3 3 3 3 3 3 3 3 3 3 3 3 3 3 3 3 3 3 3 3 3 3 3 3 3 3 3 3 3 3 3 3 3 3 3 3 3 3 3 3 3 3 3 3 3 3 3 3 3 3 3 3 3 3 3 3 3 3 
						3 3 3 3 3 3 3 3 3 3 3 3 3 3 3 3 3 3 3 3 3 3 3 3 3 3 3 3 3 3 3 3 3 3 3 3 3 3 3 3 3 3 3 3 3 3 3 3 3 3 3 3 3 3 3 3 3 3 3 3 3 3 3 3 
						3 3 3 3 3 3 3 3 3 3 3 3 3 3 3 3 3 3 3 3 3 3 3 3 3 3 3 3 3 3 3 3 3 3 3 3 3 3 3 3 3 3 3 3 3 3 3 3 3 3 3 3 3 3 3 3 3 3 3 3 3 3 3 3 
						3 3 3 3 3 3 3 3 3 3 3 3 3 3 3 3 3 3 3 3 3 3 3 3 3 3 3 3 3 3 3 3 3 3 3 3 3 3 3 3 3 3 3 3 3 3 3 3 3 3 3 3 3 3 3 3 3 3 3 3 3 3 3 3 
						3 3 3 3 3 3 3 3 3 3 3 3 3 3 3 3 3 3 3 3 3 3 3 3 3 3 3 3 3 3 3 3 3 3 3 3 3 3 3 3 3 3 3 3 3 3 3 3 3 3 3 3 3 3 3 3 3 3 3 3 3 3 3 3 
						3 3 3 3 3 3 3 3 3 3 3 3 3 3 3 3 3 3 3 3 3 3 3 3 3 3 3 3 3 3 3 3 3 3 3 3 3 3 3 3 3 3 3 3 3 3 3 3 3 3 3 3 3 3 3 3 3 3 3 3 3 3 3 3 
						3 3 3 3 3 3 3 3 3 3 3 3 3 3 3 3 3 3 3 3 3 3 3 3 3 3 3 3 3 3 3 3 3 3 3 3 3 3 3 3 3 3 3 3 3 3 3 3 3 3 3 3 3 3 3 3 3 3 3 3 3 3 3 3 
						3 3 3 3 3 3 3 3 3 3 3 3 3 3 3 3 3 3 3 3 3 3 3 3 3 3 3 3 3 3 3 3 3 3 3 3 3 3 3 3 3 3 3 3 3 3 3 3 3 3 3 3 3 3 3 3 3 3 3 3 3 3 3 3 
						3 3 3 3 3 3 3 3 3 3 3 3 3 3 3 3 3 3 3 3 3 3 3 3 3 3 3 3 3 3 3 3 3 3 3 3 
					</vcount>
					<p>
						3 0 1 1 2 3 2 1 4 4 5 2 9 6 7 7 8 9 8 7 10 10 11 8 11 10 12 12 13 11 13 12 14 14 15 13 19 16 17 17 18 19 18 17 20 20 21 18 21 20 22 22 23 21 23 22 24 24 25 23 25 24 26 26 27 25 27 26 28 28 29 27 33 30 31 31 32 33 32 31 34 34 35 32 35 34 36 36 37 35 37 36 38 38 39 37 43 40 41 41 42 43 42 41 44 44 45 42 65 46 47 65 47 48 65 48 49 65 49 50 65 50 51 65 51 52 65 52 53 65 53 54 65 54 55 65 55 56 65 56 57 65 57 58 65 58 59 65 59 60 65 60 61 65 61 62 65 62 63 63 64 65 69 66 67 67 68 69 73 70 71 71 72 73 77 74 75 75 76 77 81 78 79 79 80 81 85 82 83 83 84 85 
						89 86 87 87 88 89 93 90 91 91 92 93 97 94 95 95 96 97 101 98 99 99 100 101 105 102 103 103 104 105 109 106 107 107 108 109 113 110 111 111 112 113 117 114 115 115 116 117 121 118 119 119 120 121 125 122 123 123 124 125 129 126 127 127 128 129 133 130 131 131 132 133 137 134 135 135 136 137 141 138 139 139 140 141 145 142 143 143 144 145 149 146 147 147 148 149 153 150 151 151 152 153 157 154 155 155 156 157 161 158 159 159 160 161 165 162 163 163 164 165 169 166 167 167 168 169 173 170 171 171 172 173 177 174 175 175 176 177 181 178 179 179 180 181 185 182 183 183 184 185 189 186 187 187 188 189 193 190 191 191 192 193 197 194 195 195 196 197 201 198 199 199 200 201 205 202 203 203 204 205 209 206 207 207 208 209 213 210 211 211 212 213 
						217 214 215 215 216 217 221 218 219 219 220 221 225 222 223 223 224 225 229 226 227 227 228 229 228 227 230 230 231 228 231 230 232 232 233 231 233 232 234 234 235 233 235 234 236 236 237 235 237 236 238 238 239 237 239 238 240 240 241 239 241 240 242 242 243 241 243 242 244 244 245 243 245 244 246 246 247 245 247 246 248 248 249 247 249 248 250 250 251 249 251 250 252 252 253 251 253 252 254 254 255 253 255 254 256 256 257 255 257 256 258 258 259 257 259 258 260 260 261 259 261 260 262 262 263 261 263 262 264 264 265 263 265 264 226 226 229 265 269 266 267 267 268 269 273 270 271 271 272 273 277 274 275 275 276 277 281 278 279 279 280 281 285 282 283 283 284 285 289 286 287 287 288 289 293 290 291 291 292 293 297 294 295 295 296 297 301 298 299 299 300 301 
						305 302 303 303 304 305 309 306 307 307 308 309 313 310 311 311 312 313 317 314 315 315 316 317 321 318 319 319 320 321 325 322 323 323 324 325 329 326 327 327 328 329 333 330 331 331 332 333 337 334 335 335 336 337 341 338 339 339 340 341 345 342 343 343 344 345 349 346 347 347 348 349 351 349 348 348 350 351 355 352 353 353 354 355 357 355 354 354 356 357 359 357 356 356 358 359 361 359 358 358 360 361 365 362 363 363 364 365 367 365 364 364 366 367 369 367 366 366 368 369 371 369 368 368 370 371 373 371 370 370 372 373 375 373 372 372 374 375 379 376 377 377 378 379 381 379 378 378 380 381 383 381 380 380 382 383 385 383 382 382 384 385 389 386 387 387 388 389 391 389 388 388 390 391 411 392 393 411 393 394 411 394 395 411 395 396 411 396 397 411 397 398 
						411 398 399 411 399 400 411 400 401 411 401 402 411 402 403 411 403 404 411 404 405 411 405 406 411 406 407 411 407 408 411 408 409 409 410 411 415 412 413 413 414 415 419 416 417 417 418 419 423 420 421 421 422 423 427 424 425 425 426 427 431 428 429 429 430 431 435 432 433 433 434 435 439 436 437 437 438 439 443 440 441 441 442 443 447 444 445 445 446 447 451 448 449 449 450 451 455 452 453 453 454 455 459 456 457 457 458 459 463 460 461 461 462 463 467 464 465 465 466 467 471 468 469 469 470 471 475 472 473 473 474 475 479 476 477 477 478 479 483 480 481 481 482 483 487 484 485 485 486 487 491 488 489 489 490 491 495 492 493 493 494 495 499 496 497 497 498 499 503 500 501 501 502 503 507 504 505 505 506 507 511 508 509 509 510 511 515 512 513 513 514 515 
						519 516 517 517 518 519 523 520 521 521 522 523 527 524 525 525 526 527 531 528 529 529 530 531 535 532 533 533 534 535 539 536 537 537 538 539 543 540 541 541 542 543 547 544 545 545 546 547 551 548 549 549 550 551 555 552 553 553 554 555 559 556 557 557 558 559 563 560 561 561 562 563 567 564 565 565 566 567 571 568 569 569 570 571 575 572 573 573 574 575 578 575 576 576 577 578 582 579 580 580 581 582 585 582 583 583 584 585 587 585 584 584 586 587 591 588 589 589 590 591 595 592 593 593 594 595 599 596 597 597 598 599 603 600 601 601 602 603 605 603 602 602 604 605 607 605 604 604 606 607 609 607 606 606 608 609 611 609 608 608 610 611 615 612 613 613 614 615 619 616 617 617 618 619 621 619 618 618 620 621 623 621 620 620 622 623 625 623 622 622 624 625 
						627 625 624 624 626 627 572 627 628 628 573 572 632 629 630 630 631 632 636 633 634 634 635 636 640 637 638 638 639 640 644 641 642 642 643 644 648 645 646 646 647 648 652 649 650 650 651 652 656 653 654 654 655 656 660 657 658 658 659 660 664 661 662 662 663 664 668 665 666 666 667 668 672 669 670 670 671 672 676 673 674 674 675 676 680 677 678 678 679 680 684 681 682 682 683 684 688 685 686 686 687 688 692 689 690 690 691 692 696 693 694 694 695 696 700 697 698 698 699 700 704 701 702 702 703 704 708 705 706 706 707 708 712 709 710 710 711 712 711 710 713 713 714 711 718 715 716 716 717 718 717 716 719 719 720 717 720 719 721 721 722 720 722 721 723 723 724 722 728 725 726 726 727 728 727 726 729 729 730 727 730 729 731 731 732 730 732 731 733 733 734 732 
						734 733 735 735 736 734 736 735 737 737 738 736 742 739 740 740 741 742 741 740 743 743 744 741 744 743 745 745 746 744 746 745 747 747 748 746 752 749 750 750 751 752 751 750 753 753 754 751 754 753 755 755 756 754 756 755 709 709 712 756 760 757 758 758 759 760 759 758 761 761 762 759 762 761 763 763 764 762 764 763 765 765 766 764 770 767 768 768 769 770 769 768 771 771 772 769 772 771 773 773 774 772 774 773 775 775 776 774 780 777 778 778 779 780 779 778 781 781 782 779 782 781 783 783 784 782 784 783 785 785 786 784 786 785 787 787 788 786 788 787 789 789 790 788 794 791 792 792 793 794 793 792 795 795 796 793 796 795 797 797 798 796 798 797 799 799 800 798 804 801 802 802 803 804 803 802 757 757 760 803 808 805 806 806 807 808 812 809 810 810 811 812 
						816 813 814 814 815 816 820 817 818 818 819 820 822 651 650 650 821 822 824 655 654 654 823 824 826 659 658 658 825 826 828 663 662 662 827 828 830 667 666 666 829 830 832 671 670 670 831 832 834 675 674 674 833 834 836 679 678 678 835 836 838 683 682 682 837 838 840 687 686 686 839 840 842 691 690 690 841 842 844 695 694 694 843 844 848 845 846 846 847 848 852 849 850 850 851 852 856 853 854 854 855 856 860 857 858 858 859 860 864 861 862 862 863 864 868 865 866 866 867 868 872 869 870 870 871 872 876 873 874 874 875 876 878 333 332 332 877 878 880 329 328 328 879 880 882 325 324 324 881 882 884 321 320 320 883 884 886 317 316 316 885 886 888 313 312 312 887 888 890 309 308 308 889 890 892 305 304 304 891 892 894 301 300 300 893 894 896 297 296 296 895 896 
						898 293 292 292 897 898 900 289 288 288 899 900 904 901 902 902 903 904 908 905 906 906 907 908 912 909 910 910 911 912 916 913 914 914 915 916 920 917 918 918 919 920 922 921 917 917 920 922 924 923 921 921 922 924 926 925 923 923 924 926 930 927 928 928 929 930 934 931 932 932 933 934 938 935 936 936 937 938 940 939 931 931 934 940 942 941 939 939 940 942 919 918 941 941 942 919 946 943 944 944 945 946 948 947 943 943 946 948 950 949 947 947 948 950 952 951 949 949 950 952 956 953 954 954 955 956 960 957 958 958 959 960 964 961 962 962 963 964 966 965 957 957 960 966 968 967 965 965 966 968 945 944 967 967 968 945 972 969 970 970 971 972 976 973 974 974 975 976 980 977 978 978 979 980 984 981 982 982 983 984 988 985 986 986 987 988 992 989 990 990 991 992 
						996 993 994 994 995 996 1000 997 998 998 999 1000 1004 1001 1002 1002 1003 1004 1007 970 1005 1005 1006 1007 1011 1008 1009 1009 1010 1011 1015 1012 1013 1013 1014 1015 1019 1016 1017 1017 1018 1019 1023 1020 1021 1021 1022 1023 1027 1024 1025 1025 1026 1027 1031 1028 1029 1029 1030 1031 1035 1032 1033 1033 1034 1035 1039 1036 1037 1037 1038 1039 1043 1040 1041 1041 1042 1043 1046 1009 1044 1044 1045 1046 1050 1047 1048 1048 1049 1050 1052 1051 1047 1047 1050 1052 1054 1053 1051 1051 1052 1054 1056 1055 1053 1053 1054 1056 1060 1057 1058 1058 1059 1060 1064 1061 1062 1062 1063 1064 1068 1065 1066 1066 1067 1068 1070 1069 1061 1061 1064 1070 1072 1071 1069 1069 1070 1072 1049 1048 1071 1071 1072 1049 1076 1073 1074 1074 1075 1076 1078 1077 1073 1073 1076 1078 1080 1079 1077 1077 1078 1080 1082 1081 1079 1079 1080 1082 1086 1083 1084 1084 1085 1086 1090 1087 1088 1088 1089 1090 1094 1091 1092 1092 1093 1094 1096 1095 1087 1087 1090 1096 
						1098 1097 1095 1095 1096 1098 1075 1074 1097 1097 1098 1075 1102 1099 1100 1100 1101 1102 1104 1100 1099 1099 1103 1104 1106 1104 1103 1103 1105 1106 1110 1107 1108 1108 1109 1110 1112 1108 1107 1107 1111 1112 1114 1112 1111 1111 1113 1114 1116 1106 1105 1105 1115 1116 1118 1110 1109 1109 1117 1118 1122 1119 1120 1120 1121 1122 1124 1120 1119 1119 1123 1124 1126 1124 1123 1123 1125 1126 1130 1127 1128 1128 1129 1130 1132 1128 1127 1127 1131 1132 1134 1132 1131 1131 1133 1134 1136 1126 1125 1125 1135 1136 1138 1134 1133 1133 1137 1138 1142 1139 1140 1140 1141 1142 1144 1140 1139 1139 1143 1144 1146 1144 1143 1143 1145 1146 1150 1147 1148 1148 1149 1150 1152 1148 1147 1147 1151 1152 1154 1152 1151 1151 1153 1154 1156 1146 1145 1145 1155 1156 1158 1150 1149 1149 1157 1158 1162 1159 1160 1160 1161 1162 1164 1160 1159 1159 1163 1164 1166 1164 1163 1163 1165 1166 1170 1167 1168 1168 1169 1170 1172 1168 1167 1167 1171 1172 1174 1172 1171 1171 1173 1174 
						1176 1166 1165 1165 1175 1176 1178 1174 1173 1173 1177 1178 1180 1102 1101 1101 1179 1180 1182 1114 1113 1113 1181 1182 1184 1142 1141 1141 1183 1184 1186 1154 1153 1153 1185 1186 1188 1116 1115 1115 1187 1188 1190 1118 1117 1117 1189 1190 1192 1158 1157 1157 1191 1192 1194 1156 1155 1155 1193 1194 1196 1130 1129 1129 1195 1196 1198 1122 1121 1121 1197 1198 1200 1162 1161 1161 1199 1200 1202 1170 1169 1169 1201 1202 1204 1138 1137 1137 1203 1204 1206 1136 1135 1135 1205 1206 1208 1178 1177 1177 1207 1208 1210 1176 1175 1175 1209 1210 1212 1180 1179 1179 1211 1212 1214 1182 1181 1181 1213 1214 1216 1184 1183 1183 1215 1216 1218 1186 1185 1185 1217 1218 1220 1188 1187 1187 1219 1220 1222 1190 1189 1189 1221 1222 1224 1192 1191 1191 1223 1224 1226 1194 1193 1193 1225 1226 1228 1196 1195 1195 1227 1228 1230 1198 1197 1197 1229 1230 1232 1200 1199 1199 1231 1232 1234 1202 1201 1201 1233 1234 1236 1204 1203 1203 1235 1236 1238 1206 1205 1205 1237 1238 
						1240 1208 1207 1207 1239 1240 1242 1210 1209 1209 1241 1242 1246 1243 1244 1244 1245 1246 1250 1247 1248 1248 1249 1250 1254 1251 1252 1252 1253 1254 1258 1255 1256 1256 1257 1258 1262 1259 1260 1260 1261 1262 1266 1263 1264 1264 1265 1266 1270 1267 1268 1268 1269 1270 1274 1271 1272 1272 1273 1274 1278 1275 1276 1276 1277 1278 1277 1276 1279 1279 1280 1277 1284 1281 1282 1282 1283 1284 1286 1284 1283 1283 1285 1286 1099 1287 1288 1288 1103 1099 1107 1289 1290 1290 1111 1107 1294 1291 1292 1292 1293 1294 1103 1288 1295 1295 1105 1103 1299 1296 1297 1297 1298 1299 1110 1300 1289 1289 1107 1110 1304 1301 1302 1302 1303 1304 1119 1305 1306 1306 1123 1119 1132 1307 1308 1308 1128 1132 1123 1306 1309 1309 1125 1123 1313 1310 1311 1311 1312 1313 1134 1314 1307 1307 1132 1134 1318 1315 1316 1316 1317 1318 1322 1319 1320 1320 1321 1322 1326 1323 1324 1324 1325 1326 1317 1316 1327 1327 1328 1317 1332 1329 1330 1330 1331 1332 1334 1333 1319 1319 1322 1334 
						1338 1335 1336 1336 1337 1338 1342 1339 1340 1340 1341 1342 1346 1343 1344 1344 1345 1346 1341 1340 1347 1347 1348 1341 1352 1349 1350 1350 1351 1352 1354 1353 1343 1343 1346 1354 1358 1355 1356 1356 1357 1358 1360 1315 1318 1318 1359 1360 1362 1275 1278 1278 1361 1362 1364 1321 1320 1320 1363 1364 1368 1365 1366 1366 1367 1368 1370 1333 1334 1334 1369 1370 1372 1280 1279 1279 1371 1372 1374 1328 1327 1327 1373 1374 1378 1375 1376 1376 1377 1378 1380 1339 1342 1342 1379 1380 1382 1282 1281 1281 1381 1382 1384 1345 1344 1344 1383 1384 1388 1385 1386 1386 1387 1388 1390 1353 1354 1354 1389 1390 1392 1286 1285 1285 1391 1392 1394 1348 1347 1347 1393 1394 1396 1358 1357 1357 1395 1396 1398 1360 1359 1359 1397 1398 1400 1362 1361 1361 1399 1400 1402 1364 1363 1363 1401 1402 1404 1368 1367 1367 1403 1404 1406 1370 1369 1369 1405 1406 1408 1372 1371 1371 1407 1408 1410 1374 1373 1373 1409 1410 1412 1378 1377 1377 1411 1412 1414 1380 1379 1379 1413 1414 
						1416 1382 1381 1381 1415 1416 1418 1384 1383 1383 1417 1418 1420 1388 1387 1387 1419 1420 1422 1390 1389 1389 1421 1422 1424 1392 1391 1391 1423 1424 1426 1394 1393 1393 1425 1426 1428 1396 1395 1395 1427 1428 1430 1398 1397 1397 1429 1430 1432 1400 1399 1399 1431 1432 1434 1402 1401 1401 1433 1434 1436 1404 1403 1403 1435 1436 1438 1406 1405 1405 1437 1438 1440 1408 1407 1407 1439 1440 1442 1410 1409 1409 1441 1442 1444 1412 1411 1411 1443 1444 1446 1414 1413 1413 1445 1446 1448 1416 1415 1415 1447 1448 1450 1418 1417 1417 1449 1450 1452 1420 1419 1419 1451 1452 1454 1422 1421 1421 1453 1454 1456 1424 1423 1423 1455 1456 1458 1426 1425 1425 1457 1458 1460 878 877 877 1459 1460 1462 880 879 879 1461 1462 1464 882 881 881 1463 1464 1466 884 883 883 1465 1466 1468 886 885 885 1467 1468 1470 888 887 887 1469 1470 1472 890 889 889 1471 1472 1474 892 891 891 1473 1474 1476 894 893 893 1475 1476 1478 896 895 895 1477 1478 
						1480 898 897 897 1479 1480 1482 900 899 899 1481 1482 1484 963 962 962 1483 1484 1486 1034 1033 1033 1485 1486 1490 1487 1488 1488 1489 1490 1492 904 903 903 1491 1492 1494 908 907 907 1493 1494 1496 912 911 911 1495 1496 1498 916 915 915 1497 1498 1500 864 863 863 1499 1500 1502 868 867 867 1501 1502 1504 872 871 871 1503 1504 1506 876 875 875 1505 1506 1510 1507 1508 1508 1509 1510 1024 1511 1512 1512 1025 1024 953 1513 1514 1514 954 953 1516 822 821 821 1515 1516 1518 824 823 823 1517 1518 1520 826 825 825 1519 1520 1522 828 827 827 1521 1522 1524 830 829 829 1523 1524 1526 832 831 831 1525 1526 1528 834 833 833 1527 1528 1530 836 835 835 1529 1530 1532 838 837 837 1531 1532 1534 840 839 839 1533 1534 1536 842 841 841 1535 1536 1538 844 843 843 1537 1538 1540 937 936 936 1539 1540 1542 995 994 994 1541 1542 1546 1543 1544 1544 1545 1546 1548 848 847 847 1547 1548 
						1550 852 851 851 1549 1550 1552 856 855 855 1551 1552 1554 860 859 859 1553 1554 1556 808 807 807 1555 1556 1558 812 811 811 1557 1558 1560 816 815 815 1559 1560 1562 820 819 819 1561 1562 1566 1563 1564 1564 1565 1566 985 1567 1568 1568 986 985 927 1569 1570 1570 928 927 1574 1571 1572 1572 1573 1574 1578 1575 1576 1576 1577 1578 1580 1055 1056 1056 1579 1580 1584 1581 1582 1582 1583 1584 1588 1585 1586 1586 1587 1588 1592 1589 1590 1590 1591 1592 1596 1593 1594 1594 1595 1596 1598 1063 1062 1062 1597 1598 1602 1599 1600 1600 1601 1602 1606 1603 1604 1604 1605 1606 1608 1081 1082 1082 1607 1608 1612 1609 1610 1610 1611 1612 1616 1613 1614 1614 1615 1616 1620 1617 1618 1618 1619 1620 1624 1621 1622 1622 1623 1624 1626 1089 1088 1088 1625 1626 1628 1578 1577 1577 1627 1628 1630 1580 1579 1579 1629 1630 1632 1584 1583 1583 1631 1632 1634 1588 1587 1587 1633 1634 1636 1596 1595 1595 1635 1636 1638 1598 1597 1597 1637 1638 
						1640 1606 1605 1605 1639 1640 1642 1608 1607 1607 1641 1642 1644 1612 1611 1611 1643 1644 1646 1616 1615 1615 1645 1646 1648 1624 1623 1623 1647 1648 1650 1626 1625 1625 1649 1650 1648 1631 1583 1583 1624 1648 1654 1651 1652 1652 1653 1654 1615 1578 1628 1628 1645 1615 1092 1058 1057 1057 1093 1092 1611 1596 1636 1636 1643 1611 1083 1067 1066 1066 1084 1083 1640 1633 1587 1587 1606 1640 1658 1655 1656 1656 1657 1658 1660 1460 1459 1459 1659 1660 1662 1462 1461 1461 1661 1662 1664 1464 1463 1463 1663 1664 1666 1466 1465 1465 1665 1666 1668 1468 1467 1467 1667 1668 1670 1470 1469 1469 1669 1670 1672 1472 1471 1471 1671 1672 1674 1474 1473 1473 1673 1674 1676 1476 1475 1475 1675 1676 1678 1478 1477 1477 1677 1678 1680 1480 1479 1479 1679 1680 1682 1482 1481 1481 1681 1682 1684 1484 1483 1483 1683 1684 1686 1486 1485 1485 1685 1686 1688 1490 1489 1489 1687 1688 1692 1689 1690 1690 1691 1692 1696 1693 1694 1694 1695 1696 1700 1697 1698 1698 1699 1700 
						1704 1701 1702 1702 1703 1704 1706 1705 1701 1701 1704 1706 1708 1707 1705 1705 1706 1708 1712 1709 1710 1710 1711 1712 1716 1713 1714 1714 1715 1716 1718 1717 1508 1508 1507 1718 1720 1719 1512 1512 1511 1720 1722 1721 1514 1514 1513 1722 1681 1516 1515 1515 1682 1681 1679 1518 1517 1517 1680 1679 1677 1520 1519 1519 1678 1677 1675 1522 1521 1521 1676 1675 1673 1524 1523 1523 1674 1673 1671 1526 1525 1525 1672 1671 1669 1528 1527 1527 1670 1669 1667 1530 1529 1529 1668 1667 1665 1532 1531 1531 1666 1665 1663 1534 1533 1533 1664 1663 1661 1536 1535 1535 1662 1661 1659 1538 1537 1537 1660 1659 1722 1540 1539 1539 1721 1722 1720 1542 1541 1541 1719 1720 1718 1546 1545 1545 1717 1718 1715 1723 1724 1724 1716 1715 1711 1725 1726 1726 1712 1711 1706 1727 1728 1728 1708 1706 1704 1729 1727 1727 1706 1704 1703 1730 1729 1729 1704 1703 1699 1731 1732 1732 1700 1699 1695 1733 1734 1734 1696 1695 1691 1735 1736 1736 1692 1691 1688 1687 1564 1564 1563 1688 
						1686 1685 1568 1568 1567 1686 1684 1683 1570 1570 1569 1684 1740 1737 1738 1738 1739 1740 1742 1490 1688 1688 1741 1742 1744 1743 1737 1737 1740 1744 1746 1745 1743 1743 1744 1746 1748 1747 1745 1745 1746 1748 1750 1749 1747 1747 1748 1750 1752 1751 1749 1749 1750 1752 1754 1753 1751 1751 1752 1754 1756 1755 1753 1753 1754 1756 1758 1718 1507 1507 1757 1758 1762 1759 1760 1760 1761 1762 1763 1546 1718 1718 1758 1763 1765 1764 1759 1759 1762 1765 1767 1766 1764 1764 1765 1767 1769 1768 1766 1766 1767 1769 1771 1770 1768 1768 1769 1771 1773 1772 1770 1770 1771 1773 1775 1774 1772 1772 1773 1775 1777 1776 1774 1774 1775 1777 1741 1688 1563 1563 1778 1741 1782 1779 1780 1780 1781 1782 1786 1783 1784 1784 1785 1786 1790 1787 1788 1788 1789 1790 1794 1791 1792 1792 1793 1794 1798 1795 1796 1796 1797 1798 1801 1799 1795 1795 1800 1801 1805 1802 1803 1803 1804 1805 1809 1806 1807 1807 1808 1809 1813 1810 1811 1811 1812 1813 1817 1814 1815 1815 1816 1817 
						1821 1818 1819 1819 1820 1821 1823 1822 1814 1814 1817 1823 1827 1824 1825 1825 1826 1827 1831 1828 1829 1829 1830 1831 1835 1832 1833 1833 1834 1835 1838 1836 1832 1832 1837 1838 1842 1839 1840 1840 1841 1842 1846 1843 1844 1844 1845 1846 1850 1847 1848 1848 1849 1850 1785 1784 1851 1851 1852 1785 1856 1853 1854 1854 1855 1856 1860 1857 1858 1858 1859 1860 1864 1861 1862 1862 1863 1864 1868 1865 1866 1866 1867 1868 1872 1869 1870 1870 1871 1872 1874 1873 1869 1869 1872 1874 1876 1875 1873 1873 1874 1876 1880 1877 1878 1878 1879 1880 1884 1881 1882 1882 1883 1884 1888 1885 1886 1886 1887 1888 1892 1889 1890 1890 1891 1892 1894 1893 1885 1885 1888 1894 1898 1895 1896 1896 1897 1898 1902 1899 1900 1900 1901 1902 1906 1903 1904 1904 1905 1906 1910 1907 1908 1908 1909 1910 1914 1911 1912 1912 1913 1914 1918 1915 1916 1916 1917 1918 1922 1919 1920 1920 1921 1922 1859 1858 1923 1923 1924 1859 1926 1856 1855 1855 1925 1926 1928 1864 1863 1863 1927 1928 
						1930 1868 1867 1867 1929 1930 1932 1872 1871 1871 1931 1932 1933 1874 1872 1872 1932 1933 1934 1876 1874 1874 1933 1934 1936 1880 1879 1879 1935 1936 1938 1884 1883 1883 1937 1938 1942 1939 1940 1940 1941 1942 1944 1943 1939 1939 1942 1944 1946 1892 1891 1891 1945 1946 1948 1898 1897 1897 1947 1948 1950 1902 1901 1901 1949 1950 1952 1906 1905 1905 1951 1952 1954 1910 1909 1909 1953 1954 1956 1914 1913 1913 1955 1956 1958 1918 1917 1917 1957 1958 1960 1922 1921 1921 1959 1960 1962 1859 1924 1924 1961 1962 1963 1860 1859 1859 1962 1963 1967 1964 1965 1965 1966 1967 1971 1968 1969 1969 1970 1971 1975 1972 1973 1973 1974 1975 1979 1976 1977 1977 1978 1979 1974 1973 1980 1980 1981 1974 1985 1982 1983 1983 1984 1985 1987 1967 1966 1966 1986 1987 1991 1988 1989 1989 1990 1991 1993 1975 1974 1974 1992 1993 1997 1994 1995 1995 1996 1997 1992 1974 1981 1981 1998 1992 2002 1999 2000 2000 2001 2002 2006 2003 2004 2004 2005 2006 2010 2007 2008 2008 2009 2010 
						2014 2011 2012 2012 2013 2014 2016 2015 2003 2003 2006 2016 2013 2012 2017 2017 2018 2013 2022 2019 2020 2020 2021 2022 2026 2023 2024 2024 2025 2026 2030 2027 2028 2028 2029 2030 2034 2031 2032 2032 2033 2034 2036 2035 2023 2023 2026 2036 2033 2032 2037 2037 2038 2033 2042 2039 2040 2040 2041 2042 2046 2043 2044 2044 2045 2046 2050 2047 2048 2048 2049 2050 2054 2051 2052 2052 2053 2054 2058 2055 2056 2056 2057 2058 2062 2059 2060 2060 2061 2062 2066 2063 2064 2064 2065 2066 2070 2067 2068 2068 2069 2070 2074 2071 2072 2072 2073 2074 2078 2075 2076 2076 2077 2078 2082 2079 2080 2080 2081 2082 2086 2083 2084 2084 2085 2086 2090 2087 2088 2088 2089 2090 2094 2091 2092 2092 2093 2094 2098 2095 2096 2096 2097 2098 2102 2099 2100 2100 2101 2102 2106 2103 2104 2104 2105 2106 2110 2107 2108 2108 2109 2110 2114 2111 2112 2112 2113 2114 2118 2115 2116 2116 2117 2118 2122 2119 2120 2120 2121 2122 2126 2123 2124 2124 2125 2126 2130 2127 2128 2128 2129 2130 
						2134 2131 2132 2132 2133 2134 2138 2135 2136 2136 2137 2138 2142 2139 2140 2140 2141 2142 2146 2143 2144 2144 2145 2146 2150 2147 2148 2148 2149 2150 2154 2151 2152 2152 2153 2154 2158 2155 2156 2156 2157 2158 2162 2159 2160 2160 2161 2162 2166 2163 2164 2164 2165 2166 2170 2167 2168 2168 2169 2170 2174 2171 2172 2172 2173 2174 2178 2175 2176 2176 2177 2178 2182 2179 2180 2180 2181 2182 2186 2183 2184 2184 2185 2186 2190 2187 2188 2188 2189 2190 2194 2191 2192 2192 2193 2194 2198 2195 2196 2196 2197 2198 2202 2199 2200 2200 2201 2202 
					</p>
				</polylist>
			</mesh>
		</geometry>
		<geometry id="meshId6" name="meshId6_name" >
			<mesh>
				<source id="meshId6-positions" name="meshId6-positions">
					<float_array id="meshId6-positions-array" count="1995"> 
						-32.734615 0.000000 1.823129 -32.418911 0.000000 1.507427 -32.787891 2.210603 1.876409 -33.103596 2.210603 2.192112 -33.419296 2.210603 1.876411 -33.103592 2.210603 1.560709 -32.734615 0.000000 1.191727 -33.050312 0.000000 1.507427 -33.050312 0.000000 1.507427 -32.734615 0.000000 1.191727 -32.418911 0.000000 1.507427 -32.734615 0.000000 1.823129 -32.418911 0.000000 1.507427 -32.734615 0.000000 1.191727 -33.103592 2.210603 1.560709 -32.787891 2.210603 1.876409 -33.050312 0.000000 1.507427 -32.734615 0.000000 1.823129 -33.103596 2.210603 2.192112 -33.419296 2.210603 1.876411 -35.836411 0.000000 4.924928 -35.467434 2.210603 4.555946 -35.783131 2.210603 4.871648 -36.152111 0.000000 5.240630 -36.098831 2.210603 4.555950 -35.783131 2.210603 4.240247 -36.152111 0.000000 4.609227 -36.467812 0.000000 4.924929 -36.152111 0.000000 4.609227 -35.836411 0.000000 4.924928 -36.152111 0.000000 5.240630 -36.467812 0.000000 4.924929 -36.152111 0.000000 5.240630 -35.783131 2.210603 4.871648 -36.098831 2.210603 4.555950 -36.467812 0.000000 4.924929 -36.152111 0.000000 4.609227 -35.783131 2.210603 4.240247 -35.467434 2.210603 4.555946 -35.836411 0.000000 4.924928 -34.158154 8.528560 3.246670 -33.842449 8.528560 2.930968 -33.842449 8.649274 2.930968 -34.158154 8.649274 3.246670 -34.158150 8.528560 2.615267 -34.473854 8.528560 2.930969 -34.473854 8.649274 2.930969 -34.158150 8.649274 2.615267 -34.473854 8.528560 2.930969 -34.158154 8.528560 3.246670 -34.158154 8.649274 3.246670 -34.473854 8.649274 2.930969 -33.842449 8.528560 2.930968 -34.158150 8.528560 2.615267 -34.158150 8.649274 2.615267 -33.842449 8.649274 2.930968 -34.728573 8.528560 3.817090 -34.412872 8.528560 3.501388 -34.412872 8.649274 3.501388 -34.728573 8.649274 3.817090 -35.044273 8.528560 3.501390 -34.728573 8.528560 3.817090 -34.728573 8.649274 3.817090 -35.044273 8.649274 3.501390 
						-34.728573 8.528560 3.185687 -35.044273 8.528560 3.501390 -35.044273 8.649274 3.501390 -34.728573 8.649274 3.185687 -34.412872 8.528560 3.501388 -34.728573 8.528560 3.185687 -34.728573 8.649274 3.185687 -34.412872 8.649274 3.501388 -34.251663 9.462103 3.340182 -34.251663 9.015635 3.340182 -34.185246 9.006244 3.273764 -34.037804 9.349349 3.126320 -34.567364 9.462103 3.024481 -34.251663 9.462103 3.340182 -34.037804 9.349349 3.126320 -34.353504 9.349349 2.810620 -34.635063 9.462103 3.092175 -34.635063 9.015635 3.092175 -34.701481 9.006246 3.158595 -34.848923 9.349351 3.306037 -34.635063 9.015635 3.092175 -34.319359 9.015635 3.407876 -34.385777 9.006246 3.474296 -34.701481 9.006246 3.158595 -34.319359 9.462103 3.407876 -34.533218 9.349351 3.621738 -34.385777 9.006246 3.474296 -34.319359 9.015635 3.407876 -34.635063 9.462103 3.092175 -34.848923 9.349351 3.306037 -34.533218 9.349351 3.621738 -34.319359 9.462103 3.407876 -34.412636 8.790426 3.501152 -34.728279 8.794783 3.816799 -34.412872 8.649274 3.501388 -34.728573 8.649274 3.185687 -34.728336 8.790426 3.185451 -34.412636 8.790426 3.501152 -35.043983 8.794783 3.501098 -34.728336 8.790426 3.185451 -35.044273 8.649274 3.501390 -34.728573 8.649274 3.817090 -34.728279 8.794783 3.816799 -35.043983 8.794783 3.501098 -34.401745 8.916467 3.490264 -34.691605 9.075439 3.780123 -34.717445 8.916467 3.174563 -34.401745 8.916467 3.490264 -35.007305 9.075439 3.464422 -34.717445 8.916467 3.174563 -34.691605 9.075439 3.780123 -35.007305 9.075439 3.464422 -34.701481 9.006246 3.158595 -34.385777 9.006246 3.474296 -34.533218 9.349351 3.621738 -34.848923 9.349351 3.306037 -34.567364 9.462103 3.024481 -34.353504 9.349349 2.810620 -34.500946 9.006244 2.958063 -34.567364 9.015635 3.024481 -34.567364 9.015635 3.024481 -34.500946 9.006244 2.958063 -34.185246 9.006244 3.273764 -34.251663 9.015635 3.340182 
						-33.842449 8.649274 2.930968 -34.158150 8.649274 2.615267 -34.158443 8.794784 2.615559 -33.842747 8.794784 2.931259 -34.474091 8.790426 2.931205 -34.158443 8.794784 2.615559 -34.473854 8.649274 2.930969 -34.158154 8.649274 3.246670 -34.158390 8.790426 3.246906 -34.474091 8.790426 2.931205 -33.842747 8.794784 2.931259 -34.158390 8.790426 3.246906 -34.195122 9.075439 2.652236 -33.879421 9.075439 2.967937 -34.484978 8.916467 2.942095 -34.195122 9.075439 2.652236 -34.169277 8.916467 3.257796 -34.484978 8.916467 2.942095 -33.879421 9.075439 2.967937 -34.169277 8.916467 3.257796 -34.353504 9.349349 2.810620 -34.037804 9.349349 3.126320 -34.185246 9.006244 3.273764 -34.500946 9.006244 2.958063 -34.251663 9.462103 3.340182 -34.567364 9.462103 3.024481 -34.635063 9.462103 3.092175 -34.319359 9.462103 3.407876 -34.635063 9.015635 3.092175 -34.635063 9.462103 3.092175 -34.567364 9.015635 3.024481 -34.251663 9.015635 3.340182 -34.319359 9.015635 3.407876 -34.635063 9.015635 3.092175 -34.251663 9.015635 3.340182 -34.251663 9.462103 3.340182 -34.319359 9.462103 3.407876 -26.553148 0.000000 8.004594 -26.237446 0.000000 7.688893 -26.606426 2.210603 8.057874 -26.922131 2.210603 8.373576 -27.237831 2.210603 8.057875 -26.922131 2.210603 7.742173 -26.553148 0.000000 7.373192 -26.868851 0.000000 7.688893 -26.868851 0.000000 7.688893 -26.553148 0.000000 7.373192 -26.237446 0.000000 7.688893 -26.553148 0.000000 8.004594 -26.237446 0.000000 7.688893 -26.553148 0.000000 7.373192 -26.922131 2.210603 7.742173 -26.606426 2.210603 8.057874 -26.868851 0.000000 7.688893 -26.553148 0.000000 8.004594 -26.922131 2.210603 8.373576 -27.237831 2.210603 8.057875 -29.654945 0.000000 11.106393 -29.285967 2.210603 10.737411 -29.601665 2.210603 11.053112 -29.970650 0.000000 11.422095 -29.917370 2.210603 10.737414 -29.601669 2.210603 10.421712 -29.970650 0.000000 10.790692 
						-30.286350 0.000000 11.106394 -29.970650 0.000000 10.790692 -29.654945 0.000000 11.106393 -29.970650 0.000000 11.422095 -30.286350 0.000000 11.106394 -29.970650 0.000000 11.422095 -29.601665 2.210603 11.053112 -29.917370 2.210603 10.737414 -30.286350 0.000000 11.106394 -29.970650 0.000000 10.790692 -29.601669 2.210603 10.421712 -29.285967 2.210603 10.737411 -29.654945 0.000000 11.106393 -27.976688 8.528560 9.428135 -27.660988 8.528560 9.112433 -27.660988 8.649274 9.112433 -27.976688 8.649274 9.428135 -27.976688 8.528560 8.796732 -28.292389 8.528560 9.112434 -28.292389 8.649274 9.112434 -27.976688 8.649274 8.796732 -28.292389 8.528560 9.112434 -27.976688 8.528560 9.428135 -27.976688 8.649274 9.428135 -28.292389 8.649274 9.112434 -27.660988 8.528560 9.112433 -27.976688 8.528560 8.796732 -27.976688 8.649274 8.796732 -27.660988 8.649274 9.112433 -28.547108 8.528560 9.998555 -28.231407 8.528560 9.682853 -28.231407 8.649274 9.682853 -28.547108 8.649274 9.998555 -28.862810 8.528560 9.682854 -28.547108 8.528560 9.998555 -28.547108 8.649274 9.998555 -28.862810 8.649274 9.682854 -28.547108 8.528560 9.367152 -28.862810 8.528560 9.682854 -28.862810 8.649274 9.682854 -28.547108 8.649274 9.367152 -28.231407 8.528560 9.682853 -28.547108 8.528560 9.367152 -28.547108 8.649274 9.367152 -28.231407 8.649274 9.682853 -28.070202 9.462103 9.521646 -28.070202 9.015635 9.521646 -28.003784 9.006244 9.455229 -27.856340 9.349349 9.307785 -28.385902 9.462103 9.205946 -28.070202 9.462103 9.521646 -27.856340 9.349349 9.307785 -28.172039 9.349349 8.992085 -28.453596 9.462103 9.273640 -28.453596 9.015635 9.273640 -28.520016 9.006246 9.340059 -28.667459 9.349351 9.487502 -28.453596 9.015635 9.273640 -28.137894 9.015635 9.589341 -28.204315 9.006246 9.655760 -28.520016 9.006246 9.340059 -28.137894 9.462103 9.589341 -28.351757 9.349351 9.803203 -28.204315 9.006246 9.655760 
						-28.137894 9.015635 9.589341 -28.453596 9.462103 9.273640 -28.667459 9.349351 9.487502 -28.351757 9.349351 9.803203 -28.137894 9.462103 9.589341 -28.231171 8.790426 9.682617 -28.546818 8.794783 9.998264 -28.231407 8.649274 9.682853 -28.547108 8.649274 9.367152 -28.546871 8.790426 9.366916 -28.231171 8.790426 9.682617 -28.862520 8.794783 9.682563 -28.546871 8.790426 9.366916 -28.862810 8.649274 9.682854 -28.547108 8.649274 9.998555 -28.546818 8.794783 9.998264 -28.862520 8.794783 9.682563 -28.220284 8.916467 9.671729 -28.510141 9.075439 9.961587 -28.535984 8.916467 9.356028 -28.220284 8.916467 9.671729 -28.825844 9.075439 9.645886 -28.535984 8.916467 9.356028 -28.510141 9.075439 9.961587 -28.825844 9.075439 9.645886 -28.520016 9.006246 9.340059 -28.204315 9.006246 9.655760 -28.351757 9.349351 9.803203 -28.667459 9.349351 9.487502 -28.385902 9.462103 9.205946 -28.172039 9.349349 8.992085 -28.319485 9.006244 9.139528 -28.385902 9.015635 9.205946 -28.385902 9.015635 9.205946 -28.319485 9.006244 9.139528 -28.003784 9.006244 9.455229 -28.070202 9.015635 9.521646 -27.660988 8.649274 9.112433 -27.976688 8.649274 8.796732 -27.976978 8.794784 8.797023 -27.661280 8.794784 9.112724 -28.292625 8.790426 9.112670 -27.976978 8.794784 8.797023 -28.292389 8.649274 9.112434 -27.976688 8.649274 9.428135 -27.976925 8.790426 9.428371 -28.292625 8.790426 9.112670 -27.661280 8.794784 9.112724 -27.976925 8.790426 9.428371 -28.013657 9.075439 8.833701 -27.697956 9.075439 9.149402 -28.303516 8.916467 9.123559 -28.013657 9.075439 8.833701 -27.987812 8.916467 9.439260 -28.303516 8.916467 9.123559 -27.697956 9.075439 9.149402 -27.987812 8.916467 9.439260 -28.172039 9.349349 8.992085 -27.856340 9.349349 9.307785 -28.003784 9.006244 9.455229 -28.319485 9.006244 9.139528 -28.070202 9.462103 9.521646 -28.385902 9.462103 9.205946 -28.453596 9.462103 9.273640 
						-28.137894 9.462103 9.589341 -28.385902 9.015635 9.205946 -28.070202 9.015635 9.521646 -28.137894 9.015635 9.589341 -28.453596 9.015635 9.273640 -34.331497 7.675704 2.788614 -34.015800 7.675704 3.104316 -34.158154 8.528560 3.246670 -34.473854 8.528560 2.930969 -34.015797 7.675704 2.472912 -34.331497 7.675704 2.788614 -33.700096 7.675704 2.788614 -34.015797 7.675704 2.472912 -34.158150 8.528560 2.615267 -33.842449 8.528560 2.930968 -34.015800 7.675704 3.104316 -33.700096 7.675704 2.788614 -35.186626 7.675704 3.643743 -34.870926 7.675704 3.959444 -34.728573 8.528560 3.817090 -35.044273 8.528560 3.501390 -34.870926 7.675704 3.328041 -35.186626 7.675704 3.643743 -34.555229 7.675704 3.643742 -34.870926 7.675704 3.328041 -34.728573 8.528560 3.185687 -34.412872 8.528560 3.501388 -34.870926 7.675704 3.959444 -34.555229 7.675704 3.643742 -28.150036 7.675704 8.970079 -27.834335 7.675704 9.285781 -27.976688 8.528560 9.428135 -28.292389 8.528560 9.112434 -27.834333 7.675704 8.654377 -28.150036 7.675704 8.970079 -27.518635 7.675704 8.970079 -27.834333 7.675704 8.654377 -27.976688 8.528560 8.796732 -27.660988 8.528560 9.112433 -27.834335 7.675704 9.285781 -27.518635 7.675704 8.970079 -29.005165 7.675704 9.825208 -28.689465 7.675704 10.140909 -28.547108 8.528560 9.998555 -28.862810 8.528560 9.682854 -28.689461 7.675704 9.509506 -29.005165 7.675704 9.825208 -28.373762 7.675704 9.825207 -28.689461 7.675704 9.509506 -28.547108 8.528560 9.367152 -28.231407 8.528560 9.682853 -28.689465 7.675704 10.140909 -28.373762 7.675704 9.825207 -29.452322 6.204297 10.272365 -29.136616 6.204297 10.588066 -28.880383 7.739438 10.331829 -29.196083 7.739438 10.016127 -28.945702 6.140563 9.765744 -29.261402 6.140563 10.081446 -28.629997 6.140563 10.081443 -28.945702 6.140563 9.765744 -28.945702 6.140563 10.397145 -28.629997 6.140563 10.081443 -27.893799 6.140563 8.713842 
						-27.578098 6.140563 9.029544 -27.578094 6.140563 8.398140 -27.893799 6.140563 8.713842 -27.071476 6.204297 8.522924 -27.387177 6.204297 8.207222 -27.643414 7.739438 8.463459 -27.327713 7.739438 8.779162 -27.578098 6.140563 9.029544 -27.262394 6.140563 8.713841 -34.075260 6.140563 2.532378 -33.759563 6.140563 2.848080 -33.759560 6.140563 2.216675 -34.075260 6.140563 2.532378 -33.252937 6.204297 2.341457 -33.568642 6.204297 2.025755 -33.824879 7.739438 2.281993 -33.509178 7.739438 2.597695 -33.759563 6.140563 2.848080 -33.443859 6.140563 2.532376 -35.633785 6.204297 4.090901 -35.318081 6.204297 4.406600 -35.061848 7.739438 4.150363 -35.377544 7.739438 3.834663 -35.127163 6.140563 3.584279 -35.442863 6.140563 3.899981 -34.811462 6.140563 3.899979 -35.127163 6.140563 3.584279 -35.127163 6.140563 4.215681 -34.811462 6.140563 3.899979 -33.665283 3.684338 2.122399 -33.349583 3.684338 2.438099 -33.349579 3.684338 1.806696 -33.665283 3.684338 2.122399 -33.033878 3.684338 2.122397 -33.349579 3.684338 1.806696 -33.759560 6.140563 2.216675 -33.443859 6.140563 2.532376 -33.349583 3.684338 2.438099 -33.033878 3.684338 2.122397 -32.596973 2.274338 1.685490 -32.912674 2.274338 1.369789 -33.158661 3.748073 1.615777 -32.842960 3.748073 1.931478 -35.852844 3.684338 4.309961 -35.537144 3.684338 4.625660 -35.127163 6.140563 4.215681 -35.442863 6.140563 3.899981 -35.537144 3.684338 3.994260 -35.852844 3.684338 4.309961 -35.221439 3.684338 4.309958 -35.537144 3.684338 3.994260 -35.537144 3.684338 4.625660 -35.221439 3.684338 4.309958 -36.289753 2.274338 4.746869 -35.974049 2.274338 5.062567 -35.728062 3.748073 4.816579 -36.043766 3.748073 4.500881 -27.483818 3.684338 8.303863 -27.168119 3.684338 8.619564 -27.168118 3.684338 7.988161 -27.483818 3.684338 8.303863 -26.852417 3.684338 8.303862 -27.168118 3.684338 7.988161 -27.578094 6.140563 8.398140 
						-27.262394 6.140563 8.713841 -27.168119 3.684338 8.619564 -26.852417 3.684338 8.303862 -26.415508 2.274338 7.866955 -26.731209 2.274338 7.551254 -26.977200 3.748073 7.797242 -26.661497 3.748073 8.112943 -29.671383 3.684338 10.491426 -29.355679 3.684338 10.807124 -28.945702 6.140563 10.397145 -29.261402 6.140563 10.081446 -29.355679 3.684338 10.175724 -29.671383 3.684338 10.491426 -29.039978 3.684338 10.491423 -29.355679 3.684338 10.175724 -29.355679 3.684338 10.807124 -29.039978 3.684338 10.491423 -29.261402 6.140563 10.081446 -28.945702 6.140563 10.397145 -29.136616 6.204297 10.588066 -29.452322 6.204297 10.272365 -28.245213 6.140563 11.097631 -27.988977 7.675704 10.841395 -28.179897 7.739438 11.032314 -28.436134 6.204297 11.288551 -28.689465 7.675704 10.140909 -29.005165 7.675704 9.825208 -29.196083 7.739438 10.016127 -28.880383 7.739438 10.331829 -27.262394 6.140563 8.713841 -27.578094 6.140563 8.398140 -27.387177 6.204297 8.207222 -27.071476 6.204297 8.522924 -27.834333 7.675704 8.654377 -27.518635 7.675704 8.970079 -27.327713 7.739438 8.779162 -27.643414 7.739438 8.463459 -26.818146 7.675704 9.670565 -26.561911 6.140563 9.414327 -26.370993 6.204297 9.223409 -26.627228 7.739438 9.479647 -33.443859 6.140563 2.532376 -33.759560 6.140563 2.216675 -33.568642 6.204297 2.025755 -33.252937 6.204297 2.341457 -34.460045 6.140563 1.516191 -34.716282 7.675704 1.772427 -34.525360 7.739438 1.581508 -34.269127 6.204297 1.325272 -34.015797 7.675704 2.472912 -33.700096 7.675704 2.788614 -33.509178 7.739438 2.597695 -33.824879 7.739438 2.281993 -35.442863 6.140563 3.899981 -35.127163 6.140563 4.215681 -35.318081 6.204297 4.406600 -35.633785 6.204297 4.090901 -34.870926 7.675704 3.959444 -35.186626 7.675704 3.643743 -35.377544 7.739438 3.834663 -35.061848 7.739438 4.150363 -35.887112 7.675704 2.943259 -36.143349 6.140563 3.199497 -36.334270 6.204297 3.390416 
						-36.078033 7.739438 3.134178 -32.787891 2.210603 1.876409 -33.103592 2.210603 1.560709 -32.912674 2.274338 1.369789 -32.596973 2.274338 1.685490 -33.804077 2.210603 0.860224 -34.050064 3.684338 1.106212 -33.859146 3.748073 0.915293 -33.613159 2.274338 0.669304 -33.349579 3.684338 1.806696 -33.033878 3.684338 2.122397 -32.842960 3.748073 1.931478 -33.158661 3.748073 1.615777 -36.098831 2.210603 4.555950 -35.783131 2.210603 4.871648 -35.974049 2.274338 5.062567 -36.289753 2.274338 4.746869 -35.537144 3.684338 4.625660 -35.852844 3.684338 4.309961 -36.043766 3.748073 4.500881 -35.728062 3.748073 4.816579 -36.553329 3.684338 3.609477 -36.799316 2.210603 3.855465 -36.990238 2.274338 4.046384 -36.744247 3.748073 3.800396 -26.606426 2.210603 8.057874 -26.922131 2.210603 7.742173 -26.731209 2.274338 7.551254 -26.415508 2.274338 7.866955 -27.168118 3.684338 7.988161 -26.852417 3.684338 8.303862 -26.661497 3.748073 8.112943 -26.977200 3.748073 7.797242 -26.151932 3.684338 9.004348 -25.905941 2.210603 8.758360 -25.715021 2.274338 8.567441 -25.961010 3.748073 8.813429 -33.033878 3.684338 2.122397 -32.787891 2.210603 1.876409 -26.922131 2.210603 7.742173 -27.168118 3.684338 7.988161 -29.452322 6.204297 10.272365 -29.005165 7.675704 9.825208 -29.261402 6.140563 10.081446 -35.127163 6.140563 4.215681 -34.870926 7.675704 3.959444 -29.546543 3.748055 10.997996 -29.862251 3.748055 10.682297 -30.108238 2.274320 10.928285 -29.792534 2.274320 11.243984 -29.355679 3.684338 10.807124 -29.671383 3.684338 10.491426 -29.862251 3.748055 10.682297 -29.546543 3.748055 10.997996 -29.917370 2.210603 10.737414 -29.601665 2.210603 11.053112 -29.792534 2.274320 11.243984 -30.108238 2.274320 10.928285 -28.901180 2.210603 11.753598 -28.655193 3.684338 11.507610 -28.846058 3.748055 11.698482 -29.092049 2.274320 11.944470 -30.108238 2.274320 10.928285 -35.783131 2.210603 4.871648 
						-35.537144 3.684338 4.625660 -29.671383 3.684338 10.491426 -29.917370 2.210603 10.737414 -28.945702 6.140563 10.397145 -28.689465 7.675704 10.140909 -27.988977 7.675704 10.841395 -28.245213 6.140563 11.097631 -28.179897 7.739438 11.032314 -27.988977 7.675704 10.841395 -28.436134 6.204297 11.288551 -28.179897 7.739438 11.032314 -28.945702 6.140563 10.397145 -28.245213 6.140563 11.097631 -28.436134 6.204297 11.288551 -27.518635 7.675704 8.970079 -27.262394 6.140563 8.713841 -26.561911 6.140563 9.414327 -26.818146 7.675704 9.670565 -26.370993 6.204297 9.223409 -26.561911 6.140563 9.414327 -26.627228 7.739438 9.479647 -26.370993 6.204297 9.223409 -26.818146 7.675704 9.670565 -26.627228 7.739438 9.479647 -33.759560 6.140563 2.216675 -34.015797 7.675704 2.472912 -34.716282 7.675704 1.772427 -34.460045 6.140563 1.516191 -34.525360 7.739438 1.581508 -34.716282 7.675704 1.772427 -34.269127 6.204297 1.325272 -34.525360 7.739438 1.581508 -34.460045 6.140563 1.516191 -34.269127 6.204297 1.325272 -35.186626 7.675704 3.643743 -35.442863 6.140563 3.899981 -36.143349 6.140563 3.199497 -35.887112 7.675704 2.943259 -36.334270 6.204297 3.390416 -36.143349 6.140563 3.199497 -36.078033 7.739438 3.134178 -36.334270 6.204297 3.390416 -35.887112 7.675704 2.943259 -36.078033 7.739438 3.134178 -33.103592 2.210603 1.560709 -33.349579 3.684338 1.806696 -34.050064 3.684338 1.106212 -33.804077 2.210603 0.860224 -33.859146 3.748073 0.915293 -34.050064 3.684338 1.106212 -33.613159 2.274338 0.669304 -33.859146 3.748073 0.915293 -33.804077 2.210603 0.860224 -33.613159 2.274338 0.669304 -35.852844 3.684338 4.309961 -36.098831 2.210603 4.555950 -36.799316 2.210603 3.855465 -36.553329 3.684338 3.609477 -36.990238 2.274338 4.046384 -36.799316 2.210603 3.855465 -36.744247 3.748073 3.800396 -36.990238 2.274338 4.046384 -36.553329 3.684338 3.609477 -36.744247 3.748073 3.800396 
						-26.852417 3.684338 8.303862 -26.606426 2.210603 8.057874 -25.905941 2.210603 8.758360 -26.151932 3.684338 9.004348 -25.715021 2.274338 8.567441 -25.905941 2.210603 8.758360 -25.961010 3.748073 8.813429 -25.715021 2.274338 8.567441 -26.151932 3.684338 9.004348 -25.961010 3.748073 8.813429 -29.601665 2.210603 11.053112 -29.355679 3.684338 10.807124 -28.655193 3.684338 11.507610 -28.901180 2.210603 11.753598 -28.846058 3.748055 11.698482 -28.655193 3.684338 11.507610 -29.092049 2.274320 11.944470 -28.846058 3.748055 11.698482 -29.601665 2.210603 11.053112 -28.901180 2.210603 11.753598 -29.092049 2.274320 11.944470 -27.578094 6.140563 8.398140 -27.834333 7.675704 8.654377 -33.700096 7.675704 2.788614 -33.443859 6.140563 2.532376 
					</float_array>
					<technique_common>
						<accessor count="665" offset="0" source="#meshId6-positions-array" stride="3">
							<param name="X" type="float" />
							<param name="Y" type="float" />
							<param name="Z" type="float" />
						</accessor>
					</technique_common>
				</source>
				<source id="meshId6-normals" name="meshId6-normals">
					<float_array id="meshId6-normals-array" count="1995"> 
						0.707107 0.000000 0.707107 0.707107 0.000000 0.707107 0.707107 0.000000 0.707107 0.707107 0.000000 0.707107 -0.707107 0.000000 -0.707107 -0.707107 0.000000 -0.707107 -0.707107 0.000000 -0.707107 -0.707107 0.000000 -0.707107 0.000000 -1.000000 0.000000 0.000000 -1.000000 0.000000 0.000000 -1.000000 0.000000 0.000000 -1.000000 0.000000 0.688193 0.229738 -0.688193 0.688193 0.229738 -0.688193 0.688193 0.229738 -0.688193 0.688193 0.229738 -0.688193 -0.688193 -0.229739 0.688193 -0.688193 -0.229739 0.688193 -0.688193 -0.229739 0.688193 -0.688193 -0.229739 0.688193 0.707107 0.000000 0.707107 0.707107 0.000000 0.707107 0.707107 0.000000 0.707107 0.707107 0.000000 0.707107 -0.707107 0.000000 -0.707107 -0.707107 0.000000 -0.707107 -0.707107 0.000000 -0.707107 -0.707107 0.000000 -0.707107 0.000000 -1.000000 0.000000 0.000000 -1.000000 0.000000 0.000000 -1.000000 0.000000 0.000000 -1.000000 0.000000 -0.688191 0.229738 0.688196 -0.688191 0.229738 0.688196 -0.688191 0.229738 0.688196 -0.688191 0.229738 0.688196 0.688192 -0.229738 -0.688195 0.688191 -0.229739 -0.688195 0.688191 -0.229739 -0.688195 0.688192 -0.229738 -0.688195 0.707107 0.000000 0.707107 0.707107 0.000000 0.707107 0.707107 0.000000 0.707107 0.707107 0.000000 0.707107 -0.707107 0.000000 -0.707107 -0.707107 0.000000 -0.707107 -0.707107 0.000000 -0.707107 -0.707107 0.000000 -0.707107 -0.707107 0.000000 0.707107 -0.707107 0.000000 0.707107 -0.707107 0.000000 0.707107 -0.707107 0.000000 0.707107 0.707107 0.000000 -0.707107 0.707107 0.000000 -0.707107 0.707107 0.000000 -0.707107 0.707107 0.000000 -0.707107 0.707107 0.000000 0.707107 0.707107 0.000000 0.707107 0.707107 0.000000 0.707107 0.707107 0.000000 0.707107 -0.707107 0.000000 0.707107 -0.707107 0.000000 0.707107 -0.707107 0.000000 0.707107 -0.707107 0.000000 0.707107 
						-0.707107 0.000000 -0.707107 -0.707107 0.000000 -0.707107 -0.707107 0.000000 -0.707107 -0.707107 0.000000 -0.707107 0.707107 0.000000 -0.707107 0.707107 0.000000 -0.707107 0.707107 0.000000 -0.707107 0.707107 0.000000 -0.707107 0.707104 0.000000 0.707109 0.707104 0.000000 0.707109 0.707106 0.000000 0.707108 0.707106 0.000000 0.707108 0.247007 0.937003 -0.247007 0.247007 0.937003 -0.247007 0.418588 0.805958 -0.418588 0.418588 0.805958 -0.418588 -0.707108 0.000000 -0.707106 -0.707108 0.000000 -0.707106 -0.707107 0.000000 -0.707106 -0.707107 0.000000 -0.707106 0.070328 -0.995042 -0.070328 0.070328 -0.995042 -0.070328 0.458306 -0.761519 -0.458306 0.458306 -0.761519 -0.458306 0.707109 0.000000 0.707105 0.707107 0.000000 0.707107 0.707107 0.000000 0.707107 0.707109 0.000000 0.707105 -0.247003 0.937005 0.247003 -0.418587 0.805959 0.418587 -0.418587 0.805959 0.418587 -0.247003 0.937005 0.247003 0.707107 0.000000 0.707107 0.707107 0.000000 0.707107 0.707105 -0.002361 -0.707105 0.707105 -0.002361 -0.707105 0.705884 -0.058777 -0.705884 0.705884 -0.058777 -0.705884 -0.707107 0.000000 -0.707106 -0.707107 0.000000 -0.707106 -0.707104 0.002833 0.707104 -0.707104 0.002833 0.707104 -0.701845 0.121767 0.701845 -0.701845 0.121767 0.701845 0.707105 0.000000 0.707108 0.707105 0.000000 0.707108 0.696405 -0.173321 -0.696405 0.696405 -0.173321 -0.696405 -0.707108 0.000000 -0.707106 -0.707108 0.000000 -0.707106 -0.633105 0.445372 0.633105 -0.633105 0.445372 0.633105 0.458306 -0.761519 -0.458306 0.458306 -0.761519 -0.458306 -0.418587 0.805959 0.418587 -0.418587 0.805959 0.418587 -0.707107 0.000000 -0.707107 -0.707107 0.000000 -0.707107 -0.707107 0.000000 -0.707107 -0.707107 0.000000 -0.707107 -0.070344 -0.995039 0.070344 -0.458311 -0.761513 0.458311 -0.458311 -0.761513 0.458311 -0.070344 -0.995039 0.070344 
						0.707104 0.002818 -0.707104 0.707104 0.002818 -0.707104 0.701845 0.121766 -0.701845 0.701845 0.121766 -0.701845 -0.707106 0.000000 -0.707107 -0.707106 0.000000 -0.707107 -0.707105 -0.002361 0.707105 -0.707105 -0.002361 0.707105 -0.705884 -0.058785 0.705884 -0.705884 -0.058785 0.705884 0.707106 0.000000 0.707108 0.707106 0.000000 0.707108 0.633105 0.445373 -0.633105 0.633105 0.445373 -0.633105 -0.707106 0.000000 -0.707107 -0.707106 0.000000 -0.707107 -0.696404 -0.173332 0.696404 -0.696404 -0.173332 0.696404 0.707106 0.000000 0.707107 0.707106 0.000000 0.707107 0.418588 0.805958 -0.418588 0.418588 0.805958 -0.418588 -0.458311 -0.761513 0.458311 -0.458311 -0.761513 0.458311 0.000000 1.000000 0.000000 0.000000 1.000000 0.000000 0.000000 1.000000 0.000000 0.000000 1.000000 0.000000 -0.707107 0.000000 -0.707107 -0.707107 0.000000 -0.707107 0.000000 -1.000000 0.000000 0.000000 -1.000000 0.000000 0.000000 -1.000000 0.000000 0.000000 -1.000000 0.000000 0.707107 0.000000 0.707107 0.707107 0.000000 0.707107 0.707107 0.000000 0.707107 0.707107 0.000000 0.707107 0.707107 0.000000 0.707107 0.707107 0.000000 0.707107 0.707107 0.000000 0.707107 -0.707107 0.000000 -0.707107 -0.707107 0.000000 -0.707107 -0.707107 0.000000 -0.707107 -0.707107 0.000000 -0.707107 0.000000 -1.000000 0.000000 0.000000 -1.000000 0.000000 0.000000 -1.000000 0.000000 0.000000 -1.000000 0.000000 0.688193 0.229738 -0.688193 0.688193 0.229738 -0.688193 0.688193 0.229738 -0.688193 0.688193 0.229738 -0.688193 -0.688193 -0.229739 0.688193 -0.688193 -0.229739 0.688193 -0.688193 -0.229739 0.688193 -0.688193 -0.229739 0.688193 0.707107 0.000000 0.707107 0.707107 0.000000 0.707107 0.707107 0.000000 0.707107 0.707107 0.000000 0.707107 -0.707107 0.000000 -0.707107 -0.707107 0.000000 -0.707107 -0.707107 0.000000 -0.707107 
						-0.707107 0.000000 -0.707107 0.000000 -1.000000 0.000000 0.000000 -1.000000 0.000000 0.000000 -1.000000 0.000000 0.000000 -1.000000 0.000000 -0.688191 0.229738 0.688196 -0.688191 0.229738 0.688196 -0.688191 0.229738 0.688196 -0.688191 0.229738 0.688196 0.688192 -0.229738 -0.688195 0.688192 -0.229738 -0.688195 0.688192 -0.229738 -0.688195 0.688192 -0.229738 -0.688195 0.707107 0.000000 0.707107 0.707107 0.000000 0.707107 0.707107 0.000000 0.707107 0.707107 0.000000 0.707107 -0.707107 0.000000 -0.707107 -0.707107 0.000000 -0.707107 -0.707107 0.000000 -0.707107 -0.707107 0.000000 -0.707107 -0.707107 0.000000 0.707107 -0.707107 0.000000 0.707107 -0.707107 0.000000 0.707107 -0.707107 0.000000 0.707107 0.707107 0.000000 -0.707107 0.707107 0.000000 -0.707107 0.707107 0.000000 -0.707107 0.707107 0.000000 -0.707107 0.707107 0.000000 0.707107 0.707107 0.000000 0.707107 0.707107 0.000000 0.707107 0.707107 0.000000 0.707107 -0.707107 0.000000 0.707107 -0.707107 0.000000 0.707107 -0.707107 0.000000 0.707107 -0.707107 0.000000 0.707107 -0.707107 0.000000 -0.707107 -0.707107 0.000000 -0.707107 -0.707107 0.000000 -0.707107 -0.707107 0.000000 -0.707107 0.707107 0.000000 -0.707107 0.707107 0.000000 -0.707107 0.707107 0.000000 -0.707107 0.707107 0.000000 -0.707107 0.707107 0.000000 0.707107 0.707107 0.000000 0.707107 0.707107 0.000000 0.707107 0.707107 0.000000 0.707107 0.247007 0.937003 -0.247007 0.247007 0.937003 -0.247007 0.418588 0.805958 -0.418588 0.418588 0.805958 -0.418588 -0.707107 0.000000 -0.707107 -0.707107 0.000000 -0.707107 -0.707107 0.000000 -0.707107 -0.707107 0.000000 -0.707107 0.070328 -0.995042 -0.070328 0.070328 -0.995042 -0.070328 0.458306 -0.761519 -0.458306 0.458306 -0.761519 -0.458306 0.707107 0.000000 0.707107 0.707107 0.000000 0.707107 0.707107 0.000000 0.707107 
						0.707107 0.000000 0.707107 -0.247003 0.937005 0.247003 -0.418587 0.805959 0.418587 -0.418587 0.805959 0.418587 -0.247003 0.937005 0.247003 0.707107 0.000000 0.707107 0.707107 0.000000 0.707107 0.707105 -0.002361 -0.707105 0.707105 -0.002361 -0.707105 0.705884 -0.058777 -0.705884 0.705884 -0.058777 -0.705884 -0.707107 0.000000 -0.707107 -0.707107 0.000000 -0.707107 -0.707104 0.002833 0.707104 -0.707104 0.002833 0.707104 -0.701845 0.121766 0.701845 -0.701845 0.121766 0.701845 0.707107 0.000000 0.707107 0.707107 0.000000 0.707107 0.696405 -0.173321 -0.696405 0.696405 -0.173321 -0.696405 -0.707107 0.000000 -0.707107 -0.707107 0.000000 -0.707107 -0.633105 0.445372 0.633105 -0.633105 0.445372 0.633105 0.458306 -0.761519 -0.458306 0.458306 -0.761519 -0.458306 -0.418587 0.805959 0.418587 -0.418587 0.805959 0.418587 -0.707107 0.000000 -0.707107 -0.707107 0.000000 -0.707107 -0.707107 0.000000 -0.707107 -0.707107 0.000000 -0.707107 -0.070344 -0.995039 0.070344 -0.458311 -0.761513 0.458311 -0.458311 -0.761513 0.458311 -0.070344 -0.995039 0.070344 0.707104 0.002818 -0.707104 0.707104 0.002818 -0.707104 0.701845 0.121766 -0.701845 0.701845 0.121766 -0.701845 -0.707107 0.000000 -0.707107 -0.707107 0.000000 -0.707107 -0.707105 -0.002361 0.707105 -0.707105 -0.002361 0.707105 -0.705884 -0.058785 0.705884 -0.705884 -0.058785 0.705884 0.707107 0.000000 0.707107 0.707107 0.000000 0.707107 0.633104 0.445374 -0.633104 0.633104 0.445374 -0.633104 -0.707107 0.000000 -0.707107 -0.707107 0.000000 -0.707107 -0.696404 -0.173332 0.696404 -0.696404 -0.173332 0.696404 0.707107 0.000000 0.707107 0.707107 0.000000 0.707107 0.418588 0.805958 -0.418588 0.418588 0.805958 -0.418588 -0.458311 -0.761513 0.458311 -0.458311 -0.761513 0.458311 0.000000 1.000000 0.000000 0.000000 1.000000 0.000000 0.000000 1.000000 0.000000 
						0.000000 1.000000 0.000000 0.000000 -1.000000 0.000000 0.000000 -1.000000 0.000000 0.000000 -1.000000 0.000000 0.000000 -1.000000 0.000000 -0.688196 -0.229739 0.688191 -0.688196 -0.229739 0.688191 -0.688195 -0.229737 0.688192 -0.688195 -0.229737 0.688192 -0.707107 0.000000 -0.707107 -0.707107 0.000000 -0.707107 0.688194 0.229742 -0.688192 0.688194 0.229742 -0.688192 0.688194 0.229742 -0.688192 0.688194 0.229742 -0.688192 0.707107 0.000000 0.707107 0.707107 0.000000 0.707107 -0.688194 0.229737 0.688194 -0.688194 0.229737 0.688194 -0.688194 0.229737 0.688194 -0.688194 0.229737 0.688194 -0.707107 0.000000 -0.707107 -0.707107 0.000000 -0.707107 0.688192 -0.229739 -0.688194 0.688192 -0.229739 -0.688194 0.688193 -0.229739 -0.688193 0.688193 -0.229739 -0.688193 0.707107 0.000000 0.707107 0.707107 0.000000 0.707107 -0.688196 -0.229739 0.688191 -0.688196 -0.229739 0.688191 -0.688195 -0.229737 0.688192 -0.688195 -0.229737 0.688192 -0.707107 0.000000 -0.707107 -0.707107 0.000000 -0.707107 0.688194 0.229742 -0.688192 0.688194 0.229742 -0.688191 0.688194 0.229742 -0.688191 0.688194 0.229742 -0.688191 0.707107 0.000000 0.707107 0.707107 0.000000 0.707107 -0.688194 0.229737 0.688194 -0.688194 0.229737 0.688194 -0.688194 0.229737 0.688194 -0.688194 0.229737 0.688194 -0.707107 0.000000 -0.707107 -0.707107 0.000000 -0.707107 0.688192 -0.229739 -0.688194 0.688192 -0.229739 -0.688194 0.688193 -0.229740 -0.688193 0.688193 -0.229740 -0.688193 0.707107 0.000000 0.707107 0.707107 0.000000 0.707107 -0.688192 0.229740 0.688195 -0.688192 0.229740 0.688195 -0.688192 0.229740 0.688195 -0.688192 0.229740 0.688195 -0.707107 0.000000 -0.707107 -0.707107 0.000000 -0.707107 0.688191 -0.229739 -0.688196 0.688191 -0.229739 -0.688196 0.707107 0.000000 0.707107 0.707107 0.000000 0.707107 -0.688195 -0.229739 0.688191 
						-0.688195 -0.229739 0.688191 -0.707107 0.000000 -0.707107 -0.707107 0.000000 -0.707107 0.688195 0.229740 -0.688192 0.688195 0.229740 -0.688192 0.688195 0.229740 -0.688192 0.688195 0.229740 -0.688192 0.707107 0.000000 0.707107 0.707107 0.000000 0.707107 -0.688195 -0.229739 0.688191 -0.688195 -0.229739 0.688191 -0.707107 0.000000 -0.707107 -0.707107 0.000000 -0.707107 0.688195 0.229739 -0.688192 0.688195 0.229739 -0.688192 0.688195 0.229739 -0.688192 0.688195 0.229739 -0.688192 0.707107 0.000000 0.707107 0.707107 0.000000 0.707107 -0.688192 0.229739 0.688195 -0.688192 0.229739 0.688195 -0.688192 0.229739 0.688195 -0.688192 0.229739 0.688195 -0.707107 0.000000 -0.707107 -0.707107 0.000000 -0.707107 0.688191 -0.229739 -0.688196 0.688191 -0.229739 -0.688196 0.707107 0.000000 0.707107 0.707107 0.000000 0.707107 -0.688194 -0.229739 0.688192 -0.688194 -0.229739 0.688192 -0.707107 0.000000 -0.707107 -0.707107 0.000000 -0.707107 0.688193 0.229739 -0.688193 0.688193 0.229739 -0.688193 0.688193 0.229739 -0.688193 0.688193 0.229739 -0.688193 0.707107 0.000000 0.707107 0.707107 0.000000 0.707107 0.688193 0.229739 -0.688193 0.688193 0.229739 -0.688193 0.688193 0.229739 -0.688193 0.688193 0.229739 -0.688193 -0.688189 0.229738 0.688198 -0.688189 0.229738 0.688198 -0.688189 0.229738 0.688198 -0.688189 0.229738 0.688198 -0.707107 0.000000 -0.707107 -0.707107 0.000000 -0.707107 0.688190 -0.229739 -0.688196 0.688190 -0.229739 -0.688196 0.707107 0.000000 0.707107 0.707107 0.000000 0.707107 -0.688188 0.229738 0.688199 -0.688188 0.229738 0.688199 -0.688188 0.229738 0.688199 -0.688188 0.229738 0.688199 -0.688194 -0.229739 0.688192 -0.688194 -0.229739 0.688192 -0.707107 0.000000 -0.707107 -0.707107 0.000000 -0.707107 0.688193 0.229739 -0.688193 0.688193 0.229739 -0.688193 0.688193 0.229739 -0.688193 
						0.688193 0.229739 -0.688193 0.707107 0.000000 0.707107 0.707107 0.000000 0.707107 0.688193 0.229739 -0.688193 0.688193 0.229739 -0.688193 0.688193 0.229739 -0.688193 0.688193 0.229739 -0.688193 -0.688189 0.229738 0.688198 -0.688189 0.229738 0.688198 -0.688189 0.229738 0.688198 -0.688189 0.229738 0.688198 -0.707107 0.000000 -0.707107 -0.707107 0.000000 -0.707107 0.688190 -0.229739 -0.688196 0.688190 -0.229740 -0.688196 0.707107 0.000000 0.707107 0.707107 0.000000 0.707107 -0.162449 -0.973252 0.162451 -0.162449 -0.973252 0.162451 -0.162449 -0.973252 0.162451 -0.162449 -0.973252 0.162451 0.707107 0.000000 0.707107 0.707107 0.000000 0.707107 0.707107 0.000000 0.707107 0.707107 0.000000 0.707107 0.162449 0.973253 -0.162449 0.162449 0.973253 -0.162449 0.162449 0.973253 -0.162449 0.162449 0.973253 -0.162449 0.162450 -0.973252 -0.162450 0.162450 -0.973252 -0.162450 0.162450 -0.973252 -0.162450 0.162450 -0.973252 -0.162450 -0.162453 0.973252 0.162450 -0.162453 0.973252 0.162450 -0.162453 0.973252 0.162450 -0.162453 0.973252 0.162450 0.707107 0.000000 0.707107 0.707107 0.000000 0.707107 0.707107 0.000000 0.707107 0.707107 0.000000 0.707107 0.162448 -0.973253 -0.162448 0.162448 -0.973253 -0.162448 0.162448 -0.973253 -0.162448 0.162448 -0.973253 -0.162448 -0.707106 0.000000 -0.707107 -0.707106 0.000000 -0.707107 -0.707106 0.000000 -0.707107 -0.707106 0.000000 -0.707107 -0.162451 0.973252 0.162448 -0.162451 0.973252 0.162448 -0.162451 0.973252 0.162448 -0.162451 0.973252 0.162448 -0.162449 -0.973252 0.162450 -0.162449 -0.973252 0.162450 -0.162449 -0.973252 0.162450 -0.162449 -0.973252 0.162450 0.162448 0.973253 -0.162448 0.162448 0.973253 -0.162448 0.162448 0.973253 -0.162448 0.162448 0.973253 -0.162448 -0.707106 0.000000 -0.707107 -0.707106 0.000000 -0.707107 -0.707106 0.000000 -0.707107 
						-0.707106 0.000000 -0.707107 0.162452 -0.973252 -0.162452 0.162452 -0.973252 -0.162452 0.162452 -0.973252 -0.162452 0.162452 -0.973252 -0.162452 -0.707106 0.000000 -0.707107 -0.707106 0.000000 -0.707107 -0.707106 0.000000 -0.707107 -0.707106 0.000000 -0.707107 -0.162452 0.973252 0.162452 -0.162452 0.973252 0.162452 -0.162452 0.973252 0.162452 -0.162452 0.973252 0.162452 -0.162450 -0.973252 0.162454 -0.162450 -0.973252 0.162454 -0.162450 -0.973252 0.162454 -0.162450 -0.973252 0.162454 0.162449 0.973252 -0.162452 0.162449 0.973252 -0.162452 0.162449 0.973252 -0.162452 0.162449 0.973252 -0.162452 -0.707106 0.000000 -0.707107 -0.707106 0.000000 -0.707107 -0.707106 0.000000 -0.707107 -0.707106 0.000000 -0.707107 0.162453 -0.973251 -0.162453 0.162453 -0.973251 -0.162453 0.162453 -0.973251 -0.162453 0.162453 -0.973251 -0.162453 -0.162453 0.973251 0.162453 -0.162453 0.973251 0.162453 -0.162453 0.973251 0.162453 -0.162453 0.973251 0.162453 0.707107 0.000000 0.707107 0.707107 0.000000 0.707107 0.707107 0.000000 0.707107 0.707107 0.000000 0.707107 -0.688193 -0.229738 0.688193 -0.688193 -0.229738 0.688193 -0.688193 -0.229738 0.688193 -0.688193 -0.229738 0.688193 -0.162449 -0.973253 0.162449 0.688193 -0.229739 -0.688193 0.688193 -0.229739 -0.688193 0.688193 -0.229739 -0.688193 0.688193 -0.229739 -0.688193 -0.688187 0.229740 0.688199 -0.688187 0.229740 0.688199 -0.688187 0.229740 0.688199 -0.688187 0.229740 0.688199 0.162449 0.973252 -0.162451 0.162449 0.973252 -0.162451 0.162449 0.973252 -0.162451 0.162449 0.973252 -0.162451 -0.162447 -0.973253 0.162451 -0.162447 -0.973253 0.162451 -0.162447 -0.973253 0.162451 -0.162447 -0.973253 0.162451 0.707116 -0.000003 0.707097 0.707116 -0.000003 0.707097 0.707116 -0.000003 0.707097 0.707116 -0.000003 0.707097 -0.162450 -0.973252 0.162450 0.688194 -0.229739 -0.688193 
						0.688194 -0.229739 -0.688193 0.688194 -0.229739 -0.688193 0.688194 -0.229739 -0.688193 0.688193 -0.229738 -0.688193 0.688193 -0.229738 -0.688193 0.688193 -0.229738 -0.688193 0.688193 -0.229738 -0.688193 0.162449 0.973253 -0.162449 0.162449 0.973253 -0.162449 -0.688193 0.229738 0.688193 -0.688193 0.229738 0.688193 -0.162450 -0.973252 0.162450 -0.162450 -0.973252 0.162450 -0.162450 -0.973252 0.162450 -0.688193 -0.229739 0.688193 -0.688193 -0.229739 0.688193 -0.688193 -0.229739 0.688193 -0.688193 -0.229739 0.688193 0.162450 -0.973252 -0.162450 0.162450 -0.973252 -0.162450 0.688193 0.229740 -0.688193 0.688193 0.229740 -0.688193 -0.162451 0.973252 0.162451 -0.162451 0.973252 0.162451 -0.688194 -0.229737 0.688194 -0.688194 -0.229737 0.688194 -0.688194 -0.229737 0.688194 -0.688194 -0.229737 0.688194 -0.162450 0.973252 0.162450 -0.162450 0.973252 0.162450 0.688193 0.229739 -0.688193 0.688193 0.229739 -0.688193 0.162448 -0.973253 -0.162448 0.162448 -0.973253 -0.162448 0.688193 -0.229740 -0.688193 0.688193 -0.229740 -0.688193 0.688193 -0.229740 -0.688193 0.688193 -0.229740 -0.688193 -0.162450 -0.973252 0.162450 -0.162450 -0.973252 0.162450 -0.688193 0.229739 0.688193 -0.688193 0.229739 0.688193 0.162448 0.973253 -0.162448 0.162448 0.973253 -0.162448 -0.688193 -0.229739 0.688193 -0.688193 -0.229739 0.688193 -0.688193 -0.229739 0.688193 -0.688193 -0.229739 0.688193 -0.162452 0.973252 0.162452 -0.162452 0.973252 0.162452 0.688193 0.229739 -0.688193 0.688193 0.229739 -0.688193 0.162452 -0.973252 -0.162452 0.162452 -0.973252 -0.162452 0.688193 -0.229739 -0.688193 0.688193 -0.229739 -0.688193 0.688193 -0.229739 -0.688193 0.688193 -0.229739 -0.688193 -0.162452 -0.973252 0.162452 -0.162452 -0.973252 0.162452 -0.688193 0.229738 0.688193 -0.688193 0.229738 0.688193 0.162451 0.973252 -0.162451 0.162451 0.973252 -0.162451 
						-0.688193 -0.229739 0.688193 -0.688193 -0.229739 0.688193 -0.688193 -0.229739 0.688193 -0.688193 -0.229739 0.688193 0.162453 -0.973251 -0.162453 0.162453 -0.973251 -0.162453 0.688193 0.229739 -0.688193 0.688193 0.229739 -0.688193 -0.162453 0.973251 0.162453 -0.162453 0.973251 0.162453 0.688193 -0.229739 -0.688193 0.688193 -0.229739 -0.688193 0.688193 -0.229739 -0.688193 0.688193 -0.229739 -0.688193 0.162450 0.973252 -0.162450 0.162450 0.973252 -0.162450 -0.688193 0.229739 0.688193 -0.688193 0.229739 0.688193 -0.162450 -0.973252 0.162450 -0.162450 -0.973252 0.162450 -0.162450 -0.973252 0.162450 -0.688193 -0.229739 0.688193 -0.688193 -0.229739 0.688193 -0.688193 -0.229739 0.688193 -0.688193 -0.229739 0.688193 
					</float_array>
					<technique_common>
						<accessor count="665" offset="0" source="#meshId6-normals-array" stride="3">
							<param name="X" type="float" />
							<param name="Y" type="float" />
							<param name="Z" type="float" />
						</accessor>
					</technique_common>
				</source>
				<source id="meshId6-tangents" name="meshId6-tangents">
					<float_array id="meshId6-tangents-array" count="1995"> 
						0.707107 0.000000 -0.707107 0.707107 0.000000 -0.707107 0.707107 0.000000 -0.707107 0.707107 0.000000 -0.707107 0.707107 0.000000 -0.707107 0.707107 0.000000 -0.707107 0.707107 0.000000 -0.707107 0.707107 0.000000 -0.707107 0.707107 0.000000 -0.707107 0.707107 0.000000 -0.707107 0.707107 0.000000 -0.707107 0.707107 0.000000 -0.707107 -0.707107 0.000000 -0.707107 -0.707107 0.000000 -0.707107 -0.707107 0.000000 -0.707107 -0.707107 0.000000 -0.707107 0.707107 0.000000 0.707107 0.707107 0.000000 0.707107 0.707107 0.000000 0.707107 0.707107 0.000000 0.707107 0.707107 0.000000 -0.707107 0.707107 0.000000 -0.707107 0.707107 0.000000 -0.707107 0.707107 0.000000 -0.707107 0.707107 0.000000 -0.707107 0.707107 0.000000 -0.707107 0.707107 0.000000 -0.707107 0.707107 0.000000 -0.707107 0.707108 0.000000 0.707106 0.707107 0.000000 0.707107 0.707106 0.000000 0.707108 0.707107 0.000000 0.707107 0.707109 -0.000001 0.707104 0.707109 -0.000000 0.707104 0.707109 0.000000 0.707104 0.707109 -0.000001 0.707104 -0.707108 0.000000 -0.707105 -0.707109 0.000000 -0.707105 -0.707109 0.000001 -0.707105 -0.707108 0.000000 -0.707105 0.707107 0.000000 -0.707107 0.707107 0.000000 -0.707107 0.707107 0.000000 -0.707107 0.707107 0.000000 -0.707107 0.707107 0.000000 -0.707107 0.707107 0.000000 -0.707107 0.707107 0.000002 -0.707107 0.707107 0.000000 -0.707107 0.707107 0.000000 0.707107 0.707107 0.000000 0.707107 0.707107 0.000000 0.707107 0.707107 0.000000 0.707107 -0.707107 0.000000 -0.707107 -0.707107 0.000000 -0.707107 -0.707107 0.000000 -0.707107 -0.707107 0.000000 -0.707107 0.707107 0.000000 -0.707107 0.707107 0.000000 -0.707107 0.707107 0.000000 -0.707107 0.707107 0.000000 -0.707107 0.707107 0.000000 0.707107 0.707107 0.000000 0.707107 0.707107 0.000000 0.707107 0.707107 0.000000 0.707107 
						0.707107 0.000000 -0.707107 0.707107 0.000000 -0.707107 0.707107 0.000000 -0.707107 0.707107 0.000000 -0.707107 -0.707107 0.000000 -0.707107 -0.707107 0.000000 -0.707107 -0.707107 0.000000 -0.707107 -0.707107 0.000000 -0.707107 0.707109 -0.000025 -0.707104 0.707109 -0.000009 -0.707104 0.707108 0.000016 -0.707106 0.707108 -0.000003 -0.707106 -0.707106 -0.000000 -0.707107 -0.707107 0.000000 -0.707106 -0.707108 0.000001 -0.707106 -0.707107 0.000000 -0.707107 0.707106 -0.000036 -0.707108 0.707106 -0.000029 -0.707108 0.707106 0.000020 -0.707107 0.707106 0.000003 -0.707107 0.703606 0.099459 -0.703595 0.703593 0.099459 -0.703608 0.538464 0.648143 -0.538486 0.538480 0.648143 -0.538471 0.707105 0.000020 -0.707109 0.707107 0.000001 -0.707107 0.707107 -0.000062 -0.707107 0.707105 -0.000003 -0.707109 -0.707107 -0.000000 -0.707106 -0.707108 -0.000001 -0.707106 -0.707109 -0.000002 -0.707105 -0.707109 -0.000001 -0.707105 0.707107 0.000004 -0.707107 0.707107 -0.000001 -0.707107 -0.707107 0.000000 -0.707107 -0.707107 0.000000 -0.707107 -0.707107 0.000000 -0.707107 -0.707107 0.000000 -0.707107 0.707106 0.000001 -0.707107 0.707106 -0.000001 -0.707107 0.707107 0.000000 0.707107 0.707107 0.000000 0.707107 0.707107 0.000001 0.707107 0.707107 0.000000 0.707107 0.707108 -0.000010 -0.707105 0.707108 -0.000000 -0.707105 -0.707107 -0.000000 -0.707107 -0.707107 0.000000 -0.707107 0.707106 0.000026 -0.707108 0.707106 0.000029 -0.707108 0.707107 0.000001 0.707106 0.707107 -0.000001 0.707107 -0.707109 -0.000002 -0.707105 -0.707106 0.000000 -0.707107 0.707109 0.000002 0.707105 0.707107 0.000000 0.707106 0.707107 0.000013 -0.707107 0.707107 -0.000004 -0.707107 0.707107 -0.000094 -0.707107 0.707107 0.000009 -0.707107 0.703593 -0.099481 -0.703605 0.538466 -0.648150 -0.538476 0.538478 -0.648150 -0.538464 0.703603 -0.099481 -0.703595 
						-0.707107 -0.000000 -0.707107 -0.707107 0.000000 -0.707107 -0.707107 0.000000 -0.707107 -0.707107 0.000000 -0.707107 0.707107 -0.000002 -0.707106 0.707107 0.000003 -0.707106 0.707107 0.000000 0.707107 0.707107 0.000000 0.707107 0.707107 -0.000000 0.707107 0.707107 0.000000 0.707107 0.707108 0.000005 -0.707106 0.707108 -0.000005 -0.707106 -0.707107 -0.000000 -0.707107 -0.707107 -0.000000 -0.707107 0.707107 -0.000050 -0.707106 0.707107 -0.000009 -0.707106 0.707107 -0.000000 0.707107 0.707107 -0.000000 0.707107 0.707107 0.000010 -0.707106 0.707107 0.000004 -0.707106 -0.707108 0.000001 -0.707106 -0.707107 0.000000 -0.707107 0.707107 -0.000000 0.707107 0.707107 -0.000001 0.707106 -0.707106 0.000000 -0.707107 -0.707107 0.000000 -0.707107 -0.707107 0.000000 -0.707106 -0.707107 0.000000 -0.707107 0.707107 0.000000 -0.707107 0.707107 0.000000 -0.707107 0.707121 0.000000 -0.707092 0.707112 0.000000 -0.707102 0.707110 0.000000 -0.707103 0.707120 0.000000 -0.707094 0.707107 0.000000 -0.707107 0.707107 0.000000 -0.707107 0.707107 0.000000 -0.707107 0.707107 0.000000 -0.707107 0.707107 0.000000 -0.707107 0.707107 0.000000 -0.707107 0.707107 0.000000 -0.707107 0.707107 0.000000 -0.707107 0.707107 0.000000 -0.707107 0.707107 0.000000 -0.707107 0.707107 0.000000 -0.707107 0.707107 0.000000 -0.707106 0.707107 0.000000 -0.707106 0.707107 0.000000 -0.707106 0.707107 0.000000 -0.707106 -0.707107 0.000000 -0.707107 -0.707107 0.000000 -0.707107 -0.707107 0.000001 -0.707107 -0.707107 0.000001 -0.707107 0.707107 -0.000000 0.707107 0.707107 -0.000000 0.707107 0.707107 0.000000 0.707107 0.707107 0.000000 0.707107 0.707107 0.000000 -0.707107 0.707107 0.000000 -0.707107 0.707107 0.000000 -0.707107 0.707107 0.000000 -0.707107 0.707107 0.000000 -0.707107 0.707107 0.000000 -0.707107 0.707107 0.000000 -0.707107 
						0.707107 0.000000 -0.707107 0.707108 0.000000 0.707106 0.707107 0.000000 0.707106 0.707107 0.000000 0.707107 0.707107 0.000000 0.707106 0.707109 -0.000001 0.707104 0.707110 0.000001 0.707104 0.707110 0.000001 0.707104 0.707109 -0.000001 0.707104 -0.707108 0.000000 -0.707105 -0.707108 -0.000000 -0.707105 -0.707108 -0.000000 -0.707105 -0.707108 0.000000 -0.707105 0.707107 0.000000 -0.707107 0.707107 0.000000 -0.707107 0.707107 0.000002 -0.707107 0.707107 0.000000 -0.707107 0.707107 0.000000 -0.707107 0.707107 0.000000 -0.707107 0.707107 0.000002 -0.707107 0.707107 0.000000 -0.707107 0.707107 0.000000 0.707107 0.707107 0.000000 0.707107 0.707107 0.000000 0.707107 0.707107 0.000000 0.707107 -0.707107 0.000000 -0.707107 -0.707107 0.000000 -0.707107 -0.707107 0.000000 -0.707107 -0.707107 0.000000 -0.707107 0.707107 0.000000 -0.707107 0.707107 0.000000 -0.707107 0.707107 -0.000001 -0.707107 0.707107 0.000000 -0.707107 0.707107 0.000000 0.707107 0.707107 0.000000 0.707107 0.707107 0.000000 0.707107 0.707107 0.000000 0.707107 0.707107 0.000000 -0.707107 0.707107 0.000000 -0.707107 0.707107 -0.000001 -0.707107 0.707107 0.000000 -0.707107 -0.707107 0.000000 -0.707107 -0.707107 0.000000 -0.707107 -0.707107 0.000000 -0.707107 -0.707107 0.000000 -0.707107 0.707107 -0.000011 -0.707107 0.707107 -0.000007 -0.707107 0.707107 0.000001 -0.707107 0.707107 -0.000003 -0.707107 -0.707108 0.000000 -0.707106 -0.707107 0.000000 -0.707107 -0.707106 -0.000000 -0.707107 -0.707107 0.000000 -0.707107 0.707107 0.000009 -0.707107 0.707107 -0.000002 -0.707107 0.707107 -0.000021 -0.707107 0.707107 0.000001 -0.707107 0.703595 0.099459 -0.703606 0.703606 0.099459 -0.703596 0.538483 0.648142 -0.538468 0.538470 0.648142 -0.538481 0.707107 0.000009 -0.707107 0.707107 -0.000001 -0.707107 0.707107 0.000097 -0.707107 
						0.707107 0.000001 -0.707107 -0.707107 0.000000 -0.707107 -0.707107 -0.000001 -0.707106 -0.707108 -0.000002 -0.707105 -0.707108 -0.000001 -0.707105 0.707107 -0.000035 -0.707107 0.707107 -0.000001 -0.707107 -0.707107 -0.000000 -0.707107 -0.707107 0.000000 -0.707107 -0.707107 0.000000 -0.707107 -0.707107 -0.000000 -0.707107 0.707107 0.000001 -0.707107 0.707107 -0.000001 -0.707107 0.707107 0.000000 0.707107 0.707107 0.000000 0.707107 0.707107 0.000000 0.707107 0.707107 0.000000 0.707107 0.707107 -0.000030 -0.707107 0.707107 -0.000033 -0.707107 -0.707107 0.000000 -0.707107 -0.707107 0.000000 -0.707107 0.707107 -0.000004 -0.707107 0.707107 -0.000011 -0.707107 0.707107 0.000001 0.707107 0.707107 0.000001 0.707107 -0.707106 0.000000 -0.707107 -0.707107 0.000000 -0.707107 0.707108 0.000002 0.707105 0.707108 0.000001 0.707106 0.707107 -0.000011 -0.707107 0.707107 -0.000003 -0.707107 0.707107 0.000066 -0.707107 0.707107 -0.000005 -0.707107 0.703604 -0.099481 -0.703594 0.538476 -0.648150 -0.538466 0.538468 -0.648150 -0.538475 0.703597 -0.099481 -0.703601 -0.707107 0.000000 -0.707107 -0.707107 -0.000000 -0.707107 -0.707107 -0.000000 -0.707107 -0.707107 -0.000000 -0.707107 0.707107 -0.000003 -0.707107 0.707107 0.000003 -0.707107 0.707107 0.000000 0.707107 0.707107 0.000000 0.707107 0.707107 0.000000 0.707107 0.707107 0.000000 0.707107 0.707107 0.000005 -0.707107 0.707107 0.000035 -0.707107 -0.707107 0.000000 -0.707107 -0.707107 0.000000 -0.707107 0.707107 0.000015 -0.707107 0.707107 0.000002 -0.707107 0.707107 -0.000000 0.707107 0.707107 -0.000000 0.707107 0.707107 0.000020 -0.707107 0.707107 0.000055 -0.707107 -0.707106 -0.000000 -0.707107 -0.707107 0.000000 -0.707107 0.707106 0.000000 0.707107 0.707108 -0.000001 0.707106 -0.707108 0.000000 -0.707106 -0.707107 0.000000 -0.707107 -0.707107 0.000000 -0.707107 
						-0.707108 0.000000 -0.707106 0.707106 0.000000 -0.707108 0.707102 0.000000 -0.707112 0.707101 0.000000 -0.707112 0.707105 0.000000 -0.707108 0.707104 0.000001 0.707110 0.707104 0.000001 0.707110 0.707105 0.000000 0.707108 0.707105 0.000000 0.707108 0.707107 0.000000 -0.707107 0.707107 0.000000 -0.707107 -0.707106 -0.000000 -0.707108 -0.707106 -0.000000 -0.707108 -0.707106 0.000000 -0.707108 -0.707106 0.000000 -0.707108 0.707107 0.000000 -0.707107 0.707107 0.000000 -0.707107 0.707107 -0.000000 0.707107 0.707107 -0.000000 0.707107 0.707107 -0.000000 0.707107 0.707107 -0.000000 0.707107 0.707107 0.000000 -0.707107 0.707107 0.000000 -0.707107 -0.707108 0.000001 -0.707106 -0.707108 0.000001 -0.707106 -0.707107 0.000000 -0.707107 -0.707107 0.000000 -0.707107 0.707107 0.000000 -0.707107 0.707107 0.000000 -0.707107 0.707104 -0.000000 0.707109 0.707104 -0.000000 0.707109 0.707105 -0.000000 0.707108 0.707105 -0.000000 0.707108 0.707107 0.000000 -0.707107 0.707107 0.000000 -0.707107 -0.707106 -0.000001 -0.707108 -0.707105 -0.000000 -0.707108 -0.707105 0.000000 -0.707108 -0.707105 0.000000 -0.707108 0.707107 0.000000 -0.707107 0.707107 0.000000 -0.707107 0.707107 0.000000 0.707107 0.707107 0.000000 0.707107 0.707107 0.000000 0.707107 0.707107 0.000000 0.707107 0.707107 0.000000 -0.707107 0.707107 0.000000 -0.707107 -0.707108 0.000000 -0.707106 -0.707108 0.000000 -0.707106 -0.707107 -0.000001 -0.707107 -0.707107 -0.000001 -0.707107 0.707107 0.000000 -0.707107 0.707107 0.000000 -0.707107 0.162451 0.973252 -0.162450 0.162451 0.973252 -0.162450 0.162450 0.973252 -0.162451 0.162450 0.973252 -0.162451 0.707107 0.000000 -0.707107 0.707107 0.000000 -0.707107 -0.707110 -0.000001 -0.707104 -0.707109 -0.000001 -0.707104 0.707107 0.000000 -0.707107 0.707107 0.000000 -0.707107 0.707105 -0.000000 0.707109 
						0.707105 -0.000000 0.707109 0.707107 0.000000 -0.707107 0.707107 0.000000 -0.707107 -0.162451 0.973252 0.162450 -0.162451 0.973252 0.162450 -0.162450 0.973252 0.162451 -0.162451 0.973252 0.162451 0.707107 0.000000 -0.707107 0.707107 0.000000 -0.707107 0.707105 0.000002 0.707109 0.707105 0.000002 0.707109 0.707107 0.000000 -0.707107 0.707107 0.000000 -0.707107 -0.162451 0.973252 0.162449 -0.162451 0.973252 0.162449 -0.162450 0.973252 0.162450 -0.162450 0.973252 0.162450 0.707107 0.000000 -0.707107 0.707107 0.000000 -0.707107 0.162451 0.973252 -0.162449 0.162450 0.973252 -0.162449 0.162449 0.973252 -0.162451 0.162449 0.973252 -0.162451 0.707107 0.000000 -0.707107 0.707107 0.000000 -0.707107 -0.707109 0.000001 -0.707104 -0.707109 0.000001 -0.707104 0.707107 0.000000 -0.707107 0.707107 0.000000 -0.707107 0.707106 -0.000000 0.707108 0.707106 -0.000000 0.707108 0.707107 0.000000 -0.707107 0.707107 0.000000 -0.707107 -0.707107 -0.000000 -0.707107 -0.707107 -0.000000 -0.707107 -0.707107 -0.000000 -0.707107 -0.707107 -0.000000 -0.707107 0.707107 0.000000 -0.707107 0.707107 0.000000 -0.707107 -0.162450 0.973252 0.162451 -0.162450 0.973252 0.162450 -0.162450 0.973252 0.162450 -0.162450 0.973252 0.162450 0.707111 -0.000000 0.707102 0.707111 -0.000000 0.707102 0.707111 -0.000001 0.707102 0.707111 -0.000001 0.707102 0.707107 0.000000 -0.707107 0.707107 0.000000 -0.707107 -0.707110 -0.000001 -0.707104 -0.707110 -0.000001 -0.707104 0.707107 0.000000 -0.707107 0.707107 0.000000 -0.707107 0.162449 0.973252 -0.162449 0.162449 0.973253 -0.162449 0.162449 0.973253 -0.162450 0.162449 0.973253 -0.162450 0.707106 0.000000 0.707108 0.707106 0.000000 0.707108 0.707107 0.000000 -0.707107 0.707107 0.000000 -0.707107 -0.707107 -0.000000 -0.707107 -0.707107 -0.000000 -0.707107 -0.707107 -0.000001 -0.707107 
						-0.707107 -0.000000 -0.707107 0.707107 0.000000 -0.707107 0.707107 0.000000 -0.707107 -0.162450 0.973252 0.162450 -0.162450 0.973252 0.162450 -0.162450 0.973252 0.162450 -0.162450 0.973252 0.162450 0.707111 0.000000 0.707102 0.707111 0.000000 0.707102 0.707111 -0.000001 0.707102 0.707111 -0.000001 0.707102 0.707107 0.000000 -0.707107 0.707107 0.000000 -0.707107 -0.707110 -0.000000 -0.707104 -0.707110 -0.000000 -0.707104 0.707107 0.000000 -0.707107 0.707107 0.000000 -0.707107 0.688196 -0.229739 -0.688190 0.688224 -0.229739 -0.688162 0.688239 -0.229739 -0.688147 0.688212 -0.229739 -0.688175 0.707107 -0.000046 -0.707107 0.707107 -0.000046 -0.707107 0.707107 -0.000046 -0.707107 0.707107 -0.000046 -0.707107 0.688190 -0.229737 -0.688197 0.688191 -0.229738 -0.688196 0.688192 -0.229738 -0.688196 0.688190 -0.229737 -0.688197 0.688143 0.229739 -0.688244 0.688184 0.229739 -0.688202 0.688193 0.229739 -0.688193 0.688156 0.229739 -0.688230 0.688195 0.229741 -0.688191 0.688198 0.229741 -0.688188 0.688199 0.229741 -0.688187 0.688197 0.229741 -0.688189 0.707107 0.000046 -0.707107 0.707107 0.000046 -0.707107 0.707107 0.000046 -0.707107 0.707107 0.000046 -0.707107 0.688199 0.229736 -0.688188 0.688192 0.229736 -0.688195 0.688191 0.229736 -0.688197 0.688196 0.229736 -0.688191 0.707107 0.000046 -0.707106 0.707107 0.000046 -0.707106 0.707107 0.000046 -0.707106 0.707107 0.000046 -0.707106 0.688190 0.229738 -0.688197 0.688191 0.229738 -0.688196 0.688192 0.229738 -0.688195 0.688191 0.229738 -0.688196 0.688195 -0.229738 -0.688192 0.688193 -0.229738 -0.688194 0.688192 -0.229738 -0.688195 0.688194 -0.229738 -0.688193 0.688199 -0.229736 -0.688188 0.688192 -0.229736 -0.688195 0.688190 -0.229736 -0.688198 0.688196 -0.229736 -0.688191 0.707107 -0.000046 -0.707106 0.707107 -0.000046 -0.707106 0.707107 -0.000046 -0.707106 
						0.707107 -0.000046 -0.707106 0.688192 0.229742 -0.688194 0.688190 0.229742 -0.688196 0.688189 0.229742 -0.688197 0.688191 0.229742 -0.688194 0.707107 0.000049 -0.707106 0.707107 0.000049 -0.707106 0.707107 0.000049 -0.707106 0.707107 0.000049 -0.707106 0.688190 0.229742 -0.688195 0.688192 0.229742 -0.688194 0.688193 0.229742 -0.688193 0.688191 0.229742 -0.688195 0.688199 -0.229742 -0.688187 0.688193 -0.229742 -0.688193 0.688190 -0.229742 -0.688196 0.688196 -0.229742 -0.688190 0.688191 -0.229740 -0.688195 0.688194 -0.229740 -0.688193 0.688195 -0.229740 -0.688191 0.688193 -0.229740 -0.688194 0.707107 -0.000049 -0.707106 0.707107 -0.000049 -0.707106 0.707107 -0.000049 -0.707106 0.707107 -0.000049 -0.707106 0.688191 0.229743 -0.688195 0.688193 0.229743 -0.688192 0.688195 0.229743 -0.688190 0.688192 0.229743 -0.688193 0.688191 0.229743 -0.688195 0.688192 0.229743 -0.688193 0.688193 0.229743 -0.688192 0.688191 0.229743 -0.688194 0.707107 0.000049 -0.707107 0.707107 0.000049 -0.707107 0.707107 0.000049 -0.707107 0.707107 0.000049 -0.707107 -0.162449 0.973252 0.162449 -0.162449 0.973253 0.162449 -0.162449 0.973253 0.162450 -0.162449 0.973252 0.162450 0.688196 -0.229738 -0.688191 0.162450 0.973252 -0.162450 0.162450 0.973252 -0.162450 0.162450 0.973252 -0.162450 0.162450 0.973252 -0.162450 0.162451 0.973252 -0.162450 0.162451 0.973252 -0.162451 0.162450 0.973252 -0.162451 0.162450 0.973252 -0.162451 0.688180 -0.229739 -0.688207 0.688187 -0.229739 -0.688200 0.688190 -0.229739 -0.688196 0.688183 -0.229739 -0.688203 0.688186 -0.229738 -0.688201 0.688221 -0.229738 -0.688166 0.688240 -0.229737 -0.688147 0.688205 -0.229738 -0.688182 0.707097 0.000014 -0.707116 0.707097 0.000015 -0.707116 0.707097 0.000015 -0.707116 0.707097 0.000014 -0.707116 0.688186 -0.229739 -0.688201 0.162450 0.973252 -0.162450 
						0.162450 0.973252 -0.162450 0.162451 0.973252 -0.162449 0.162451 0.973252 -0.162449 -0.707107 -0.000000 -0.707107 -0.707107 -0.000000 -0.707107 -0.707107 -0.000000 -0.707107 -0.707107 -0.000000 -0.707107 0.688194 -0.229738 -0.688193 0.688193 -0.229738 -0.688194 0.162449 0.973253 -0.162449 0.162449 0.973253 -0.162449 0.688232 -0.229739 -0.688155 0.688195 -0.229739 -0.688192 0.688202 -0.229739 -0.688184 0.707107 -0.000000 0.707107 0.707107 -0.000000 0.707107 0.707107 0.000000 0.707107 0.707107 -0.000000 0.707107 0.688193 0.229739 -0.688194 0.688184 0.229739 -0.688202 -0.162450 0.973252 0.162451 -0.162451 0.973252 0.162451 0.688193 0.229740 -0.688193 0.688194 0.229740 -0.688192 0.707107 -0.000000 0.707107 0.707107 -0.000000 0.707107 0.707107 -0.000000 0.707107 0.707107 -0.000000 0.707107 0.688198 0.229739 -0.688188 0.688197 0.229739 -0.688190 -0.162449 0.973252 0.162451 -0.162450 0.973252 0.162450 0.688191 0.229736 -0.688196 0.688191 0.229736 -0.688196 -0.707107 -0.000000 -0.707107 -0.707107 -0.000000 -0.707107 -0.707107 -0.000000 -0.707107 -0.707107 -0.000000 -0.707107 0.688199 -0.229739 -0.688188 0.688198 -0.229739 -0.688188 0.162451 0.973252 -0.162449 0.162451 0.973252 -0.162449 0.688194 -0.229736 -0.688193 0.688194 -0.229736 -0.688194 0.707107 -0.000000 0.707107 0.707107 -0.000000 0.707107 0.707107 -0.000000 0.707107 0.707107 -0.000000 0.707107 0.688192 0.229742 -0.688194 0.688191 0.229742 -0.688194 -0.162450 0.973252 0.162451 -0.162450 0.973252 0.162450 0.688192 0.229742 -0.688194 0.688191 0.229742 -0.688194 -0.707107 -0.000000 -0.707107 -0.707107 0.000000 -0.707107 -0.707107 0.000000 -0.707107 -0.707107 -0.000000 -0.707107 0.688199 -0.229742 -0.688187 0.688199 -0.229742 -0.688187 0.162450 0.973253 -0.162448 0.162449 0.973253 -0.162449 0.688191 -0.229740 -0.688195 0.688192 -0.229740 -0.688194 
						0.707107 0.000000 0.707107 0.707107 0.000000 0.707107 0.707107 0.000000 0.707107 0.707107 0.000000 0.707107 0.688196 0.229743 -0.688190 0.688195 0.229743 -0.688190 -0.162450 0.973252 0.162450 -0.162450 0.973252 0.162450 0.688196 0.229743 -0.688190 0.688195 0.229743 -0.688190 -0.707107 -0.000000 -0.707107 -0.707107 -0.000000 -0.707107 -0.707107 -0.000000 -0.707107 -0.707107 -0.000000 -0.707107 0.688184 -0.229739 -0.688203 0.688183 -0.229739 -0.688203 0.162450 0.973252 -0.162450 0.162450 0.973252 -0.162450 0.688230 -0.229739 -0.688156 0.688187 -0.229739 -0.688200 0.688196 -0.229739 -0.688191 -0.162450 0.973252 0.162450 -0.162450 0.973252 0.162450 -0.162450 0.973252 0.162450 -0.162450 0.973252 0.162450 
					</float_array>
					<technique_common>
						<accessor count="665" offset="0" source="#meshId6-tangents-array" stride="3">
							<param name="X" type="float" />
							<param name="Y" type="float" />
							<param name="Z" type="float" />
						</accessor>
					</technique_common>
				</source>
				<source id="meshId6-bitangents" name="meshId6-bitangents">
					<float_array id="meshId6-bitangents-array" count="1995"> 
						0.000000 1.000000 0.000000 0.000000 1.000000 0.000000 0.000000 1.000000 0.000000 0.000000 1.000000 0.000000 0.000000 -1.000000 0.000000 0.000000 -1.000000 0.000000 0.000000 -1.000000 0.000000 0.000000 -1.000000 0.000000 0.707107 0.000000 0.707107 0.707107 0.000000 0.707107 0.707107 0.000000 0.707107 0.707107 0.000000 0.707107 -0.162449 0.973252 0.162450 -0.162449 0.973252 0.162450 -0.162449 0.973252 0.162449 -0.162449 0.973252 0.162449 -0.162450 0.973252 0.162450 -0.162450 0.973252 0.162450 -0.162450 0.973252 0.162450 -0.162450 0.973252 0.162450 0.000000 1.000000 0.000000 0.000000 1.000000 0.000000 0.000000 1.000000 0.000000 0.000000 1.000000 0.000000 0.000000 -1.000000 0.000000 0.000000 -1.000000 0.000000 0.000000 -1.000000 0.000000 0.000000 -1.000000 0.000000 -0.707106 0.000000 0.707108 -0.707107 0.000000 0.707107 -0.707108 0.000000 0.707106 -0.707107 0.000000 0.707107 0.162450 0.973252 -0.162449 0.162449 0.973252 -0.162450 0.162449 0.973253 -0.162450 0.162449 0.973252 -0.162449 0.162449 0.973253 -0.162449 0.162450 0.973252 -0.162450 0.162450 0.973252 -0.162450 0.162449 0.973253 -0.162449 0.000000 1.000000 0.000000 0.000000 1.000000 0.000000 0.000000 1.000000 0.000000 0.000000 1.000000 0.000000 0.000000 -1.000000 0.000000 0.000000 -1.000000 0.000000 0.000001 -1.000000 -0.000001 0.000000 -1.000000 0.000000 0.000000 1.000000 0.000000 0.000000 1.000000 0.000000 0.000000 1.000000 0.000000 0.000000 1.000000 0.000000 0.000000 1.000000 0.000000 0.000000 1.000000 0.000000 0.000000 1.000000 0.000000 0.000000 1.000000 0.000000 0.000000 1.000000 0.000000 0.000000 1.000000 0.000000 0.000000 1.000000 0.000000 0.000000 1.000000 0.000000 0.000000 1.000000 0.000000 0.000000 1.000000 0.000000 0.000000 1.000000 0.000000 0.000000 1.000000 0.000000 
						0.000000 -1.000000 0.000000 0.000000 -1.000000 0.000000 0.000000 -1.000000 0.000000 0.000000 -1.000000 0.000000 0.000000 1.000000 0.000000 0.000000 1.000000 0.000000 0.000000 1.000000 0.000000 0.000000 1.000000 0.000000 0.000018 1.000000 -0.000018 0.000007 1.000000 -0.000007 -0.000011 1.000000 0.000011 0.000002 1.000000 -0.000002 -0.662562 0.349321 0.662561 -0.662561 0.349321 0.662562 -0.569897 0.591973 0.569900 -0.569898 0.591973 0.569899 -0.000025 -1.000000 0.000025 -0.000021 -1.000000 0.000021 0.000014 -1.000000 -0.000014 0.000002 -1.000000 -0.000002 0.707101 -0.000001 0.707112 0.707114 0.000001 0.707099 0.707115 0.000010 0.707098 0.707103 -0.000004 0.707110 -0.000014 1.000000 0.000014 -0.000001 1.000000 0.000001 0.000044 1.000000 -0.000044 0.000002 1.000000 -0.000002 -0.662562 -0.349315 0.662563 -0.569898 -0.591971 0.569900 -0.569896 -0.591971 0.569902 -0.662561 -0.349315 0.662565 -0.000003 1.000000 0.000003 0.000001 1.000000 -0.000001 0.001669 0.999997 -0.001669 0.001669 0.999997 -0.001669 0.041562 0.998271 -0.041562 0.041562 0.998271 -0.041562 0.000000 -1.000000 -0.000000 -0.000001 -1.000000 0.000001 0.002003 0.999996 -0.002003 0.002003 0.999996 -0.002003 0.086102 0.992559 -0.086103 0.086102 0.992559 -0.086102 0.000007 1.000000 -0.000007 0.000000 1.000000 -0.000000 0.122556 0.984865 -0.122557 0.122557 0.984865 -0.122556 0.000018 -1.000000 -0.000018 0.000021 -1.000000 -0.000021 0.314925 0.895346 -0.314926 0.314926 0.895346 -0.314925 0.538473 0.648143 -0.538478 0.538476 0.648143 -0.538475 0.569896 0.591971 -0.569902 0.569899 0.591971 -0.569899 0.000009 -1.000000 -0.000009 -0.000003 -1.000000 0.000003 -0.000067 -1.000000 0.000067 0.000006 -1.000000 -0.000006 0.707112 -0.000001 0.707101 0.707111 -0.000005 0.707103 0.707101 0.000006 0.707112 0.707102 0.000001 0.707111 
						-0.001993 0.999996 0.001993 -0.001993 0.999996 0.001993 -0.086102 0.992559 0.086102 -0.086102 0.992559 0.086102 -0.000001 -1.000000 0.000001 0.000002 -1.000000 -0.000002 -0.001669 0.999997 0.001669 -0.001669 0.999997 0.001669 -0.041567 0.998271 0.041567 -0.041567 0.998271 0.041567 -0.000003 1.000000 0.000003 0.000003 1.000000 -0.000003 -0.314927 0.895345 0.314926 -0.314927 0.895345 0.314926 -0.000035 -1.000000 0.000035 -0.000006 -1.000000 0.000006 -0.122564 0.984863 0.122564 -0.122564 0.984863 0.122564 -0.000007 1.000000 0.000007 -0.000003 1.000000 0.000003 -0.569897 0.591973 0.569900 -0.569898 0.591973 0.569898 -0.538471 0.648150 0.538471 -0.538470 0.648150 0.538472 -0.707107 0.000000 0.707106 -0.707107 0.000000 0.707107 -0.707106 0.000000 0.707107 -0.707107 0.000000 0.707107 0.000000 -1.000000 0.000000 0.000000 -1.000000 0.000000 0.707092 0.000000 0.707121 0.707102 0.000000 0.707112 0.707103 0.000000 0.707110 0.707094 0.000000 0.707120 0.000000 1.000000 0.000000 0.000000 1.000000 0.000000 0.000000 1.000000 0.000000 0.000000 1.000000 0.000000 0.000000 1.000000 0.000000 0.000000 1.000000 0.000000 0.000000 1.000000 0.000000 0.000000 -1.000000 0.000000 0.000000 -1.000000 0.000000 0.000000 -1.000000 0.000000 0.000000 -1.000000 0.000000 0.707106 0.000000 0.707107 0.707106 0.000000 0.707107 0.707106 0.000000 0.707107 0.707106 0.000000 0.707107 -0.162449 0.973252 0.162450 -0.162449 0.973252 0.162450 -0.162449 0.973252 0.162450 -0.162449 0.973252 0.162450 -0.162450 0.973252 0.162450 -0.162450 0.973252 0.162450 -0.162450 0.973252 0.162450 -0.162450 0.973252 0.162450 0.000000 1.000000 0.000000 0.000000 1.000000 0.000000 0.000000 1.000000 0.000000 0.000000 1.000000 0.000000 0.000000 -1.000000 0.000000 0.000000 -1.000000 0.000000 0.000000 -1.000000 0.000000 
						0.000000 -1.000000 0.000000 -0.707106 0.000000 0.707108 -0.707106 0.000000 0.707107 -0.707107 0.000000 0.707107 -0.707106 0.000000 0.707107 0.162449 0.973253 -0.162449 0.162448 0.973252 -0.162451 0.162448 0.973252 -0.162451 0.162449 0.973253 -0.162449 0.162449 0.973253 -0.162450 0.162449 0.973253 -0.162450 0.162449 0.973253 -0.162450 0.162449 0.973252 -0.162450 0.000000 1.000000 0.000000 0.000000 1.000000 0.000000 -0.000001 1.000000 0.000001 0.000000 1.000000 0.000000 0.000000 -1.000000 0.000000 0.000000 -1.000000 0.000000 0.000001 -1.000000 -0.000001 0.000000 -1.000000 0.000000 0.000000 1.000000 0.000000 0.000000 1.000000 0.000000 0.000000 1.000000 0.000000 0.000000 1.000000 0.000000 0.000000 1.000000 0.000000 0.000000 1.000000 0.000000 0.000000 1.000000 0.000000 0.000000 1.000000 0.000000 0.000000 1.000000 0.000000 0.000000 1.000000 0.000000 0.000001 1.000000 -0.000001 0.000000 1.000000 0.000000 0.000000 1.000000 0.000000 0.000000 1.000000 0.000000 0.000000 1.000000 0.000000 0.000000 1.000000 0.000000 0.000000 -1.000000 0.000000 0.000000 -1.000000 0.000000 -0.000001 -1.000000 0.000001 0.000000 -1.000000 0.000000 0.000000 1.000000 0.000000 0.000000 1.000000 0.000000 0.000000 1.000000 0.000000 0.000000 1.000000 0.000000 0.000008 1.000000 -0.000008 0.000005 1.000000 -0.000005 -0.000000 1.000000 0.000000 0.000002 1.000000 -0.000002 -0.662560 0.349321 0.662562 -0.662561 0.349321 0.662561 -0.569899 0.591973 0.569898 -0.569898 0.591973 0.569899 0.000006 -1.000000 -0.000006 -0.000001 -1.000000 0.000001 -0.000015 -1.000000 0.000015 0.000001 -1.000000 -0.000001 0.707112 0.000001 0.707101 0.707102 -0.000001 0.707112 0.707101 -0.000007 0.707113 0.707111 0.000005 0.707103 -0.000006 1.000000 0.000006 0.000000 1.000000 -0.000000 -0.000069 1.000000 0.000069 
						-0.000000 1.000000 0.000000 -0.662563 -0.349315 0.662563 -0.569898 -0.591971 0.569900 -0.569897 -0.591971 0.569901 -0.662561 -0.349315 0.662564 0.000025 1.000000 -0.000025 0.000001 1.000000 -0.000001 0.001669 0.999997 -0.001669 0.001669 0.999997 -0.001669 0.041562 0.998271 -0.041562 0.041562 0.998271 -0.041562 0.000001 -1.000000 -0.000001 -0.000001 -1.000000 0.000001 0.002003 0.999996 -0.002003 0.002003 0.999996 -0.002003 0.086102 0.992559 -0.086102 0.086102 0.992559 -0.086102 0.000021 1.000000 -0.000021 0.000023 1.000000 -0.000023 0.122557 0.984865 -0.122556 0.122557 0.984865 -0.122556 -0.000003 -1.000000 0.000003 -0.000008 -1.000000 0.000008 0.314925 0.895346 -0.314926 0.314925 0.895346 -0.314926 0.538475 0.648143 -0.538475 0.538475 0.648143 -0.538475 0.569897 0.591971 -0.569901 0.569898 0.591971 -0.569900 -0.000008 -1.000000 0.000008 -0.000002 -1.000000 0.000002 0.000046 -1.000000 -0.000046 -0.000003 -1.000000 0.000003 0.707102 0.000001 0.707111 0.707103 0.000004 0.707110 0.707109 -0.000003 0.707104 0.707109 -0.000000 0.707105 -0.001993 0.999996 0.001993 -0.001993 0.999996 0.001993 -0.086102 0.992559 0.086101 -0.086102 0.992559 0.086101 -0.000002 -1.000000 0.000002 0.000002 -1.000000 -0.000002 -0.001669 0.999997 0.001669 -0.001669 0.999997 0.001669 -0.041567 0.998271 0.041567 -0.041567 0.998271 0.041567 -0.000003 1.000000 0.000003 -0.000025 1.000000 0.000025 -0.314927 0.895344 0.314927 -0.314927 0.895345 0.314927 0.000010 -1.000000 -0.000010 0.000002 -1.000000 -0.000002 -0.122564 0.984863 0.122564 -0.122564 0.984863 0.122564 -0.000014 1.000000 0.000014 -0.000039 1.000000 0.000039 -0.569899 0.591973 0.569898 -0.569898 0.591973 0.569899 -0.538471 0.648150 0.538471 -0.538470 0.648150 0.538472 -0.707106 0.000000 0.707108 -0.707107 0.000000 0.707107 -0.707107 0.000000 0.707107 
						-0.707106 0.000000 0.707108 0.707108 0.000000 0.707106 0.707112 0.000000 0.707102 0.707112 0.000000 0.707101 0.707108 0.000000 0.707105 -0.162451 0.973252 0.162449 -0.162451 0.973252 0.162449 -0.162449 0.973253 0.162448 -0.162449 0.973253 0.162448 0.000000 -1.000000 0.000000 0.000000 -1.000000 0.000000 -0.162452 0.973252 0.162452 -0.162452 0.973252 0.162452 -0.162452 0.973252 0.162452 -0.162452 0.973252 0.162452 0.000000 1.000000 0.000000 0.000000 1.000000 0.000000 0.162449 0.973253 -0.162448 0.162449 0.973253 -0.162448 0.162448 0.973253 -0.162448 0.162449 0.973253 -0.162448 0.000000 -1.000000 0.000000 0.000000 -1.000000 0.000000 0.162450 0.973252 -0.162450 0.162450 0.973252 -0.162450 0.162450 0.973252 -0.162450 0.162450 0.973252 -0.162450 0.000000 1.000000 0.000000 0.000000 1.000000 0.000000 -0.162450 0.973252 0.162450 -0.162450 0.973252 0.162450 -0.162449 0.973253 0.162448 -0.162449 0.973253 0.162448 0.000000 -1.000000 0.000000 0.000000 -1.000000 0.000000 -0.162453 0.973252 0.162451 -0.162453 0.973252 0.162452 -0.162452 0.973251 0.162452 -0.162452 0.973252 0.162452 0.000000 1.000000 0.000000 0.000000 1.000000 0.000000 0.162448 0.973253 -0.162448 0.162448 0.973253 -0.162448 0.162448 0.973253 -0.162448 0.162448 0.973253 -0.162448 0.000000 -1.000000 0.000000 0.000000 -1.000000 0.000000 0.162450 0.973252 -0.162450 0.162450 0.973252 -0.162450 0.162450 0.973252 -0.162451 0.162450 0.973252 -0.162451 0.000000 1.000000 0.000000 0.000000 1.000000 0.000000 -0.707108 0.000001 -0.707105 -0.707108 0.000001 -0.707105 -0.707108 -0.000000 -0.707105 -0.707108 -0.000000 -0.707105 0.000000 -1.000000 0.000000 0.000000 -1.000000 0.000000 0.162449 0.973252 -0.162451 0.162449 0.973252 -0.162451 0.000000 1.000000 0.000000 0.000000 1.000000 0.000000 -0.162450 0.973252 0.162450 
						-0.162450 0.973252 0.162450 0.000000 -1.000000 0.000000 0.000000 -1.000000 0.000000 0.707105 0.000000 0.707108 0.707105 -0.000000 0.707108 0.707105 -0.000001 0.707108 0.707105 -0.000001 0.707108 0.000000 1.000000 0.000000 0.000000 1.000000 0.000000 -0.162452 0.973252 0.162448 -0.162452 0.973252 0.162448 0.000000 -1.000000 0.000000 0.000000 -1.000000 0.000000 0.707105 0.000001 0.707108 0.707105 0.000000 0.707108 0.707105 -0.000001 0.707108 0.707105 -0.000001 0.707108 0.000000 1.000000 0.000000 0.000000 1.000000 0.000000 -0.707108 0.000002 -0.707106 -0.707108 0.000001 -0.707105 -0.707109 -0.000001 -0.707105 -0.707108 -0.000001 -0.707105 0.000000 -1.000000 0.000000 0.000000 -1.000000 0.000000 0.162450 0.973252 -0.162450 0.162450 0.973252 -0.162450 0.000000 1.000000 0.000000 0.000000 1.000000 0.000000 -0.162450 0.973252 0.162450 -0.162450 0.973252 0.162450 0.000000 -1.000000 0.000000 0.000000 -1.000000 0.000000 -0.162450 0.973252 0.162450 -0.162450 0.973252 0.162450 -0.162450 0.973252 0.162450 -0.162450 0.973252 0.162450 0.000000 1.000000 0.000000 0.000000 1.000000 0.000000 0.707107 -0.000001 0.707107 0.707107 -0.000001 0.707107 0.707107 -0.000000 0.707107 0.707107 -0.000000 0.707107 0.162448 0.973253 -0.162450 0.162449 0.973253 -0.162450 0.162449 0.973253 -0.162450 0.162449 0.973253 -0.162450 0.000000 -1.000000 0.000000 0.000000 -1.000000 0.000000 0.162449 0.973252 -0.162451 0.162449 0.973252 -0.162451 0.000000 1.000000 0.000000 0.000000 1.000000 0.000000 -0.707112 0.000002 -0.707101 -0.707112 0.000002 -0.707101 -0.707112 0.000001 -0.707101 -0.707112 0.000001 -0.707101 -0.162450 0.973252 0.162450 -0.162450 0.973252 0.162450 0.000000 -1.000000 0.000000 0.000000 -1.000000 0.000000 -0.162450 0.973252 0.162450 -0.162450 0.973252 0.162450 -0.162450 0.973252 0.162450 
						-0.162450 0.973252 0.162450 0.000000 1.000000 0.000000 0.000000 1.000000 0.000000 0.707107 -0.000000 0.707107 0.707107 0.000000 0.707107 0.707107 0.000000 0.707107 0.707107 0.000000 0.707107 0.162448 0.973253 -0.162451 0.162448 0.973253 -0.162451 0.162449 0.973253 -0.162449 0.162449 0.973252 -0.162450 0.000000 -1.000000 0.000000 0.000000 -1.000000 0.000000 0.162449 0.973252 -0.162451 0.162450 0.973252 -0.162452 0.000000 1.000000 0.000000 0.000000 1.000000 0.000000 0.707104 0.000002 0.707109 0.707077 0.000011 0.707137 0.707062 0.000016 0.707152 0.707089 0.000007 0.707124 0.000032 1.000000 -0.000032 0.000032 1.000000 -0.000032 0.000032 1.000000 -0.000032 0.000032 1.000000 -0.000032 -0.707111 0.000001 -0.707103 -0.707109 0.000001 -0.707104 -0.707109 0.000001 -0.707105 -0.707110 0.000001 -0.707104 0.707156 0.000016 0.707058 0.707115 0.000003 0.707098 0.707107 0.000000 0.707107 0.707143 0.000012 0.707071 -0.707104 -0.000001 -0.707109 -0.707102 -0.000000 -0.707112 -0.707100 0.000000 -0.707113 -0.707103 -0.000001 -0.707111 -0.000032 1.000000 0.000032 -0.000032 1.000000 0.000032 -0.000032 1.000000 0.000032 -0.000032 1.000000 0.000032 0.707101 -0.000002 0.707112 0.707108 0.000000 0.707105 0.707110 0.000001 0.707104 0.707104 -0.000001 0.707109 0.000032 -1.000000 -0.000032 0.000032 -1.000000 -0.000032 0.000032 -1.000000 -0.000032 0.000032 -1.000000 -0.000032 -0.707110 -0.000003 -0.707104 -0.707109 -0.000003 -0.707105 -0.707108 -0.000003 -0.707105 -0.707109 -0.000003 -0.707105 0.707106 0.000001 0.707108 0.707108 0.000000 0.707106 0.707109 0.000000 0.707105 0.707107 0.000001 0.707107 -0.707101 -0.000002 -0.707112 -0.707108 0.000001 -0.707105 -0.707110 0.000001 -0.707103 -0.707105 -0.000001 -0.707109 -0.000032 -1.000000 0.000032 -0.000032 -1.000000 0.000032 -0.000032 -1.000000 0.000032 
						-0.000032 -1.000000 0.000032 0.707108 0.000000 0.707106 0.707110 0.000001 0.707104 0.707110 0.000001 0.707103 0.707108 0.000000 0.707105 0.000035 -1.000000 -0.000035 0.000035 -1.000000 -0.000035 0.000035 -1.000000 -0.000035 0.000035 -1.000000 -0.000035 -0.707109 -0.000001 -0.707104 -0.707108 -0.000000 -0.707106 -0.707107 0.000000 -0.707107 -0.707109 -0.000001 -0.707105 0.707102 0.000005 0.707112 0.707107 0.000003 0.707107 0.707110 0.000002 0.707104 0.707105 0.000004 0.707109 -0.707109 -0.000001 -0.707105 -0.707107 -0.000002 -0.707107 -0.707105 -0.000003 -0.707108 -0.707108 -0.000002 -0.707106 -0.000035 -1.000000 0.000035 -0.000035 -1.000000 0.000035 -0.000035 -1.000000 0.000035 -0.000035 -1.000000 0.000035 0.707109 0.000001 0.707105 0.707106 -0.000000 0.707107 0.707105 -0.000001 0.707109 0.707107 0.000000 0.707106 -0.707109 -0.000001 -0.707105 -0.707107 -0.000000 -0.707106 -0.707106 0.000000 -0.707107 -0.707108 -0.000000 -0.707106 -0.000035 1.000000 0.000035 -0.000035 1.000000 0.000035 -0.000035 1.000000 0.000035 -0.000035 1.000000 0.000035 -0.707107 0.000000 -0.707107 -0.707107 0.000000 -0.707107 -0.707107 0.000001 -0.707107 -0.707107 0.000001 -0.707107 0.707104 0.000001 0.707109 0.707107 0.000001 0.707107 0.707107 0.000001 0.707107 0.707107 0.000000 0.707107 0.707107 0.000000 0.707107 -0.707113 0.000002 -0.707101 -0.707113 0.000002 -0.707101 -0.707113 0.000001 -0.707101 -0.707113 0.000001 -0.707101 -0.707120 0.000003 -0.707093 -0.707113 0.000001 -0.707100 -0.707110 -0.000000 -0.707104 -0.707117 0.000002 -0.707097 0.707115 0.000000 0.707099 0.707081 0.000012 0.707133 0.707062 0.000018 0.707151 0.707096 0.000006 0.707117 -0.000007 1.000000 0.000012 -0.000008 1.000000 0.000012 -0.000008 1.000000 0.000013 -0.000008 1.000000 0.000012 0.707114 -0.000003 0.707099 0.707106 -0.000000 0.707107 
						0.707106 -0.000000 0.707107 0.707106 -0.000001 0.707107 0.707106 -0.000001 0.707107 0.162449 0.973252 -0.162450 0.162449 0.973252 -0.162449 0.162449 0.973252 -0.162449 0.162449 0.973252 -0.162449 -0.707107 -0.000000 -0.707107 -0.707107 0.000000 -0.707106 -0.707107 0.000000 -0.707107 -0.707107 -0.000000 -0.707107 0.707070 0.000012 0.707144 0.707106 0.000000 0.707108 0.707098 0.000003 0.707116 -0.162450 0.973252 0.162450 -0.162450 0.973252 0.162450 -0.162450 0.973252 0.162450 -0.162450 0.973252 0.162450 0.707107 0.000000 0.707106 0.707116 0.000003 0.707098 0.707107 -0.000001 0.707107 0.707107 0.000000 0.707107 -0.707107 -0.000000 -0.707107 -0.707106 0.000000 -0.707108 -0.162448 0.973253 0.162449 -0.162448 0.973253 0.162449 -0.162448 0.973253 0.162449 -0.162448 0.973253 0.162449 -0.707102 0.000002 -0.707112 -0.707103 0.000001 -0.707110 0.707107 -0.000001 0.707107 0.707107 -0.000001 0.707107 0.707109 0.000001 0.707104 0.707109 0.000001 0.707104 0.162451 0.973252 -0.162451 0.162451 0.973252 -0.162451 0.162451 0.973252 -0.162451 0.162451 0.973252 -0.162451 0.707101 0.000002 0.707112 0.707102 0.000002 0.707112 -0.707107 0.000001 -0.707107 -0.707107 0.000001 -0.707107 -0.707106 -0.000000 -0.707107 -0.707107 0.000000 -0.707107 -0.162450 0.973252 0.162450 -0.162450 0.973252 0.162450 -0.162450 0.973252 0.162450 -0.162450 0.973252 0.162450 -0.707108 -0.000000 -0.707106 -0.707108 -0.000000 -0.707105 0.707107 -0.000001 0.707107 0.707107 -0.000000 0.707107 0.707108 0.000000 0.707106 0.707108 0.000001 0.707105 0.162450 0.973252 -0.162450 0.162450 0.973252 -0.162450 0.162450 0.973252 -0.162450 0.162450 0.973252 -0.162450 0.707101 0.000002 0.707112 0.707101 0.000002 0.707112 -0.707107 0.000001 -0.707107 -0.707107 0.000000 -0.707107 -0.707109 0.000001 -0.707105 -0.707108 0.000000 -0.707106 
						-0.162450 0.973252 0.162450 -0.162450 0.973252 0.162450 -0.162450 0.973252 0.162450 -0.162450 0.973252 0.162450 0.707104 -0.000001 0.707110 0.707105 -0.000001 0.707109 0.707107 0.000000 0.707107 0.707107 0.000000 0.707107 -0.707104 0.000001 -0.707110 -0.707104 0.000001 -0.707109 0.162450 0.973252 -0.162450 0.162450 0.973252 -0.162450 0.162450 0.973252 -0.162450 0.162450 0.973252 -0.162450 -0.707116 0.000003 -0.707098 -0.707117 0.000003 -0.707097 -0.707107 -0.000000 -0.707107 -0.707107 0.000000 -0.707107 0.707071 0.000012 0.707143 0.707113 -0.000002 0.707101 0.707104 0.000001 0.707109 -0.707107 -0.000000 -0.707107 -0.707107 -0.000000 -0.707107 -0.707107 0.000001 -0.707107 -0.707107 0.000000 -0.707107 
					</float_array>
					<technique_common>
						<accessor count="665" offset="0" source="#meshId6-bitangents-array" stride="3">
							<param name="X" type="float" />
							<param name="Y" type="float" />
							<param name="Z" type="float" />
						</accessor>
					</technique_common>
				</source>
				<source id="meshId6-tex0" name="meshId6-tex0">
					<float_array id="meshId6-tex0-array" count="1330"> 
						0.663500 0.001930 0.683181 0.001930 0.660178 0.099379 0.640497 0.099379 0.880218 0.321594 0.899900 0.321594 0.922903 0.419043 0.903221 0.419043 0.933786 0.844139 0.953468 0.844139 0.953468 0.863820 0.933786 0.863820 0.004232 0.498308 0.023914 0.498308 0.023914 0.595756 0.004232 0.595756 0.500585 0.423035 0.520266 0.423035 0.520266 0.520483 0.500585 0.520483 0.470128 0.001930 0.493131 0.099379 0.473449 0.099379 0.450446 0.001930 0.713170 0.321594 0.732852 0.321594 0.709849 0.419043 0.690167 0.419043 0.961072 0.844139 0.980753 0.844139 0.980753 0.863821 0.961072 0.863821 0.021673 0.599748 0.021673 0.697197 0.001992 0.697197 0.001992 0.599748 0.494450 0.423035 0.494450 0.520483 0.474768 0.520483 0.474768 0.423035 0.574753 0.377890 0.594435 0.377890 0.594435 0.383212 0.574753 0.383212 0.834156 0.043083 0.814475 0.043083 0.814475 0.037762 0.834156 0.037762 0.500585 0.798995 0.520266 0.798995 0.520266 0.804316 0.500585 0.804316 0.084043 0.648172 0.103724 0.648172 0.103724 0.653493 0.084043 0.653493 0.539192 0.377890 0.558874 0.377890 0.558874 0.383212 0.539192 0.383212 0.111328 0.905579 0.131010 0.905579 0.131010 0.910900 0.111328 0.910900 
						0.798595 0.043083 0.778914 0.043083 0.778914 0.037762 0.798595 0.037762 0.474768 0.798995 0.494450 0.798995 0.494450 0.804316 0.474768 0.804316 0.568924 0.419043 0.568924 0.399362 0.573064 0.398948 0.582256 0.414073 0.898897 0.857472 0.879215 0.857472 0.879215 0.844139 0.898897 0.844139 0.804425 0.001930 0.804425 0.021612 0.800284 0.022026 0.791092 0.006901 0.989647 0.867812 0.989647 0.887493 0.985507 0.887493 0.985507 0.867812 0.564704 0.419043 0.551371 0.414073 0.560563 0.398948 0.564704 0.399362 0.898897 0.861692 0.898897 0.875024 0.879215 0.875024 0.879215 0.861692 0.558889 0.389434 0.539211 0.389626 0.474768 0.804316 0.494450 0.804316 0.494450 0.810538 0.474768 0.810538 0.778932 0.031347 0.798610 0.031539 0.111328 0.910900 0.131010 0.910900 0.131010 0.917315 0.111328 0.917315 0.559567 0.394990 0.541497 0.401998 0.494450 0.816095 0.474768 0.816095 0.781218 0.018975 0.799289 0.025983 0.131010 0.929687 0.111328 0.929687 0.494450 0.820052 0.474768 0.820052 0.131010 0.941761 0.111328 0.941761 0.808645 0.001930 0.821978 0.006901 0.812786 0.022026 0.808645 0.021612 0.993867 0.867812 0.998008 0.867812 0.998008 0.887493 0.993867 0.887493 
						0.084043 0.653493 0.103724 0.653493 0.103724 0.659907 0.084043 0.659907 0.814460 0.031539 0.834138 0.031347 0.500585 0.804316 0.520266 0.804316 0.520266 0.810538 0.500585 0.810538 0.594417 0.389626 0.574739 0.389434 0.103724 0.672280 0.084043 0.672280 0.813781 0.025983 0.831851 0.018975 0.520266 0.816095 0.500585 0.816095 0.592130 0.401998 0.574060 0.394990 0.103724 0.684354 0.084043 0.684354 0.520266 0.820052 0.500585 0.820052 0.879215 0.857472 0.898897 0.857472 0.898897 0.861692 0.879215 0.861692 0.804425 0.021612 0.804425 0.001930 0.993867 0.867812 0.993867 0.887493 0.989647 0.887493 0.989647 0.867812 0.568924 0.399362 0.568924 0.419043 0.564704 0.419043 0.978327 0.423035 0.998008 0.423035 0.975005 0.520483 0.955324 0.520483 0.716453 0.742699 0.736134 0.742699 0.759137 0.840147 0.739456 0.840147 0.959690 0.867812 0.979371 0.867812 0.979371 0.887493 0.959690 0.887493 0.029472 0.610576 0.049154 0.610576 0.049154 0.708024 0.029472 0.708024 0.448952 0.423035 0.468633 0.423035 0.468633 0.520483 0.448952 0.520483 0.784954 0.423035 0.807957 0.520483 0.788276 0.520483 0.765273 0.423035 0.549405 0.742699 0.569086 0.742699 0.546083 0.840147 
						0.526402 0.840147 0.933873 0.867812 0.953554 0.867812 0.953554 0.887493 0.933873 0.887493 0.076439 0.610576 0.076439 0.708024 0.056758 0.708024 0.056758 0.610576 0.442816 0.498308 0.442816 0.595757 0.423135 0.595757 0.423135 0.498308 0.889580 0.798995 0.909262 0.798995 0.909262 0.804316 0.889580 0.804316 0.670391 0.464188 0.650709 0.464188 0.650709 0.458866 0.670391 0.458866 0.448952 0.798995 0.468633 0.798995 0.468633 0.804316 0.448952 0.804316 0.138614 0.905579 0.158295 0.905579 0.158295 0.910900 0.138614 0.910900 0.854019 0.798995 0.873701 0.798995 0.873701 0.804316 0.854019 0.804316 0.165899 0.905579 0.185580 0.905579 0.185580 0.910900 0.165899 0.910900 0.634830 0.464188 0.615148 0.464188 0.615148 0.458866 0.634830 0.458866 0.423135 0.874268 0.442816 0.874268 0.442816 0.879589 0.423135 0.879589 0.883750 0.840147 0.883750 0.820466 0.887891 0.820052 0.897083 0.835177 0.926182 0.857472 0.906501 0.857472 0.906501 0.844139 0.926182 0.844139 0.640659 0.423035 0.640659 0.442716 0.636519 0.443130 0.627327 0.428005 0.919377 0.879016 0.919377 0.898697 0.915236 0.898697 0.915236 0.879016 0.879530 0.840147 0.866198 0.835177 0.875390 0.820052 
						0.879530 0.820466 0.926182 0.861692 0.926182 0.875024 0.906501 0.875024 0.906501 0.861692 0.873715 0.810538 0.854037 0.810730 0.423135 0.879589 0.442816 0.879589 0.442816 0.885812 0.423135 0.885812 0.615166 0.452452 0.634844 0.452644 0.165899 0.910900 0.185580 0.910900 0.185580 0.917315 0.165899 0.917315 0.874394 0.816095 0.856324 0.823102 0.442816 0.891368 0.423135 0.891368 0.617453 0.440080 0.635523 0.447088 0.185580 0.929687 0.165899 0.929687 0.442816 0.895325 0.423135 0.895325 0.185580 0.941761 0.165899 0.941761 0.644880 0.423035 0.658212 0.428005 0.649020 0.443130 0.644880 0.442716 0.923597 0.879016 0.927738 0.879016 0.927738 0.898697 0.923597 0.898697 0.138614 0.910900 0.158295 0.910900 0.158295 0.917315 0.138614 0.917315 0.650695 0.452644 0.670373 0.452452 0.448952 0.804316 0.468633 0.804316 0.468633 0.810538 0.448952 0.810538 0.909244 0.810730 0.889565 0.810538 0.158295 0.929687 0.138614 0.929687 0.650016 0.447088 0.668086 0.440080 0.468633 0.816095 0.448952 0.816095 0.906957 0.823102 0.888887 0.816095 0.158295 0.941761 0.138614 0.941761 0.468633 0.820052 0.448952 0.820052 0.906501 0.857472 0.926182 0.857472 0.926182 0.861692 
						0.906501 0.861692 0.923597 0.879016 0.923597 0.898697 0.919377 0.898697 0.919377 0.879016 0.500585 0.761399 0.520266 0.761399 0.520266 0.798995 0.500585 0.798995 0.843031 0.080679 0.823349 0.080679 0.084043 0.610576 0.103724 0.610576 0.103724 0.648172 0.084043 0.648172 0.583628 0.340294 0.603310 0.340294 0.111328 0.867983 0.131010 0.867983 0.131010 0.905579 0.111328 0.905579 0.789720 0.080679 0.770039 0.080679 0.474768 0.761399 0.494450 0.761399 0.494450 0.798995 0.474768 0.798995 0.530318 0.340294 0.549999 0.340294 0.448952 0.761399 0.468633 0.761399 0.468633 0.798995 0.448952 0.798995 0.679265 0.501784 0.659584 0.501784 0.138614 0.867983 0.158295 0.867983 0.158295 0.905579 0.138614 0.905579 0.898455 0.761399 0.918136 0.761399 0.165899 0.867983 0.185580 0.867983 0.185580 0.905579 0.165899 0.905579 0.625955 0.501784 0.606274 0.501784 0.423135 0.836672 0.442816 0.836672 0.442816 0.874268 0.423135 0.874268 0.845144 0.761399 0.864826 0.761399 0.001992 0.065281 0.001992 0.045600 0.069665 0.045600 0.069665 0.065281 0.609981 0.569456 0.590299 0.569456 0.423135 0.768999 0.442816 0.768999 0.829170 0.693726 0.848852 0.693726 0.448952 0.693726 
						0.468633 0.693726 0.695240 0.569456 0.675558 0.569456 0.076247 0.450647 0.076247 0.430965 0.143920 0.430965 0.143920 0.450647 0.914429 0.693726 0.934111 0.693726 0.500585 0.693726 0.520266 0.693726 0.859005 0.148352 0.839324 0.148352 0.076247 0.065282 0.076247 0.045600 0.143920 0.045600 0.143920 0.065282 0.599602 0.272622 0.619284 0.272622 0.001992 0.450646 0.001992 0.430965 0.069665 0.430965 0.069665 0.450646 0.773746 0.148352 0.754065 0.148352 0.474768 0.693726 0.494450 0.693726 0.514343 0.272622 0.534025 0.272622 0.500585 0.585449 0.520266 0.585449 0.884564 0.256628 0.864883 0.256628 0.107499 0.498308 0.127181 0.498308 0.127181 0.606584 0.107499 0.606584 0.625161 0.164345 0.644843 0.164345 0.150307 0.065282 0.150307 0.045600 0.215273 0.045600 0.215273 0.065282 0.081683 0.498308 0.101364 0.498308 0.101364 0.606584 0.081683 0.606584 0.748187 0.256628 0.728506 0.256628 0.474768 0.585449 0.494450 0.585449 0.488784 0.164345 0.508466 0.164345 0.222419 0.450647 0.222419 0.430965 0.287385 0.430965 0.287385 0.450647 0.448952 0.585449 0.468633 0.585449 0.720799 0.677733 0.701117 0.677733 0.055866 0.498308 0.075547 0.498308 0.075547 0.606584 
						0.055866 0.606584 0.939988 0.585449 0.959670 0.585449 0.150307 0.450646 0.150307 0.430965 0.215273 0.430965 0.215273 0.450646 0.030049 0.498308 0.049731 0.498308 0.049731 0.606584 0.030049 0.606584 0.584422 0.677733 0.564740 0.677733 0.423135 0.660723 0.442816 0.660723 0.803611 0.585449 0.823293 0.585449 0.306432 0.430965 0.306432 0.450646 0.294530 0.450647 0.294530 0.430965 0.205087 0.867983 0.221061 0.935656 0.209159 0.938465 0.193184 0.870792 0.325922 0.045600 0.325922 0.065282 0.314019 0.065282 0.314019 0.045600 0.333509 0.450646 0.333509 0.430965 0.345411 0.430965 0.345411 0.450647 0.352998 0.065282 0.352998 0.045600 0.364901 0.045600 0.364901 0.065282 0.228265 0.935656 0.244240 0.867983 0.256142 0.870792 0.240168 0.938465 0.333509 0.065281 0.333509 0.045600 0.345411 0.045600 0.345411 0.065281 0.279321 0.938465 0.263347 0.870792 0.275249 0.867983 0.291223 0.935656 0.352998 0.450647 0.352998 0.430965 0.364901 0.430965 0.364901 0.450647 0.306432 0.045600 0.306432 0.065281 0.294530 0.065281 0.294530 0.045600 0.325922 0.430965 0.325922 0.450647 0.314019 0.450647 0.314019 0.430965 0.326304 0.870792 0.310330 0.938465 0.298428 0.935656 
						0.314402 0.867983 0.372488 0.065281 0.372488 0.045600 0.384390 0.045600 0.384390 0.065281 0.348844 0.935758 0.333509 0.870792 0.345411 0.867983 0.360747 0.932949 0.391977 0.450647 0.391977 0.430965 0.403880 0.430965 0.403880 0.450647 0.423369 0.045600 0.423369 0.065281 0.411467 0.065281 0.411467 0.045600 0.442859 0.430965 0.442859 0.450647 0.430956 0.450647 0.430957 0.430965 0.395828 0.870792 0.380492 0.935758 0.368590 0.932949 0.383925 0.867983 0.372488 0.450646 0.372488 0.430965 0.384390 0.430965 0.384390 0.450646 0.391977 0.065282 0.391977 0.045600 0.403880 0.045600 0.403880 0.065282 0.403671 0.964283 0.419007 0.899317 0.430909 0.902126 0.415573 0.967092 0.416999 0.863991 0.352034 0.863991 0.352034 0.498308 0.416999 0.498308 0.294530 0.430965 0.345898 0.863991 0.278226 0.863991 0.278226 0.498308 0.345898 0.498308 0.287384 0.045600 0.287384 0.065282 0.222419 0.065282 0.222419 0.045600 0.442859 0.045600 0.442859 0.065282 0.430960 0.065282 0.430960 0.045600 0.423369 0.430965 0.423369 0.450646 0.411470 0.450647 0.411470 0.430965 0.450651 0.899317 0.465987 0.964283 0.454088 0.967092 0.438752 0.902126 0.411470 0.430965 0.207124 0.498308 
						0.272090 0.498308 0.272090 0.863991 0.207124 0.863991 0.517503 0.824044 0.517503 0.891716 0.473833 0.891716 0.473833 0.824044 0.314019 0.001930 0.325922 0.001930 0.001992 0.001930 0.069665 0.001930 0.306432 0.450646 0.306432 0.494316 0.294530 0.494316 0.524506 0.911812 0.524506 0.844139 0.568176 0.844139 0.568176 0.911812 0.345411 0.494316 0.333509 0.494316 0.143920 0.494316 0.076247 0.494316 0.352998 0.001930 0.364901 0.001930 0.618849 0.844139 0.618849 0.911812 0.575179 0.911812 0.575179 0.844139 0.364901 0.494316 0.352998 0.494316 0.076247 0.001930 0.143920 0.001930 0.333509 0.001930 0.345411 0.001930 0.625852 0.911812 0.625852 0.844139 0.669521 0.844139 0.669521 0.911812 0.294530 0.001930 0.306432 0.001930 0.069665 0.494316 0.001992 0.494316 0.325922 0.494316 0.314019 0.494316 0.720194 0.844139 0.720194 0.909105 0.676524 0.909105 0.676524 0.844139 0.403880 0.494316 0.391977 0.494316 0.150307 0.001930 0.215273 0.001930 0.372488 0.001930 0.384390 0.001930 0.727197 0.909105 0.727197 0.844139 0.770867 0.844139 0.770867 0.909105 0.411467 0.001930 0.423369 0.001930 0.287385 0.494316 0.222419 0.494316 0.442859 0.494316 0.430956 0.494316 
						0.777870 0.909105 0.777870 0.844139 0.821540 0.844139 0.821540 0.909105 0.384390 0.494316 0.372488 0.494316 0.215273 0.494316 0.150307 0.494316 0.391977 0.001930 0.403880 0.001930 0.872212 0.844139 0.872212 0.909105 0.828543 0.909105 0.828543 0.844139 0.430960 0.001930 0.442859 0.001930 0.222419 0.001930 0.287384 0.001930 0.423369 0.450646 0.423369 0.494316 0.411470 0.494316 0.133316 0.498308 0.200989 0.498308 0.200989 0.863991 0.133316 0.863991 
					</float_array>
					<technique_common>
						<accessor count="665" offset="0" source="#meshId6-tex0-array" stride="2">
							<param name="S" type="float" />
							<param name="T" type="float" />
						</accessor>
					</technique_common>
				</source>
				<vertices id="meshId6-vertices">
					<input semantic="POSITION" source="#meshId6-positions" />
				</vertices>
				<polylist count="488" material="defaultMaterial">
					<input offset="0" semantic="VERTEX" source="#meshId6-vertices" />
					<input offset="0" semantic="NORMAL" source="#meshId6-normals" />
					<input offset="0" semantic="TANGENT" source="#meshId6-tangents" />
					<input offset="0" semantic="BINORMAL" source="#meshId6-bitangents" />
					<input offset="0" semantic="TEXCOORD" source="#meshId6-tex0" set="0" />
					<vcount>
						3 3 3 3 3 3 3 3 3 3 3 3 3 3 3 3 3 3 3 3 3 3 3 3 3 3 3 3 3 3 3 3 3 3 3 3 3 3 3 3 3 3 3 3 3 3 3 3 3 3 3 3 3 3 3 3 3 3 3 3 3 3 3 3 
						3 3 3 3 3 3 3 3 3 3 3 3 3 3 3 3 3 3 3 3 3 3 3 3 3 3 3 3 3 3 3 3 3 3 3 3 3 3 3 3 3 3 3 3 3 3 3 3 3 3 3 3 3 3 3 3 3 3 3 3 3 3 3 3 
						3 3 3 3 3 3 3 3 3 3 3 3 3 3 3 3 3 3 3 3 3 3 3 3 3 3 3 3 3 3 3 3 3 3 3 3 3 3 3 3 3 3 3 3 3 3 3 3 3 3 3 3 3 3 3 3 3 3 3 3 3 3 3 3 
						3 3 3 3 3 3 3 3 3 3 3 3 3 3 3 3 3 3 3 3 3 3 3 3 3 3 3 3 3 3 3 3 3 3 3 3 3 3 3 3 3 3 3 3 3 3 3 3 3 3 3 3 3 3 3 3 3 3 3 3 3 3 3 3 
						3 3 3 3 3 3 3 3 3 3 3 3 3 3 3 3 3 3 3 3 3 3 3 3 3 3 3 3 3 3 3 3 3 3 3 3 3 3 3 3 3 3 3 3 3 3 3 3 3 3 3 3 3 3 3 3 3 3 3 3 3 3 3 3 
						3 3 3 3 3 3 3 3 3 3 3 3 3 3 3 3 3 3 3 3 3 3 3 3 3 3 3 3 3 3 3 3 3 3 3 3 3 3 3 3 3 3 3 3 3 3 3 3 3 3 3 3 3 3 3 3 3 3 3 3 3 3 3 3 
						3 3 3 3 3 3 3 3 3 3 3 3 3 3 3 3 3 3 3 3 3 3 3 3 3 3 3 3 3 3 3 3 3 3 3 3 3 3 3 3 3 3 3 3 3 3 3 3 3 3 3 3 3 3 3 3 3 3 3 3 3 3 3 3 
						3 3 3 3 3 3 3 3 3 3 3 3 3 3 3 3 3 3 3 3 3 3 3 3 3 3 3 3 3 3 3 3 3 3 3 3 3 3 3 3 
					</vcount>
					<p>
						3 0 1 1 2 3 7 4 5 5 6 7 11 8 9 9 10 11 15 12 13 13 14 15 19 16 17 17 18 19 23 20 21 21 22 23 27 24 25 25 26 27 31 28 29 29 30 31 35 32 33 33 34 35 39 36 37 37 38 39 43 40 41 41 42 43 47 44 45 45 46 47 51 48 49 49 50 51 55 52 53 53 54 55 59 56 57 57 58 59 63 60 61 61 62 63 67 64 65 65 66 67 71 68 69 69 70 71 75 72 73 73 74 75 79 76 77 77 78 79 83 80 81 81 82 83 87 84 85 85 86 87 91 88 89 89 90 91 95 92 93 93 94 95 97 59 58 58 96 97 101 98 99 99 100 101 103 67 66 66 102 103 107 104 105 105 106 107 96 108 109 109 97 96 100 110 111 111 101 100 102 112 113 113 103 102 107 106 114 114 115 107 
						89 109 108 108 90 89 117 111 110 110 116 117 82 113 112 112 83 82 119 115 114 114 118 119 123 120 121 121 122 123 127 124 125 125 126 127 131 128 129 129 130 131 133 47 46 46 132 133 137 134 135 135 136 137 139 43 42 42 138 139 130 140 141 141 131 130 132 142 143 143 133 132 136 144 145 145 137 136 139 138 146 146 147 139 149 141 140 140 148 149 121 143 142 142 122 121 151 145 144 144 150 151 74 147 146 146 75 74 155 152 153 153 154 155 157 120 123 123 156 157 161 158 159 159 160 161 91 162 163 163 164 91 168 165 166 166 167 168 172 169 170 170 171 172 176 173 174 174 175 176 180 177 178 178 179 180 184 181 182 182 183 184 188 185 186 186 187 188 192 189 190 190 191 192 196 193 194 194 195 196 200 197 198 198 199 200 204 201 202 202 203 204 
						208 205 206 206 207 208 212 209 210 210 211 212 216 213 214 214 215 216 220 217 218 218 219 220 224 221 222 222 223 224 228 225 226 226 227 228 232 229 230 230 231 232 236 233 234 234 235 236 240 237 238 238 239 240 244 241 242 242 243 244 248 245 246 246 247 248 252 249 250 250 251 252 256 253 254 254 255 256 260 257 258 258 259 260 262 224 223 223 261 262 266 263 264 264 265 266 268 232 231 231 267 268 272 269 270 270 271 272 261 273 274 274 262 261 265 275 276 276 266 265 267 277 278 278 268 267 272 271 279 279 280 272 254 274 273 273 255 254 282 276 275 275 281 282 247 278 277 277 248 247 284 280 279 279 283 284 288 285 286 286 287 288 292 289 290 290 291 292 296 293 294 294 295 296 298 212 211 211 297 298 302 299 300 300 301 302 304 208 207 207 303 304 
						295 305 306 306 296 295 297 307 308 308 298 297 301 309 310 310 302 301 304 303 311 311 312 304 314 306 305 305 313 314 286 308 307 307 287 286 316 310 309 309 315 316 239 312 311 311 240 239 320 317 318 318 319 320 245 285 288 288 246 245 324 321 322 322 323 324 256 238 237 237 253 256 328 325 326 326 327 328 330 45 44 44 329 330 334 331 332 332 333 334 40 335 336 336 41 40 340 337 338 338 339 340 65 64 341 341 342 65 346 343 344 344 345 346 56 347 348 348 57 56 352 349 350 350 351 352 354 210 209 209 353 354 358 355 356 356 357 358 205 359 360 360 206 205 364 361 362 362 363 364 230 229 365 365 366 230 370 367 368 368 369 370 221 371 372 372 222 221 376 373 374 374 375 376 378 366 365 365 377 378 367 379 380 380 368 367 371 381 382 382 372 371 
						349 383 384 384 350 349 386 354 353 353 385 386 390 387 388 388 389 390 359 391 392 392 360 359 325 393 394 394 326 325 396 330 329 329 395 396 400 397 398 398 399 400 335 401 402 402 336 335 406 403 404 404 405 406 408 342 341 341 407 408 343 409 410 410 344 343 347 411 412 412 348 347 393 413 414 414 394 393 416 396 395 395 415 416 420 417 418 418 419 420 401 421 422 422 402 401 413 19 18 18 414 413 4 416 415 415 5 4 426 423 424 424 425 426 421 3 2 2 422 421 430 427 428 428 429 430 432 408 407 407 431 432 409 433 434 434 410 409 411 435 436 436 412 411 440 437 438 438 439 440 24 432 431 431 25 24 433 38 37 37 434 433 435 22 21 21 436 435 383 441 442 442 384 383 444 386 385 385 443 444 448 445 446 446 447 448 391 449 450 450 392 391 
						441 184 183 183 442 441 169 444 443 443 170 169 454 451 452 452 453 454 449 168 167 167 450 449 458 455 456 456 457 458 460 378 377 377 459 460 379 461 462 462 380 379 381 463 464 464 382 381 468 465 466 466 467 468 472 469 470 470 471 472 476 473 474 474 475 476 480 477 478 478 479 480 484 481 482 482 483 484 488 485 486 486 487 488 492 489 490 490 491 492 496 493 494 494 495 496 500 497 498 498 499 500 504 501 502 502 503 504 508 505 506 506 507 508 512 509 510 510 511 512 516 513 514 514 515 516 520 517 518 518 519 520 524 521 522 522 523 524 528 525 526 526 527 528 532 529 530 530 531 532 536 533 534 534 535 536 540 537 538 538 539 540 544 541 542 542 543 544 548 545 546 546 547 548 498 481 484 484 499 498 400 389 388 388 397 400 492 479 478 478 489 492 
						552 549 550 550 551 552 538 513 516 516 539 538 452 423 426 426 453 452 544 523 522 522 541 544 502 465 553 553 503 502 404 373 376 376 405 404 508 475 474 474 505 508 557 554 555 555 556 557 189 460 459 459 190 189 202 462 461 461 203 202 186 464 463 463 187 186 561 558 559 559 560 561 565 562 563 563 564 565 569 566 567 567 568 569 573 570 571 571 572 573 563 529 532 532 564 563 559 439 438 438 560 559 574 527 526 526 566 574 578 575 576 576 577 578 582 579 580 580 581 582 584 473 476 476 583 584 586 375 374 374 585 586 589 467 587 587 588 589 593 590 591 591 592 593 595 477 480 480 594 595 597 387 390 390 596 597 599 483 482 482 598 599 603 600 601 601 602 603 605 497 500 500 604 605 607 399 398 398 606 607 609 491 490 490 608 609 613 610 611 611 612 613 
						615 501 504 504 614 615 617 403 406 406 616 617 619 507 506 506 618 619 623 620 621 621 622 623 625 521 524 524 624 625 627 425 424 424 626 627 629 515 514 514 628 629 633 630 631 631 632 633 635 525 528 528 634 635 637 437 440 440 636 637 639 531 530 530 638 639 643 640 641 641 642 643 645 537 540 540 644 645 647 451 454 454 646 647 649 543 542 542 648 649 653 650 651 651 652 653 655 562 565 565 654 655 657 558 561 561 656 657 660 568 658 658 659 660 664 661 662 662 663 664 
					</p>
				</polylist>
			</mesh>
		</geometry>
	</library_geometries>
	<library_visual_scenes>
		<visual_scene id="construction.obj" name="construction.obj">
			<node id="default" name="default">
				<matrix>1.000000 0.000000 0.000000 0.000000 0.000000 1.000000 0.000000 0.000000 0.000000 0.000000 1.000000 0.000000 0.000000 0.000000 0.000000 1.000000</matrix>
			</node>
			<node id="Concrete_Barrier" name="Concrete_Barrier">
				<matrix>1.000000 0.000000 0.000000 0.000000 0.000000 1.000000 0.000000 0.000000 0.000000 0.000000 1.000000 0.000000 0.000000 0.000000 0.000000 1.000000</matrix>
				<instance_geometry url="#meshId0">
					<bind_material>
						<technique_common>
							<instance_material symbol="defaultMaterial" target="#concrete_barrier" />
						</technique_common>
					</bind_material>
				</instance_geometry>
			</node>
			<node id="default" name="default">
				<matrix>1.000000 0.000000 0.000000 0.000000 0.000000 1.000000 0.000000 0.000000 0.000000 0.000000 1.000000 0.000000 0.000000 0.000000 0.000000 1.000000</matrix>
			</node>
			<node id="Sign" name="Sign">
				<matrix>1.000000 0.000000 0.000000 0.000000 0.000000 1.000000 0.000000 0.000000 0.000000 0.000000 1.000000 0.000000 0.000000 0.000000 0.000000 1.000000</matrix>
				<instance_geometry url="#meshId1">
					<bind_material>
						<technique_common>
							<instance_material symbol="defaultMaterial" target="#sign" />
						</technique_common>
					</bind_material>
				</instance_geometry>
			</node>
			<node id="default" name="default">
				<matrix>1.000000 0.000000 0.000000 0.000000 0.000000 1.000000 0.000000 0.000000 0.000000 0.000000 1.000000 0.000000 0.000000 0.000000 0.000000 1.000000</matrix>
			</node>
			<node id="Construction_Large_Cone" name="Construction_Large_Cone">
				<matrix>1.000000 0.000000 0.000000 0.000000 0.000000 1.000000 0.000000 0.000000 0.000000 0.000000 1.000000 0.000000 0.000000 0.000000 0.000000 1.000000</matrix>
				<instance_geometry url="#meshId2">
					<bind_material>
						<technique_common>
							<instance_material symbol="defaultMaterial" target="#Large_Cone" />
						</technique_common>
					</bind_material>
				</instance_geometry>
			</node>
			<node id="default" name="default">
				<matrix>1.000000 0.000000 0.000000 0.000000 0.000000 1.000000 0.000000 0.000000 0.000000 0.000000 1.000000 0.000000 0.000000 0.000000 0.000000 1.000000</matrix>
			</node>
			<node id="Plastic_Barrier" name="Plastic_Barrier">
				<matrix>1.000000 0.000000 0.000000 0.000000 0.000000 1.000000 0.000000 0.000000 0.000000 0.000000 1.000000 0.000000 0.000000 0.000000 0.000000 1.000000</matrix>
				<instance_geometry url="#meshId3">
					<bind_material>
						<technique_common>
							<instance_material symbol="defaultMaterial" target="#standardSurface9SG" />
						</technique_common>
					</bind_material>
				</instance_geometry>
			</node>
			<node id="default" name="default">
				<matrix>1.000000 0.000000 0.000000 0.000000 0.000000 1.000000 0.000000 0.000000 0.000000 0.000000 1.000000 0.000000 0.000000 0.000000 0.000000 1.000000</matrix>
			</node>
			<node id="Construction_Cone" name="Construction_Cone">
				<matrix>1.000000 0.000000 0.000000 0.000000 0.000000 1.000000 0.000000 0.000000 0.000000 0.000000 1.000000 0.000000 0.000000 0.000000 0.000000 1.000000</matrix>
				<instance_geometry url="#meshId4">
					<bind_material>
						<technique_common>
							<instance_material symbol="defaultMaterial" target="#Small_Cone" />
						</technique_common>
					</bind_material>
				</instance_geometry>
			</node>
			<node id="default" name="default">
				<matrix>1.000000 0.000000 0.000000 0.000000 0.000000 1.000000 0.000000 0.000000 0.000000 0.000000 1.000000 0.000000 0.000000 0.000000 0.000000 1.000000</matrix>
			</node>
			<node id="Electric_Sign" name="Electric_Sign">
				<matrix>1.000000 0.000000 0.000000 0.000000 0.000000 1.000000 0.000000 0.000000 0.000000 0.000000 1.000000 0.000000 0.000000 0.000000 0.000000 1.000000</matrix>
				<instance_geometry url="#meshId5">
					<bind_material>
						<technique_common>
							<instance_material symbol="defaultMaterial" target="#Metal_Sign" />
						</technique_common>
					</bind_material>
				</instance_geometry>
			</node>
			<node id="default" name="default">
				<matrix>1.000000 0.000000 0.000000 0.000000 0.000000 1.000000 0.000000 0.000000 0.000000 0.000000 1.000000 0.000000 0.000000 0.000000 0.000000 1.000000</matrix>
			</node>
			<node id="Wooden_Sign" name="Wooden_Sign">
				<matrix>1.000000 0.000000 0.000000 0.000000 0.000000 1.000000 0.000000 0.000000 0.000000 0.000000 1.000000 0.000000 0.000000 0.000000 0.000000 1.000000</matrix>
				<instance_geometry url="#meshId6">
					<bind_material>
						<technique_common>
							<instance_material symbol="defaultMaterial" target="#WoodenSign" />
						</technique_common>
					</bind_material>
				</instance_geometry>
			</node>
		</visual_scene>
	</library_visual_scenes>
	<scene>
		<instance_visual_scene url="#construction.obj" />
	</scene>
</COLLADA>
